solid CATIA STL
  facet normal  -0.000000e+000 -1.000000e+000  -0.000000e+000
    outer loop
      vertex  6.694265e+002 -6.499231e+003  5.953307e+001
      vertex  6.613816e+002 -6.499231e+003  5.965794e+001
      vertex  6.533351e+002 -6.499231e+003  5.973037e+001
    endloop
  endfacet
  facet normal  0.000000e+000 -1.000000e+000  0.000000e+000
    outer loop
      vertex  3.968680e+002 -6.499231e+003  9.605700e+000
      vertex  3.961161e+002 -6.499231e+003  8.461583e+000
      vertex  1.142342e+003 -6.499231e+003  1.273848e+000
    endloop
  endfacet
  facet normal  0.000000e+000 -1.000000e+000  0.000000e+000
    outer loop
      vertex  3.948932e+002 -6.499231e+003  6.101805e+000
      vertex  3.944429e+002 -6.499231e+003  4.894814e+000
      vertex  1.162008e+003 -6.499231e+003 -2.841952e+000
    endloop
  endfacet
  facet normal  0.000000e+000 -1.000000e+000  0.000000e+000
    outer loop
      vertex  4.009292e+002 -6.499231e+003 -1.110737e+001
      vertex  4.021628e+002 -6.499231e+003 -1.207516e+001
      vertex  1.023966e+003 -6.499231e+003 -1.830578e+001
    endloop
  endfacet
  facet normal  0.000000e+000 -1.000000e+000  0.000000e+000
    outer loop
      vertex  4.175920e+002 -6.499231e+003 -1.961271e+001
      vertex  4.218999e+002 -6.499231e+003 -2.101394e+001
      vertex  8.925897e+002 -6.499231e+003 -2.526057e+001
    endloop
  endfacet
  facet normal  0.000000e+000 -1.000000e+000  0.000000e+000
    outer loop
      vertex  5.806450e+002 -6.499231e+003 -3.527132e+001
      vertex  5.609533e+002 -6.499231e+003 -3.511377e+001
      vertex  5.708018e+002 -6.499231e+003 -3.522097e+001
    endloop
  endfacet
  facet normal  -0.000000e+000 -1.000000e+000  -0.000000e+000
    outer loop
      vertex  1.181647e+003 -6.499231e+003 -7.087966e+000
      vertex  1.162008e+003 -6.499231e+003 -2.841952e+000
      vertex  3.944429e+002 -6.499231e+003  4.894814e+000
    endloop
  endfacet
  facet normal  0.000000e+000 -1.000000e+000  -0.000000e+000
    outer loop
      vertex  1.181647e+003 -6.499231e+003 -7.087966e+000
      vertex  3.944429e+002 -6.499231e+003  4.894814e+000
      vertex  3.942085e+002 -6.499231e+003  4.083302e+000
    endloop
  endfacet
  facet normal  0.000000e+000 -1.000000e+000  -0.000000e+000
    outer loop
      vertex  1.181647e+003 -6.499231e+003 -7.087966e+000
      vertex  3.942085e+002 -6.499231e+003  4.083302e+000
      vertex  3.940293e+002 -6.499231e+003  3.268026e+000
    endloop
  endfacet
  facet normal  0.000000e+000 -1.000000e+000  -0.000000e+000
    outer loop
      vertex  1.181647e+003 -6.499231e+003 -7.087966e+000
      vertex  3.940293e+002 -6.499231e+003  3.268026e+000
      vertex  3.939070e+002 -6.499231e+003  2.450500e+000
    endloop
  endfacet
  facet normal  0.000000e+000 -1.000000e+000  -0.000000e+000
    outer loop
      vertex  1.181647e+003 -6.499231e+003 -7.087966e+000
      vertex  3.939070e+002 -6.499231e+003  2.450500e+000
      vertex  3.938429e+002 -6.499231e+003  1.632270e+000
    endloop
  endfacet
  facet normal  0.000000e+000 -1.000000e+000  -0.000000e+000
    outer loop
      vertex  1.181647e+003 -6.499231e+003 -7.087966e+000
      vertex  3.938429e+002 -6.499231e+003  1.632270e+000
      vertex  3.938381e+002 -6.499231e+003  8.149067e-001
    endloop
  endfacet
  facet normal  0.000000e+000 -1.000000e+000  0.000000e+000
    outer loop
      vertex  1.181647e+003 -6.499231e+003 -7.087966e+000
      vertex  3.938381e+002 -6.499231e+003  8.149067e-001
      vertex  3.938928e+002 -6.499231e+003  1.118470e-014
    endloop
  endfacet
  facet normal  0.000000e+000 -9.999999e-001  0.000000e+000
    outer loop
      vertex  1.181647e+003 -6.499231e+003 -7.087966e+000
      vertex  3.938928e+002 -6.499231e+003  1.118470e-014
      vertex  1.181626e+003 -6.499231e+003 -9.136100e+000
    endloop
  endfacet
  facet normal  -0.000000e+000 -1.000000e+000  0.000000e+000
    outer loop
      vertex  1.050243e+003 -6.499231e+003 -1.680541e+001
      vertex  1.102796e+003 -6.499231e+003 -1.376033e+001
      vertex  3.965527e+002 -6.499231e+003 -6.535686e+000
    endloop
  endfacet
  facet normal  0.000000e+000 -1.000000e+000  0.000000e+000
    outer loop
      vertex  1.050243e+003 -6.499231e+003 -1.680541e+001
      vertex  3.965527e+002 -6.499231e+003 -6.535686e+000
      vertex  3.974260e+002 -6.499231e+003 -7.662547e+000
    endloop
  endfacet
  facet normal  0.000000e+000 -1.000000e+000  0.000000e+000
    outer loop
      vertex  1.050243e+003 -6.499231e+003 -1.680541e+001
      vertex  3.974260e+002 -6.499231e+003 -7.662547e+000
      vertex  3.985372e+002 -6.499231e+003 -8.902335e+000
    endloop
  endfacet
  facet normal  0.000000e+000 -1.000000e+000  0.000000e+000
    outer loop
      vertex  1.050243e+003 -6.499231e+003 -1.680541e+001
      vertex  3.985372e+002 -6.499231e+003 -8.902335e+000
      vertex  3.997406e+002 -6.499231e+003 -1.007539e+001
    endloop
  endfacet
  facet normal  0.000000e+000 -9.999999e-001  0.000000e+000
    outer loop
      vertex  1.050243e+003 -6.499231e+003 -1.680541e+001
      vertex  3.997406e+002 -6.499231e+003 -1.007539e+001
      vertex  4.009292e+002 -6.499231e+003 -1.110737e+001
    endloop
  endfacet
  facet normal  0.000000e+000 -1.000000e+000  0.000000e+000
    outer loop
      vertex  1.050243e+003 -6.499231e+003 -1.680541e+001
      vertex  4.009292e+002 -6.499231e+003 -1.110737e+001
      vertex  1.023966e+003 -6.499231e+003 -1.830578e+001
    endloop
  endfacet
  facet normal  -0.000000e+000 -1.000000e+000  0.000000e+000
    outer loop
      vertex  9.801764e+002 -6.499231e+003 -2.069772e+001
      vertex  1.023966e+003 -6.499231e+003 -1.830578e+001
      vertex  4.021628e+002 -6.499231e+003 -1.207516e+001
    endloop
  endfacet
  facet normal  0.000000e+000 -1.000000e+000  0.000000e+000
    outer loop
      vertex  9.801764e+002 -6.499231e+003 -2.069772e+001
      vertex  4.021628e+002 -6.499231e+003 -1.207516e+001
      vertex  4.036057e+002 -6.499231e+003 -1.309917e+001
    endloop
  endfacet
  facet normal  0.000000e+000 -9.999999e-001  0.000000e+000
    outer loop
      vertex  9.801764e+002 -6.499231e+003 -2.069772e+001
      vertex  4.036057e+002 -6.499231e+003 -1.309917e+001
      vertex  4.047438e+002 -6.499231e+003 -1.383777e+001
    endloop
  endfacet
  facet normal  0.000000e+000 -1.000000e+000  0.000000e+000
    outer loop
      vertex  9.801764e+002 -6.499231e+003 -2.069772e+001
      vertex  4.047438e+002 -6.499231e+003 -1.383777e+001
      vertex  4.058902e+002 -6.499231e+003 -1.452837e+001
    endloop
  endfacet
  facet normal  0.000000e+000 -1.000000e+000  0.000000e+000
    outer loop
      vertex  9.801764e+002 -6.499231e+003 -2.069772e+001
      vertex  4.058902e+002 -6.499231e+003 -1.452837e+001
      vertex  4.081956e+002 -6.499231e+003 -1.577775e+001
    endloop
  endfacet
  facet normal  0.000000e+000 -1.000000e+000  0.000000e+000
    outer loop
      vertex  9.801764e+002 -6.499231e+003 -2.069772e+001
      vertex  4.081956e+002 -6.499231e+003 -1.577775e+001
      vertex  9.451398e+002 -6.499231e+003 -2.253614e+001
    endloop
  endfacet
  facet normal  0.000000e+000 -1.000000e+000  0.000000e+000
    outer loop
      vertex  6.308551e+002 -6.499231e+003  5.964060e+001
      vertex  6.855107e+002 -6.499231e+003  5.913445e+001
      vertex  6.372391e+002 -6.499231e+003  5.971091e+001
    endloop
  endfacet
  facet normal  0.000000e+000 -9.999999e-001  0.000000e+000
    outer loop
      vertex  6.372391e+002 -6.499231e+003  5.971091e+001
      vertex  6.855107e+002 -6.499231e+003  5.913445e+001
      vertex  6.774695e+002 -6.499231e+003  5.935783e+001
    endloop
  endfacet
  facet normal  0.000000e+000 -1.000000e+000  0.000000e+000
    outer loop
      vertex  6.372391e+002 -6.499231e+003  5.971091e+001
      vertex  6.774695e+002 -6.499231e+003  5.935783e+001
      vertex  6.452874e+002 -6.499231e+003  5.974854e+001
    endloop
  endfacet
  facet normal  0.000000e+000 -1.000000e+000  0.000000e+000
    outer loop
      vertex  6.452874e+002 -6.499231e+003  5.974854e+001
      vertex  6.774695e+002 -6.499231e+003  5.935783e+001
      vertex  6.694265e+002 -6.499231e+003  5.953307e+001
    endloop
  endfacet
  facet normal  0.000000e+000 -1.000000e+000  0.000000e+000
    outer loop
      vertex  6.452874e+002 -6.499231e+003  5.974854e+001
      vertex  6.694265e+002 -6.499231e+003  5.953307e+001
      vertex  6.533351e+002 -6.499231e+003  5.973037e+001
    endloop
  endfacet
  facet normal  0.000000e+000 -1.000000e+000  0.000000e+000
    outer loop
      vertex  6.855107e+002 -6.499231e+003  5.913445e+001
      vertex  6.308551e+002 -6.499231e+003  5.964060e+001
      vertex  6.975688e+002 -6.499231e+003  5.871428e+001
    endloop
  endfacet
  facet normal  0.000000e+000 -1.000000e+000  0.000000e+000
    outer loop
      vertex  6.975688e+002 -6.499231e+003  5.871428e+001
      vertex  6.308551e+002 -6.499231e+003  5.964060e+001
      vertex  6.209962e+002 -6.499231e+003  5.946070e+001
    endloop
  endfacet
  facet normal  0.000000e+000 -1.000000e+000  0.000000e+000
    outer loop
      vertex  6.975688e+002 -6.499231e+003  5.871428e+001
      vertex  6.209962e+002 -6.499231e+003  5.946070e+001
      vertex  7.096230e+002 -6.499231e+003  5.819920e+001
    endloop
  endfacet
  facet normal  0.000000e+000 -1.000000e+000  0.000000e+000
    outer loop
      vertex  7.096230e+002 -6.499231e+003  5.819920e+001
      vertex  6.209962e+002 -6.499231e+003  5.946070e+001
      vertex  6.111412e+002 -6.499231e+003  5.919351e+001
    endloop
  endfacet
  facet normal  0.000000e+000 -1.000000e+000  0.000000e+000
    outer loop
      vertex  7.096230e+002 -6.499231e+003  5.819920e+001
      vertex  6.111412e+002 -6.499231e+003  5.919351e+001
      vertex  7.189626e+002 -6.499231e+003  5.773977e+001
    endloop
  endfacet
  facet normal  0.000000e+000 -1.000000e+000  0.000000e+000
    outer loop
      vertex  7.189626e+002 -6.499231e+003  5.773977e+001
      vertex  6.111412e+002 -6.499231e+003  5.919351e+001
      vertex  6.012924e+002 -6.499231e+003  5.883803e+001
    endloop
  endfacet
  facet normal  0.000000e+000 -1.000000e+000  0.000000e+000
    outer loop
      vertex  7.189626e+002 -6.499231e+003  5.773977e+001
      vertex  6.012924e+002 -6.499231e+003  5.883803e+001
      vertex  7.283002e+002 -6.499231e+003  5.723151e+001
    endloop
  endfacet
  facet normal  0.000000e+000 -1.000000e+000  0.000000e+000
    outer loop
      vertex  7.283002e+002 -6.499231e+003  5.723151e+001
      vertex  6.012924e+002 -6.499231e+003  5.883803e+001
      vertex  5.914509e+002 -6.499231e+003  5.839194e+001
    endloop
  endfacet
  facet normal  0.000000e+000 -1.000000e+000  0.000000e+000
    outer loop
      vertex  7.283002e+002 -6.499231e+003  5.723151e+001
      vertex  5.914509e+002 -6.499231e+003  5.839194e+001
      vertex  7.376356e+002 -6.499231e+003  5.667761e+001
    endloop
  endfacet
  facet normal  0.000000e+000 -1.000000e+000  0.000000e+000
    outer loop
      vertex  7.376356e+002 -6.499231e+003  5.667761e+001
      vertex  5.914509e+002 -6.499231e+003  5.839194e+001
      vertex  7.469689e+002 -6.499231e+003  5.608096e+001
    endloop
  endfacet
  facet normal  0.000000e+000 -1.000000e+000  0.000000e+000
    outer loop
      vertex  7.469689e+002 -6.499231e+003  5.608096e+001
      vertex  5.914509e+002 -6.499231e+003  5.839194e+001
      vertex  5.820227e+002 -6.499231e+003  5.787484e+001
    endloop
  endfacet
  facet normal  0.000000e+000 -1.000000e+000  0.000000e+000
    outer loop
      vertex  7.469689e+002 -6.499231e+003  5.608096e+001
      vertex  5.820227e+002 -6.499231e+003  5.787484e+001
      vertex  7.573193e+002 -6.499231e+003  5.537220e+001
    endloop
  endfacet
  facet normal  0.000000e+000 -1.000000e+000  0.000000e+000
    outer loop
      vertex  7.573193e+002 -6.499231e+003  5.537220e+001
      vertex  5.820227e+002 -6.499231e+003  5.787484e+001
      vertex  5.725984e+002 -6.499231e+003  5.726351e+001
    endloop
  endfacet
  facet normal  0.000000e+000 -1.000000e+000  0.000000e+000
    outer loop
      vertex  7.573193e+002 -6.499231e+003  5.537220e+001
      vertex  5.725984e+002 -6.499231e+003  5.726351e+001
      vertex  7.676667e+002 -6.499231e+003  5.461700e+001
    endloop
  endfacet
  facet normal  0.000000e+000 -1.000000e+000  0.000000e+000
    outer loop
      vertex  7.676667e+002 -6.499231e+003  5.461700e+001
      vertex  5.725984e+002 -6.499231e+003  5.726351e+001
      vertex  5.631754e+002 -6.499231e+003  5.655050e+001
    endloop
  endfacet
  facet normal  0.000000e+000 -1.000000e+000  0.000000e+000
    outer loop
      vertex  7.676667e+002 -6.499231e+003  5.461700e+001
      vertex  5.631754e+002 -6.499231e+003  5.655050e+001
      vertex  7.780110e+002 -6.499231e+003  5.381784e+001
    endloop
  endfacet
  facet normal  0.000000e+000 -1.000000e+000  0.000000e+000
    outer loop
      vertex  7.780110e+002 -6.499231e+003  5.381784e+001
      vertex  5.631754e+002 -6.499231e+003  5.655050e+001
      vertex  5.520305e+002 -6.499231e+003  5.556779e+001
    endloop
  endfacet
  facet normal  0.000000e+000 -1.000000e+000  0.000000e+000
    outer loop
      vertex  7.780110e+002 -6.499231e+003  5.381784e+001
      vertex  5.520305e+002 -6.499231e+003  5.556779e+001
      vertex  7.883520e+002 -6.499231e+003  5.297663e+001
    endloop
  endfacet
  facet normal  0.000000e+000 -1.000000e+000  0.000000e+000
    outer loop
      vertex  7.883520e+002 -6.499231e+003  5.297663e+001
      vertex  5.520305e+002 -6.499231e+003  5.556779e+001
      vertex  8.011296e+002 -6.499231e+003  5.188051e+001
    endloop
  endfacet
  facet normal  0.000000e+000 -1.000000e+000  0.000000e+000
    outer loop
      vertex  8.011296e+002 -6.499231e+003  5.188051e+001
      vertex  5.520305e+002 -6.499231e+003  5.556779e+001
      vertex  5.454317e+002 -6.499231e+003  5.491301e+001
    endloop
  endfacet
  facet normal  0.000000e+000 -1.000000e+000  -0.000000e+000
    outer loop
      vertex  8.011296e+002 -6.499231e+003  5.188051e+001
      vertex  5.454317e+002 -6.499231e+003  5.491301e+001
      vertex  5.388386e+002 -6.499231e+003  5.420501e+001
    endloop
  endfacet
  facet normal  0.000000e+000 -1.000000e+000  0.000000e+000
    outer loop
      vertex  8.011296e+002 -6.499231e+003  5.188051e+001
      vertex  5.388386e+002 -6.499231e+003  5.420501e+001
      vertex  8.139014e+002 -6.499231e+003  5.072316e+001
    endloop
  endfacet
  facet normal  0.000000e+000 -1.000000e+000  0.000000e+000
    outer loop
      vertex  8.139014e+002 -6.499231e+003  5.072316e+001
      vertex  5.388386e+002 -6.499231e+003  5.420501e+001
      vertex  5.322548e+002 -6.499231e+003  5.344514e+001
    endloop
  endfacet
  facet normal  0.000000e+000 -1.000000e+000  0.000000e+000
    outer loop
      vertex  8.139014e+002 -6.499231e+003  5.072316e+001
      vertex  5.322548e+002 -6.499231e+003  5.344514e+001
      vertex  8.266670e+002 -6.499231e+003  4.950462e+001
    endloop
  endfacet
  facet normal  0.000000e+000 -1.000000e+000  0.000000e+000
    outer loop
      vertex  8.266670e+002 -6.499231e+003  4.950462e+001
      vertex  5.322548e+002 -6.499231e+003  5.344514e+001
      vertex  5.256841e+002 -6.499231e+003  5.263420e+001
    endloop
  endfacet
  facet normal  0.000000e+000 -1.000000e+000  0.000000e+000
    outer loop
      vertex  8.266670e+002 -6.499231e+003  4.950462e+001
      vertex  5.256841e+002 -6.499231e+003  5.263420e+001
      vertex  8.394261e+002 -6.499231e+003  4.822425e+001
    endloop
  endfacet
  facet normal  0.000000e+000 -1.000000e+000  0.000000e+000
    outer loop
      vertex  8.394261e+002 -6.499231e+003  4.822425e+001
      vertex  5.256841e+002 -6.499231e+003  5.263420e+001
      vertex  5.191290e+002 -6.499231e+003  5.177134e+001
    endloop
  endfacet
  facet normal  0.000000e+000 -1.000000e+000  0.000000e+000
    outer loop
      vertex  8.394261e+002 -6.499231e+003  4.822425e+001
      vertex  5.191290e+002 -6.499231e+003  5.177134e+001
      vertex  8.521785e+002 -6.499231e+003  4.688118e+001
    endloop
  endfacet
  facet normal  0.000000e+000 -1.000000e+000  0.000000e+000
    outer loop
      vertex  8.521785e+002 -6.499231e+003  4.688118e+001
      vertex  5.191290e+002 -6.499231e+003  5.177134e+001
      vertex  5.125905e+002 -6.499231e+003  5.085306e+001
    endloop
  endfacet
  facet normal  0.000000e+000 -9.999999e-001  -0.000000e+000
    outer loop
      vertex  8.521785e+002 -6.499231e+003  4.688118e+001
      vertex  5.125905e+002 -6.499231e+003  5.085306e+001
      vertex  5.086467e+002 -6.499231e+003  5.026841e+001
    endloop
  endfacet
  facet normal  0.000000e+000 -1.000000e+000  0.000000e+000
    outer loop
      vertex  8.521785e+002 -6.499231e+003  4.688118e+001
      vertex  5.086467e+002 -6.499231e+003  5.026841e+001
      vertex  8.649240e+002 -6.499231e+003  4.547472e+001
    endloop
  endfacet
  facet normal  0.000000e+000 -1.000000e+000  0.000000e+000
    outer loop
      vertex  8.649240e+002 -6.499231e+003  4.547472e+001
      vertex  5.086467e+002 -6.499231e+003  5.026841e+001
      vertex  5.017670e+002 -6.499231e+003  4.918518e+001
    endloop
  endfacet
  facet normal  0.000000e+000 -1.000000e+000  0.000000e+000
    outer loop
      vertex  8.649240e+002 -6.499231e+003  4.547472e+001
      vertex  5.017670e+002 -6.499231e+003  4.918518e+001
      vertex  8.801872e+002 -6.499231e+003  4.370590e+001
    endloop
  endfacet
  facet normal  0.000000e+000 -1.000000e+000  0.000000e+000
    outer loop
      vertex  8.801872e+002 -6.499231e+003  4.370590e+001
      vertex  5.017670e+002 -6.499231e+003  4.918518e+001
      vertex  4.948947e+002 -6.499231e+003  4.801035e+001
    endloop
  endfacet
  facet normal  0.000000e+000 -1.000000e+000  0.000000e+000
    outer loop
      vertex  8.801872e+002 -6.499231e+003  4.370590e+001
      vertex  4.948947e+002 -6.499231e+003  4.801035e+001
      vertex  8.933118e+002 -6.499231e+003  4.211234e+001
    endloop
  endfacet
  facet normal  0.000000e+000 -1.000000e+000  0.000000e+000
    outer loop
      vertex  8.933118e+002 -6.499231e+003  4.211234e+001
      vertex  4.948947e+002 -6.499231e+003  4.801035e+001
      vertex  4.880246e+002 -6.499231e+003  4.672911e+001
    endloop
  endfacet
  facet normal  0.000000e+000 -1.000000e+000  0.000000e+000
    outer loop
      vertex  8.933118e+002 -6.499231e+003  4.211234e+001
      vertex  4.880246e+002 -6.499231e+003  4.672911e+001
      vertex  9.064288e+002 -6.499231e+003  4.045473e+001
    endloop
  endfacet
  facet normal  0.000000e+000 -1.000000e+000  0.000000e+000
    outer loop
      vertex  9.064288e+002 -6.499231e+003  4.045473e+001
      vertex  4.880246e+002 -6.499231e+003  4.672911e+001
      vertex  4.811554e+002 -6.499231e+003  4.533032e+001
    endloop
  endfacet
  facet normal  0.000000e+000 -1.000000e+000  0.000000e+000
    outer loop
      vertex  9.064288e+002 -6.499231e+003  4.045473e+001
      vertex  4.811554e+002 -6.499231e+003  4.533032e+001
      vertex  9.195381e+002 -6.499231e+003  3.873585e+001
    endloop
  endfacet
  facet normal  0.000000e+000 -1.000000e+000  0.000000e+000
    outer loop
      vertex  9.195381e+002 -6.499231e+003  3.873585e+001
      vertex  4.811554e+002 -6.499231e+003  4.533032e+001
      vertex  4.731239e+002 -6.499231e+003  4.353877e+001
    endloop
  endfacet
  facet normal  0.000000e+000 -9.999999e-001  0.000000e+000
    outer loop
      vertex  9.195381e+002 -6.499231e+003  3.873585e+001
      vertex  4.731239e+002 -6.499231e+003  4.353877e+001
      vertex  9.326396e+002 -6.499231e+003  3.695880e+001
    endloop
  endfacet
  facet normal  0.000000e+000 -1.000000e+000  0.000000e+000
    outer loop
      vertex  9.326396e+002 -6.499231e+003  3.695880e+001
      vertex  4.731239e+002 -6.499231e+003  4.353877e+001
      vertex  4.681385e+002 -6.499231e+003  4.234389e+001
    endloop
  endfacet
  facet normal  0.000000e+000 -1.000000e+000  0.000000e+000
    outer loop
      vertex  9.326396e+002 -6.499231e+003  3.695880e+001
      vertex  4.681385e+002 -6.499231e+003  4.234389e+001
      vertex  9.457336e+002 -6.499231e+003  3.512671e+001
    endloop
  endfacet
  facet normal  0.000000e+000 -9.999999e-001  0.000000e+000
    outer loop
      vertex  9.457336e+002 -6.499231e+003  3.512671e+001
      vertex  4.681385e+002 -6.499231e+003  4.234389e+001
      vertex  4.631800e+002 -6.499231e+003  4.109670e+001
    endloop
  endfacet
  facet normal  0.000000e+000 -1.000000e+000  -0.000000e+000
    outer loop
      vertex  9.457336e+002 -6.499231e+003  3.512671e+001
      vertex  4.631800e+002 -6.499231e+003  4.109670e+001
      vertex  4.582580e+002 -6.499231e+003  3.980339e+001
    endloop
  endfacet
  facet normal  0.000000e+000 -1.000000e+000  0.000000e+000
    outer loop
      vertex  9.457336e+002 -6.499231e+003  3.512671e+001
      vertex  4.582580e+002 -6.499231e+003  3.980339e+001
      vertex  9.586392e+002 -6.499231e+003  3.326875e+001
    endloop
  endfacet
  facet normal  0.000000e+000 -1.000000e+000  0.000000e+000
    outer loop
      vertex  9.586392e+002 -6.499231e+003  3.326875e+001
      vertex  4.582580e+002 -6.499231e+003  3.980339e+001
      vertex  4.533759e+002 -6.499231e+003  3.846369e+001
    endloop
  endfacet
  facet normal  0.000000e+000 -1.000000e+000  0.000000e+000
    outer loop
      vertex  9.586392e+002 -6.499231e+003  3.326875e+001
      vertex  4.533759e+002 -6.499231e+003  3.846369e+001
      vertex  9.715375e+002 -6.499231e+003  3.136213e+001
    endloop
  endfacet
  facet normal  0.000000e+000 -1.000000e+000  0.000000e+000
    outer loop
      vertex  9.715375e+002 -6.499231e+003  3.136213e+001
      vertex  4.533759e+002 -6.499231e+003  3.846369e+001
      vertex  4.492210e+002 -6.499231e+003  3.727095e+001
    endloop
  endfacet
  facet normal  0.000000e+000 -1.000000e+000  0.000000e+000
    outer loop
      vertex  9.715375e+002 -6.499231e+003  3.136213e+001
      vertex  4.492210e+002 -6.499231e+003  3.727095e+001
      vertex  9.847626e+002 -6.499231e+003  2.935718e+001
    endloop
  endfacet
  facet normal  0.000000e+000 -1.000000e+000  0.000000e+000
    outer loop
      vertex  9.847626e+002 -6.499231e+003  2.935718e+001
      vertex  4.492210e+002 -6.499231e+003  3.727095e+001
      vertex  4.450760e+002 -6.499231e+003  3.602011e+001
    endloop
  endfacet
  facet normal  0.000000e+000 -1.000000e+000  -0.000000e+000
    outer loop
      vertex  9.847626e+002 -6.499231e+003  2.935718e+001
      vertex  4.450760e+002 -6.499231e+003  3.602011e+001
      vertex  4.409263e+002 -6.499231e+003  3.469206e+001
    endloop
  endfacet
  facet normal  0.000000e+000 -1.000000e+000  0.000000e+000
    outer loop
      vertex  9.847626e+002 -6.499231e+003  2.935718e+001
      vertex  4.409263e+002 -6.499231e+003  3.469206e+001
      vertex  9.979800e+002 -6.499231e+003  2.730361e+001
    endloop
  endfacet
  facet normal  0.000000e+000 -9.999999e-001  0.000000e+000
    outer loop
      vertex  9.979800e+002 -6.499231e+003  2.730361e+001
      vertex  4.409263e+002 -6.499231e+003  3.469206e+001
      vertex  4.367627e+002 -6.499231e+003  3.326971e+001
    endloop
  endfacet
  facet normal  0.000000e+000 -1.000000e+000  0.000000e+000
    outer loop
      vertex  9.979800e+002 -6.499231e+003  2.730361e+001
      vertex  4.367627e+002 -6.499231e+003  3.326971e+001
      vertex  1.011190e+003 -6.499231e+003  2.520164e+001
    endloop
  endfacet
  facet normal  0.000000e+000 -1.000000e+000  0.000000e+000
    outer loop
      vertex  1.011190e+003 -6.499231e+003  2.520164e+001
      vertex  4.367627e+002 -6.499231e+003  3.326971e+001
      vertex  4.336150e+002 -6.499231e+003  3.212822e+001
    endloop
  endfacet
  facet normal  0.000000e+000 -1.000000e+000  -0.000000e+000
    outer loop
      vertex  1.011190e+003 -6.499231e+003  2.520164e+001
      vertex  4.336150e+002 -6.499231e+003  3.212822e+001
      vertex  4.301711e+002 -6.499231e+003  3.081032e+001
    endloop
  endfacet
  facet normal  0.000000e+000 -1.000000e+000  0.000000e+000
    outer loop
      vertex  1.011190e+003 -6.499231e+003  2.520164e+001
      vertex  4.301711e+002 -6.499231e+003  3.081032e+001
      vertex  1.024392e+003 -6.499231e+003  2.305077e+001
    endloop
  endfacet
  facet normal  0.000000e+000 -9.999999e-001  0.000000e+000
    outer loop
      vertex  1.024392e+003 -6.499231e+003  2.305077e+001
      vertex  4.301711e+002 -6.499231e+003  3.081032e+001
      vertex  4.267545e+002 -6.499231e+003  2.942900e+001
    endloop
  endfacet
  facet normal  0.000000e+000 -1.000000e+000  0.000000e+000
    outer loop
      vertex  1.024392e+003 -6.499231e+003  2.305077e+001
      vertex  4.267545e+002 -6.499231e+003  2.942900e+001
      vertex  1.039163e+003 -6.499231e+003  2.058304e+001
    endloop
  endfacet
  facet normal  0.000000e+000 -9.999999e-001  0.000000e+000
    outer loop
      vertex  1.039163e+003 -6.499231e+003  2.058304e+001
      vertex  4.267545e+002 -6.499231e+003  2.942900e+001
      vertex  4.233926e+002 -6.499231e+003  2.799316e+001
    endloop
  endfacet
  facet normal  0.000000e+000 -1.000000e+000  -0.000000e+000
    outer loop
      vertex  1.039163e+003 -6.499231e+003  2.058304e+001
      vertex  4.233926e+002 -6.499231e+003  2.799316e+001
      vertex  4.201104e+002 -6.499231e+003  2.650768e+001
    endloop
  endfacet
  facet normal  0.000000e+000 -1.000000e+000  0.000000e+000
    outer loop
      vertex  1.039163e+003 -6.499231e+003  2.058304e+001
      vertex  4.201104e+002 -6.499231e+003  2.650768e+001
      vertex  1.053922e+003 -6.499231e+003  1.804945e+001
    endloop
  endfacet
  facet normal  0.000000e+000 -1.000000e+000  0.000000e+000
    outer loop
      vertex  1.053922e+003 -6.499231e+003  1.804945e+001
      vertex  4.201104e+002 -6.499231e+003  2.650768e+001
      vertex  4.169232e+002 -6.499231e+003  2.496735e+001
    endloop
  endfacet
  facet normal  0.000000e+000 -1.000000e+000  0.000000e+000
    outer loop
      vertex  1.053922e+003 -6.499231e+003  1.804945e+001
      vertex  4.169232e+002 -6.499231e+003  2.496735e+001
      vertex  1.068670e+003 -6.499231e+003  1.544646e+001
    endloop
  endfacet
  facet normal  0.000000e+000 -1.000000e+000  0.000000e+000
    outer loop
      vertex  1.068670e+003 -6.499231e+003  1.544646e+001
      vertex  4.169232e+002 -6.499231e+003  2.496735e+001
      vertex  4.138289e+002 -6.499231e+003  2.335074e+001
    endloop
  endfacet
  facet normal  0.000000e+000 -1.000000e+000  -0.000000e+000
    outer loop
      vertex  1.068670e+003 -6.499231e+003  1.544646e+001
      vertex  4.138289e+002 -6.499231e+003  2.335074e+001
      vertex  4.112332e+002 -6.499231e+003  2.187309e+001
    endloop
  endfacet
  facet normal  0.000000e+000 -1.000000e+000  0.000000e+000
    outer loop
      vertex  1.068670e+003 -6.499231e+003  1.544646e+001
      vertex  4.112332e+002 -6.499231e+003  2.187309e+001
      vertex  1.083404e+003 -6.499231e+003  1.277058e+001
    endloop
  endfacet
  facet normal  0.000000e+000 -1.000000e+000  0.000000e+000
    outer loop
      vertex  1.083404e+003 -6.499231e+003  1.277058e+001
      vertex  4.112332e+002 -6.499231e+003  2.187309e+001
      vertex  4.086579e+002 -6.499231e+003  2.026746e+001
    endloop
  endfacet
  facet normal  0.000000e+000 -1.000000e+000  0.000000e+000
    outer loop
      vertex  1.083404e+003 -6.499231e+003  1.277058e+001
      vertex  4.086579e+002 -6.499231e+003  2.026746e+001
      vertex  1.103031e+003 -6.499231e+003  9.084241e+000
    endloop
  endfacet
  facet normal  0.000000e+000 -1.000000e+000  0.000000e+000
    outer loop
      vertex  1.103031e+003 -6.499231e+003  9.084241e+000
      vertex  4.086579e+002 -6.499231e+003  2.026746e+001
      vertex  4.062866e+002 -6.499231e+003  1.863934e+001
    endloop
  endfacet
  facet normal  0.000000e+000 -1.000000e+000  -0.000000e+000
    outer loop
      vertex  1.103031e+003 -6.499231e+003  9.084241e+000
      vertex  4.062866e+002 -6.499231e+003  1.863934e+001
      vertex  4.039140e+002 -6.499231e+003  1.683509e+001
    endloop
  endfacet
  facet normal  0.000000e+000 -1.000000e+000  0.000000e+000
    outer loop
      vertex  1.103031e+003 -6.499231e+003  9.084241e+000
      vertex  4.039140e+002 -6.499231e+003  1.683509e+001
      vertex  1.122700e+003 -6.499231e+003  5.246951e+000
    endloop
  endfacet
  facet normal  0.000000e+000 -1.000000e+000  0.000000e+000
    outer loop
      vertex  1.122700e+003 -6.499231e+003  5.246951e+000
      vertex  4.039140e+002 -6.499231e+003  1.683509e+001
      vertex  4.025253e+002 -6.499231e+003  1.567901e+001
    endloop
  endfacet
  facet normal  0.000000e+000 -1.000000e+000  -0.000000e+000
    outer loop
      vertex  1.122700e+003 -6.499231e+003  5.246951e+000
      vertex  4.025253e+002 -6.499231e+003  1.567901e+001
      vertex  3.998450e+002 -6.499231e+003  1.316105e+001
    endloop
  endfacet
  facet normal  0.000000e+000 -1.000000e+000  0.000000e+000
    outer loop
      vertex  3.998450e+002 -6.499231e+003  1.316105e+001
      vertex  4.025253e+002 -6.499231e+003  1.567901e+001
      vertex  4.011625e+002 -6.499231e+003  1.445393e+001
    endloop
  endfacet
  facet normal  0.000000e+000 -1.000000e+000  0.000000e+000
    outer loop
      vertex  1.122700e+003 -6.499231e+003  5.246951e+000
      vertex  3.998450e+002 -6.499231e+003  1.316105e+001
      vertex  1.142342e+003 -6.499231e+003  1.273848e+000
    endloop
  endfacet
  facet normal  0.000000e+000 -1.000000e+000  0.000000e+000
    outer loop
      vertex  1.142342e+003 -6.499231e+003  1.273848e+000
      vertex  3.998450e+002 -6.499231e+003  1.316105e+001
      vertex  3.985955e+002 -6.499231e+003  1.180352e+001
    endloop
  endfacet
  facet normal  0.000000e+000 -1.000000e+000  -0.000000e+000
    outer loop
      vertex  1.142342e+003 -6.499231e+003  1.273848e+000
      vertex  3.985955e+002 -6.499231e+003  1.180352e+001
      vertex  3.968680e+002 -6.499231e+003  9.605700e+000
    endloop
  endfacet
  facet normal  0.000000e+000 -1.000000e+000  0.000000e+000
    outer loop
      vertex  3.968680e+002 -6.499231e+003  9.605700e+000
      vertex  3.985955e+002 -6.499231e+003  1.180352e+001
      vertex  3.976984e+002 -6.499231e+003  1.072079e+001
    endloop
  endfacet
  facet normal  0.000000e+000 -1.000000e+000  0.000000e+000
    outer loop
      vertex  1.142342e+003 -6.499231e+003  1.273848e+000
      vertex  3.961161e+002 -6.499231e+003  8.461583e+000
      vertex  1.162008e+003 -6.499231e+003 -2.841952e+000
    endloop
  endfacet
  facet normal  0.000000e+000 -1.000000e+000  0.000000e+000
    outer loop
      vertex  1.162008e+003 -6.499231e+003 -2.841952e+000
      vertex  3.961161e+002 -6.499231e+003  8.461583e+000
      vertex  3.954542e+002 -6.499231e+003  7.292229e+000
    endloop
  endfacet
  facet normal  0.000000e+000 -1.000000e+000  -0.000000e+000
    outer loop
      vertex  1.162008e+003 -6.499231e+003 -2.841952e+000
      vertex  3.954542e+002 -6.499231e+003  7.292229e+000
      vertex  3.948932e+002 -6.499231e+003  6.101805e+000
    endloop
  endfacet
  facet normal  0.000000e+000 -1.000000e+000  0.000000e+000
    outer loop
      vertex  3.945201e+002 -6.499231e+003 -2.738526e+000
      vertex  3.948741e+002 -6.499231e+003 -3.629990e+000
      vertex  3.942368e+002 -6.499231e+003 -1.834834e+000
    endloop
  endfacet
  facet normal  0.000000e+000 -9.999999e-001  0.000000e+000
    outer loop
      vertex  3.942368e+002 -6.499231e+003 -1.834834e+000
      vertex  3.948741e+002 -6.499231e+003 -3.629990e+000
      vertex  1.142210e+003 -6.499231e+003 -1.148760e+001
    endloop
  endfacet
  facet normal  0.000000e+000 -1.000000e+000  0.000000e+000
    outer loop
      vertex  3.942368e+002 -6.499231e+003 -1.834834e+000
      vertex  1.142210e+003 -6.499231e+003 -1.148760e+001
      vertex  3.940270e+002 -6.499231e+003 -9.212130e-001
    endloop
  endfacet
  facet normal  0.000000e+000 -1.000000e+000  0.000000e+000
    outer loop
      vertex  3.940270e+002 -6.499231e+003 -9.212130e-001
      vertex  1.142210e+003 -6.499231e+003 -1.148760e+001
      vertex  1.181626e+003 -6.499231e+003 -9.136100e+000
    endloop
  endfacet
  facet normal  0.000000e+000 -9.999999e-001  0.000000e+000
    outer loop
      vertex  3.940270e+002 -6.499231e+003 -9.212130e-001
      vertex  1.181626e+003 -6.499231e+003 -9.136100e+000
      vertex  3.938928e+002 -6.499231e+003  1.118470e-014
    endloop
  endfacet
  facet normal  0.000000e+000 -9.999999e-001  0.000000e+000
    outer loop
      vertex  1.142210e+003 -6.499231e+003 -1.148760e+001
      vertex  3.948741e+002 -6.499231e+003 -3.629990e+000
      vertex  1.102796e+003 -6.499231e+003 -1.376033e+001
    endloop
  endfacet
  facet normal  0.000000e+000 -1.000000e+000  0.000000e+000
    outer loop
      vertex  1.102796e+003 -6.499231e+003 -1.376033e+001
      vertex  3.948741e+002 -6.499231e+003 -3.629990e+000
      vertex  3.952955e+002 -6.499231e+003 -4.506986e+000
    endloop
  endfacet
  facet normal  0.000000e+000 -1.000000e+000  0.000000e+000
    outer loop
      vertex  1.102796e+003 -6.499231e+003 -1.376033e+001
      vertex  3.952955e+002 -6.499231e+003 -4.506986e+000
      vertex  3.965527e+002 -6.499231e+003 -6.535686e+000
    endloop
  endfacet
  facet normal  0.000000e+000 -1.000000e+000  0.000000e+000
    outer loop
      vertex  3.965527e+002 -6.499231e+003 -6.535686e+000
      vertex  3.952955e+002 -6.499231e+003 -4.506986e+000
      vertex  3.957800e+002 -6.499231e+003 -5.367355e+000
    endloop
  endfacet
  facet normal  0.000000e+000 -1.000000e+000  0.000000e+000
    outer loop
      vertex  4.154830e+002 -6.499231e+003 -1.886941e+001
      vertex  4.175920e+002 -6.499231e+003 -1.961271e+001
      vertex  4.134022e+002 -6.499231e+003 -1.808459e+001
    endloop
  endfacet
  facet normal  0.000000e+000 -1.000000e+000  0.000000e+000
    outer loop
      vertex  4.134022e+002 -6.499231e+003 -1.808459e+001
      vertex  4.175920e+002 -6.499231e+003 -1.961271e+001
      vertex  8.925897e+002 -6.499231e+003 -2.526057e+001
    endloop
  endfacet
  facet normal  0.000000e+000 -1.000000e+000  0.000000e+000
    outer loop
      vertex  4.134022e+002 -6.499231e+003 -1.808459e+001
      vertex  8.925897e+002 -6.499231e+003 -2.526057e+001
      vertex  4.107882e+002 -6.499231e+003 -1.700034e+001
    endloop
  endfacet
  facet normal  0.000000e+000 -9.999999e-001  0.000000e+000
    outer loop
      vertex  4.107882e+002 -6.499231e+003 -1.700034e+001
      vertex  8.925897e+002 -6.499231e+003 -2.526057e+001
      vertex  9.451398e+002 -6.499231e+003 -2.253614e+001
    endloop
  endfacet
  facet normal  0.000000e+000 -1.000000e+000  0.000000e+000
    outer loop
      vertex  4.107882e+002 -6.499231e+003 -1.700034e+001
      vertex  9.451398e+002 -6.499231e+003 -2.253614e+001
      vertex  4.081956e+002 -6.499231e+003 -1.577775e+001
    endloop
  endfacet
  facet normal  0.000000e+000 -1.000000e+000  0.000000e+000
    outer loop
      vertex  8.925897e+002 -6.499231e+003 -2.526057e+001
      vertex  4.218999e+002 -6.499231e+003 -2.101394e+001
      vertex  8.663151e+002 -6.499231e+003 -2.660895e+001
    endloop
  endfacet
  facet normal  0.000000e+000 -1.000000e+000  0.000000e+000
    outer loop
      vertex  8.663151e+002 -6.499231e+003 -2.660895e+001
      vertex  4.218999e+002 -6.499231e+003 -2.101394e+001
      vertex  4.263111e+002 -6.499231e+003 -2.232727e+001
    endloop
  endfacet
  facet normal  0.000000e+000 -1.000000e+000  0.000000e+000
    outer loop
      vertex  8.663151e+002 -6.499231e+003 -2.660895e+001
      vertex  4.263111e+002 -6.499231e+003 -2.232727e+001
      vertex  8.312888e+002 -6.499231e+003 -2.835492e+001
    endloop
  endfacet
  facet normal  0.000000e+000 -1.000000e+000  0.000000e+000
    outer loop
      vertex  8.312888e+002 -6.499231e+003 -2.835492e+001
      vertex  4.263111e+002 -6.499231e+003 -2.232727e+001
      vertex  4.296645e+002 -6.499231e+003 -2.325256e+001
    endloop
  endfacet
  facet normal  0.000000e+000 -1.000000e+000  0.000000e+000
    outer loop
      vertex  8.312888e+002 -6.499231e+003 -2.835492e+001
      vertex  4.296645e+002 -6.499231e+003 -2.325256e+001
      vertex  4.330358e+002 -6.499231e+003 -2.411669e+001
    endloop
  endfacet
  facet normal  0.000000e+000 -1.000000e+000  0.000000e+000
    outer loop
      vertex  8.312888e+002 -6.499231e+003 -2.835492e+001
      vertex  4.330358e+002 -6.499231e+003 -2.411669e+001
      vertex  8.137729e+002 -6.499231e+003 -2.918861e+001
    endloop
  endfacet
  facet normal  0.000000e+000 -1.000000e+000  0.000000e+000
    outer loop
      vertex  8.137729e+002 -6.499231e+003 -2.918861e+001
      vertex  4.330358e+002 -6.499231e+003 -2.411669e+001
      vertex  4.379649e+002 -6.499231e+003 -2.525423e+001
    endloop
  endfacet
  facet normal  0.000000e+000 -1.000000e+000  0.000000e+000
    outer loop
      vertex  8.137729e+002 -6.499231e+003 -2.918861e+001
      vertex  4.379649e+002 -6.499231e+003 -2.525423e+001
      vertex  7.874937e+002 -6.499231e+003 -3.036666e+001
    endloop
  endfacet
  facet normal  0.000000e+000 -1.000000e+000  0.000000e+000
    outer loop
      vertex  7.874937e+002 -6.499231e+003 -3.036666e+001
      vertex  4.379649e+002 -6.499231e+003 -2.525423e+001
      vertex  4.428798e+002 -6.499231e+003 -2.624268e+001
    endloop
  endfacet
  facet normal  0.000000e+000 -1.000000e+000  0.000000e+000
    outer loop
      vertex  7.874937e+002 -6.499231e+003 -3.036666e+001
      vertex  4.428798e+002 -6.499231e+003 -2.624268e+001
      vertex  4.477839e+002 -6.499231e+003 -2.710236e+001
    endloop
  endfacet
  facet normal  0.000000e+000 -1.000000e+000  0.000000e+000
    outer loop
      vertex  7.874937e+002 -6.499231e+003 -3.036666e+001
      vertex  4.477839e+002 -6.499231e+003 -2.710236e+001
      vertex  7.677924e+002 -6.499231e+003 -3.117900e+001
    endloop
  endfacet
  facet normal  0.000000e+000 -1.000000e+000  0.000000e+000
    outer loop
      vertex  7.677924e+002 -6.499231e+003 -3.117900e+001
      vertex  4.477839e+002 -6.499231e+003 -2.710236e+001
      vertex  4.526929e+002 -6.499231e+003 -2.786434e+001
    endloop
  endfacet
  facet normal  0.000000e+000 -1.000000e+000  0.000000e+000
    outer loop
      vertex  7.677924e+002 -6.499231e+003 -3.117900e+001
      vertex  4.526929e+002 -6.499231e+003 -2.786434e+001
      vertex  7.480889e+002 -6.499231e+003 -3.192123e+001
    endloop
  endfacet
  facet normal  0.000000e+000 -1.000000e+000  0.000000e+000
    outer loop
      vertex  7.480889e+002 -6.499231e+003 -3.192123e+001
      vertex  4.526929e+002 -6.499231e+003 -2.786434e+001
      vertex  4.602971e+002 -6.499231e+003 -2.891174e+001
    endloop
  endfacet
  facet normal  0.000000e+000 -1.000000e+000  0.000000e+000
    outer loop
      vertex  7.480889e+002 -6.499231e+003 -3.192123e+001
      vertex  4.602971e+002 -6.499231e+003 -2.891174e+001
      vertex  7.283851e+002 -6.499231e+003 -3.258821e+001
    endloop
  endfacet
  facet normal  0.000000e+000 -1.000000e+000  0.000000e+000
    outer loop
      vertex  7.283851e+002 -6.499231e+003 -3.258821e+001
      vertex  4.602971e+002 -6.499231e+003 -2.891174e+001
      vertex  4.679589e+002 -6.499231e+003 -2.985356e+001
    endloop
  endfacet
  facet normal  0.000000e+000 -1.000000e+000  0.000000e+000
    outer loop
      vertex  7.283851e+002 -6.499231e+003 -3.258821e+001
      vertex  4.679589e+002 -6.499231e+003 -2.985356e+001
      vertex  7.086820e+002 -6.499231e+003 -3.317908e+001
    endloop
  endfacet
  facet normal  0.000000e+000 -1.000000e+000  0.000000e+000
    outer loop
      vertex  7.086820e+002 -6.499231e+003 -3.317908e+001
      vertex  4.679589e+002 -6.499231e+003 -2.985356e+001
      vertex  4.723629e+002 -6.499231e+003 -3.035159e+001
    endloop
  endfacet
  facet normal  0.000000e+000 -1.000000e+000  0.000000e+000
    outer loop
      vertex  7.086820e+002 -6.499231e+003 -3.317908e+001
      vertex  4.723629e+002 -6.499231e+003 -3.035159e+001
      vertex  4.789368e+002 -6.499231e+003 -3.103783e+001
    endloop
  endfacet
  facet normal  0.000000e+000 -1.000000e+000  0.000000e+000
    outer loop
      vertex  7.086820e+002 -6.499231e+003 -3.317908e+001
      vertex  4.789368e+002 -6.499231e+003 -3.103783e+001
      vertex  6.889894e+002 -6.499231e+003 -3.369783e+001
    endloop
  endfacet
  facet normal  0.000000e+000 -9.999999e-001  0.000000e+000
    outer loop
      vertex  6.889894e+002 -6.499231e+003 -3.369783e+001
      vertex  4.789368e+002 -6.499231e+003 -3.103783e+001
      vertex  4.855071e+002 -6.499231e+003 -3.165624e+001
    endloop
  endfacet
  facet normal  0.000000e+000 -1.000000e+000  0.000000e+000
    outer loop
      vertex  6.889894e+002 -6.499231e+003 -3.369783e+001
      vertex  4.855071e+002 -6.499231e+003 -3.165624e+001
      vertex  6.692933e+002 -6.499231e+003 -3.415319e+001
    endloop
  endfacet
  facet normal  0.000000e+000 -1.000000e+000  0.000000e+000
    outer loop
      vertex  6.692933e+002 -6.499231e+003 -3.415319e+001
      vertex  4.855071e+002 -6.499231e+003 -3.165624e+001
      vertex  4.920684e+002 -6.499231e+003 -3.220880e+001
    endloop
  endfacet
  facet normal  0.000000e+000 -1.000000e+000  0.000000e+000
    outer loop
      vertex  6.692933e+002 -6.499231e+003 -3.415319e+001
      vertex  4.920684e+002 -6.499231e+003 -3.220880e+001
      vertex  6.495906e+002 -6.499231e+003 -3.455143e+001
    endloop
  endfacet
  facet normal  0.000000e+000 -1.000000e+000  0.000000e+000
    outer loop
      vertex  6.495906e+002 -6.499231e+003 -3.455143e+001
      vertex  4.920684e+002 -6.499231e+003 -3.220880e+001
      vertex  4.986214e+002 -6.499231e+003 -3.269931e+001
    endloop
  endfacet
  facet normal  0.000000e+000 -1.000000e+000  0.000000e+000
    outer loop
      vertex  6.495906e+002 -6.499231e+003 -3.455143e+001
      vertex  4.986214e+002 -6.499231e+003 -3.269931e+001
      vertex  5.051706e+002 -6.499231e+003 -3.313269e+001
    endloop
  endfacet
  facet normal  0.000000e+000 -1.000000e+000  0.000000e+000
    outer loop
      vertex  6.495906e+002 -6.499231e+003 -3.455143e+001
      vertex  5.051706e+002 -6.499231e+003 -3.313269e+001
      vertex  6.298817e+002 -6.499231e+003 -3.488865e+001
    endloop
  endfacet
  facet normal  0.000000e+000 -9.999999e-001  0.000000e+000
    outer loop
      vertex  6.298817e+002 -6.499231e+003 -3.488865e+001
      vertex  5.051706e+002 -6.499231e+003 -3.313269e+001
      vertex  5.117217e+002 -6.499231e+003 -3.351430e+001
    endloop
  endfacet
  facet normal  0.000000e+000 -1.000000e+000  0.000000e+000
    outer loop
      vertex  6.298817e+002 -6.499231e+003 -3.488865e+001
      vertex  5.117217e+002 -6.499231e+003 -3.351430e+001
      vertex  6.101791e+002 -6.499231e+003 -3.514266e+001
    endloop
  endfacet
  facet normal  0.000000e+000 -1.000000e+000  0.000000e+000
    outer loop
      vertex  6.101791e+002 -6.499231e+003 -3.514266e+001
      vertex  5.117217e+002 -6.499231e+003 -3.351430e+001
      vertex  5.215415e+002 -6.499231e+003 -3.399953e+001
    endloop
  endfacet
  facet normal  0.000000e+000 -1.000000e+000  0.000000e+000
    outer loop
      vertex  6.101791e+002 -6.499231e+003 -3.514266e+001
      vertex  5.215415e+002 -6.499231e+003 -3.399953e+001
      vertex  5.313817e+002 -6.499231e+003 -3.439344e+001
    endloop
  endfacet
  facet normal  0.000000e+000 -1.000000e+000  0.000000e+000
    outer loop
      vertex  6.101791e+002 -6.499231e+003 -3.514266e+001
      vertex  5.313817e+002 -6.499231e+003 -3.439344e+001
      vertex  6.003312e+002 -6.499231e+003 -3.522569e+001
    endloop
  endfacet
  facet normal  0.000000e+000 -1.000000e+000  0.000000e+000
    outer loop
      vertex  6.003312e+002 -6.499231e+003 -3.522569e+001
      vertex  5.313817e+002 -6.499231e+003 -3.439344e+001
      vertex  5.412372e+002 -6.499231e+003 -3.470583e+001
    endloop
  endfacet
  facet normal  0.000000e+000 -9.999999e-001  0.000000e+000
    outer loop
      vertex  6.003312e+002 -6.499231e+003 -3.522569e+001
      vertex  5.412372e+002 -6.499231e+003 -3.470583e+001
      vertex  5.904864e+002 -6.499231e+003 -3.527079e+001
    endloop
  endfacet
  facet normal  0.000000e+000 -1.000000e+000  0.000000e+000
    outer loop
      vertex  5.904864e+002 -6.499231e+003 -3.527079e+001
      vertex  5.412372e+002 -6.499231e+003 -3.470583e+001
      vertex  5.806450e+002 -6.499231e+003 -3.527132e+001
    endloop
  endfacet
  facet normal  0.000000e+000 -1.000000e+000  0.000000e+000
    outer loop
      vertex  5.806450e+002 -6.499231e+003 -3.527132e+001
      vertex  5.412372e+002 -6.499231e+003 -3.470583e+001
      vertex  5.510984e+002 -6.499231e+003 -3.494397e+001
    endloop
  endfacet
  facet normal  0.000000e+000 -1.000000e+000  0.000000e+000
    outer loop
      vertex  5.806450e+002 -6.499231e+003 -3.527132e+001
      vertex  5.510984e+002 -6.499231e+003 -3.494397e+001
      vertex  5.609533e+002 -6.499231e+003 -3.511377e+001
    endloop
  endfacet
  facet normal  5.955088e-002 -9.165692e-003 -9.981833e-001
    outer loop
      vertex  1.142210e+003 -6.499231e+003 -1.148760e+001
      vertex  1.182671e+003 -6.138162e+003 -1.238921e+001
      vertex  1.181626e+003 -6.499231e+003 -9.136100e+000
    endloop
  endfacet
  facet normal  5.643776e-002 -8.817299e-003 -9.983671e-001
    outer loop
      vertex  1.142210e+003 -6.499231e+003 -1.148760e+001
      vertex  1.141062e+003 -6.138162e+003 -1.474139e+001
      vertex  1.182671e+003 -6.138162e+003 -1.238921e+001
    endloop
  endfacet
  facet normal  5.756392e-002 -8.813138e-003 -9.983029e-001
    outer loop
      vertex  1.141062e+003 -6.138162e+003 -1.474139e+001
      vertex  1.142210e+003 -6.499231e+003 -1.148760e+001
      vertex  1.102796e+003 -6.499231e+003 -1.376033e+001
    endloop
  endfacet
  facet normal  5.586048e-002 -8.632873e-003 -9.984012e-001
    outer loop
      vertex  1.102796e+003 -6.499231e+003 -1.376033e+001
      vertex  1.078650e+003 -6.138162e+003 -1.823334e+001
      vertex  1.141062e+003 -6.138162e+003 -1.474139e+001
    endloop
  endfacet
  facet normal  5.784472e-002 -8.498795e-003 -9.982895e-001
    outer loop
      vertex  1.050243e+003 -6.499231e+003 -1.680541e+001
      vertex  1.078650e+003 -6.138162e+003 -1.823334e+001
      vertex  1.102796e+003 -6.499231e+003 -1.376033e+001
    endloop
  endfacet
  facet normal -2.801672e-001 -1.903615e-002 -9.597625e-001
    outer loop
      vertex  4.026862e+002 -6.138162e+003 -2.259235e+001
      vertex  4.079507e+002 -6.138162e+003 -2.412915e+001
      vertex  4.263111e+002 -6.499231e+003 -2.232727e+001
    endloop
  endfacet
  facet normal -2.852911e-001 -1.937030e-002 -9.582452e-001
    outer loop
      vertex  4.218999e+002 -6.499231e+003 -2.101394e+001
      vertex  4.026862e+002 -6.138162e+003 -2.259235e+001
      vertex  4.263111e+002 -6.499231e+003 -2.232727e+001
    endloop
  endfacet
  facet normal -2.997577e-001 -2.012070e-002 -9.538032e-001
    outer loop
      vertex  3.998266e+002 -6.138162e+003 -2.169366e+001
      vertex  4.026862e+002 -6.138162e+003 -2.259235e+001
      vertex  4.218999e+002 -6.499231e+003 -2.101394e+001
    endloop
  endfacet
  facet normal -4.263695e-001 -2.722609e-002 -9.041392e-001
    outer loop
      vertex  4.081956e+002 -6.499231e+003 -1.577775e+001
      vertex  3.873669e+002 -6.138162e+003 -1.682820e+001
      vertex  4.107882e+002 -6.499231e+003 -1.700034e+001
    endloop
  endfacet
  facet normal -4.606200e-001 -2.915236e-002 -8.871185e-001
    outer loop
      vertex  3.860125e+002 -6.138162e+003 -1.612497e+001
      vertex  3.873669e+002 -6.138162e+003 -1.682820e+001
      vertex  4.081956e+002 -6.499231e+003 -1.577775e+001
    endloop
  endfacet
  facet normal -6.352561e-001 -3.914268e-002 -7.713091e-001
    outer loop
      vertex  4.009292e+002 -6.499231e+003 -1.110737e+001
      vertex  3.786009e+002 -6.138162e+003 -1.104129e+001
      vertex  3.803836e+002 -6.138162e+003 -1.250957e+001
    endloop
  endfacet
  facet normal -7.666678e-001 -4.682777e-002 -6.403341e-001
    outer loop
      vertex  3.974260e+002 -6.499231e+003 -7.662547e+000
      vertex  3.754274e+002 -6.138162e+003 -7.728818e+000
      vertex  3.761476e+002 -6.138162e+003 -8.591017e+000
    endloop
  endfacet
  facet normal -7.894840e-001 -4.821265e-002 -6.118746e-001
    outer loop
      vertex  3.754274e+002 -6.138162e+003 -7.728818e+000
      vertex  3.974260e+002 -6.499231e+003 -7.662547e+000
      vertex  3.965527e+002 -6.499231e+003 -6.535686e+000
    endloop
  endfacet
  facet normal -8.084377e-001 -4.923781e-002 -5.865186e-001
    outer loop
      vertex  3.965527e+002 -6.499231e+003 -6.535686e+000
      vertex  3.743761e+002 -6.138162e+003 -6.279657e+000
      vertex  3.754274e+002 -6.138162e+003 -7.728818e+000
    endloop
  endfacet
  facet normal  4.862264e-002 -8.266213e-003 -9.987831e-001
    outer loop
      vertex  1.160081e+003 -4.212464e+003 -2.990964e+001
      vertex  1.417109e+003  1.364242e-012 -5.226059e+001
      vertex  1.240041e+003 -4.212464e+003 -2.601705e+001
    endloop
  endfacet
  facet normal  4.041362e-002 -7.767293e-003 -9.991528e-001
    outer loop
      vertex  1.160081e+003 -4.212464e+003 -2.990964e+001
      vertex  1.311915e+003  9.094947e-013 -5.651550e+001
      vertex  1.417109e+003  1.364242e-012 -5.226059e+001
    endloop
  endfacet
  facet normal  1.830524e-002 -6.687794e-003 -9.998100e-001
    outer loop
      vertex  7.336916e+002 -4.212464e+003 -4.749935e+001
      vertex  6.808865e+002  9.094947e-013 -7.664359e+001
      vertex  7.334547e+002  9.094947e-013 -7.568113e+001
    endloop
  endfacet
  facet normal  2.474939e-002 -6.606058e-003 -9.996719e-001
    outer loop
      vertex  7.070489e+002 -4.212464e+003 -4.815895e+001
      vertex  6.808865e+002  9.094947e-013 -7.664359e+001
      vertex  7.336916e+002 -4.212464e+003 -4.749935e+001
    endloop
  endfacet
  facet normal  4.196671e-003 -6.648890e-003 -9.999690e-001
    outer loop
      vertex  6.271526e+002 -4.212464e+003 -4.954868e+001
      vertex  5.232510e+002 -9.094947e-013 -7.799381e+001
      vertex  5.757939e+002 -9.094947e-013 -7.777330e+001
    endloop
  endfacet
  facet normal  1.112433e-002 -6.477668e-003 -9.999172e-001
    outer loop
      vertex  6.005148e+002 -4.212464e+003 -4.984503e+001
      vertex  5.232510e+002 -9.094947e-013 -7.799381e+001
      vertex  6.271526e+002 -4.212464e+003 -4.954868e+001
    endloop
  endfacet
  facet normal -8.151644e-002 -9.219496e-003 -9.966293e-001
    outer loop
      vertex  2.082840e+002  1.364242e-012 -6.904419e+001
      vertex  4.008895e+002 -4.212464e+003 -4.582966e+001
      vertex  3.876136e+002 -4.212464e+003 -4.474380e+001
    endloop
  endfacet
  facet normal -9.355459e-002 -9.725844e-003 -9.955666e-001
    outer loop
      vertex  3.876136e+002 -4.212464e+003 -4.474380e+001
      vertex  1.908318e+002  9.094947e-013 -6.740419e+001
      vertex  2.082840e+002  1.364242e-012 -6.904419e+001
    endloop
  endfacet
  facet normal -1.061402e-001 -1.027270e-002 -9.942981e-001
    outer loop
      vertex  3.743156e+002 -4.212464e+003 -4.346936e+001
      vertex  1.733525e+002  1.364242e-012 -6.553829e+001
      vertex  1.908318e+002  9.094947e-013 -6.740419e+001
    endloop
  endfacet
  facet normal -1.103145e-001 -1.046945e-002 -9.938416e-001
    outer loop
      vertex  1.733525e+002  1.364242e-012 -6.553829e+001
      vertex  3.743156e+002 -4.212464e+003 -4.346936e+001
      vertex  3.609998e+002 -4.212464e+003 -4.199133e+001
    endloop
  endfacet
  facet normal -1.194686e-001 -1.087128e-002 -9.927784e-001
    outer loop
      vertex  1.558570e+002  0.000000e+000 -6.343293e+001
      vertex  1.733525e+002  1.364242e-012 -6.553829e+001
      vertex  3.609998e+002 -4.212464e+003 -4.199133e+001
    endloop
  endfacet
  facet normal -1.306388e-001 -1.140806e-002 -9.913644e-001
    outer loop
      vertex  1.446315e+002  4.547474e-013 -6.195367e+001
      vertex  1.558570e+002  0.000000e+000 -6.343293e+001
      vertex  3.609998e+002 -4.212464e+003 -4.199133e+001
    endloop
  endfacet
  facet normal -1.395786e-001 -1.181678e-002 -9.901405e-001
    outer loop
      vertex  3.476625e+002 -4.212464e+003 -4.030120e+001
      vertex  1.334478e+002  4.547474e-013 -6.037712e+001
      vertex  1.446315e+002  4.547474e-013 -6.195367e+001
    endloop
  endfacet
  facet normal -4.306858e-001 -2.746576e-002 -9.020838e-001
    outer loop
      vertex  2.748115e+002 -4.212464e+003 -2.169338e+001
      vertex  3.105834e+001  4.547474e-013 -3.357421e+001
      vertex  2.781168e+002 -4.212464e+003 -2.327146e+001
    endloop
  endfacet
  facet normal -4.510934e-001 -2.861825e-002 -8.920177e-001
    outer loop
      vertex  2.748115e+002 -4.212464e+003 -2.169338e+001
      vertex  2.820723e+001  0.000000e+000 -3.213241e+001
      vertex  3.105834e+001  4.547474e-013 -3.357421e+001
    endloop
  endfacet
  facet normal -5.540191e-001 -3.450752e-002 -8.317884e-001
    outer loop
      vertex  2.682694e+002 -4.212464e+003 -1.782603e+001
      vertex  1.896572e+001  0.000000e+000 -2.653338e+001
      vertex  2.695453e+002 -4.212464e+003 -1.867581e+001
    endloop
  endfacet
  facet normal -7.113304e-001 -4.361249e-002 -7.015034e-001
    outer loop
      vertex  2.622042e+002 -4.212464e+003 -1.284507e+001
      vertex  8.905009e+000  4.547474e-013 -1.788663e+001
      vertex  1.124414e+001  4.547474e-013 -2.025853e+001
    endloop
  endfacet
  facet normal -7.250938e-001 -4.442300e-002 -6.872159e-001
    outer loop
      vertex  2.608533e+002 -4.212464e+003 -1.141968e+001
      vertex  8.905009e+000  4.547474e-013 -1.788663e+001
      vertex  2.622042e+002 -4.212464e+003 -1.284507e+001
    endloop
  endfacet
  facet normal -7.566659e-001 -4.625752e-002 -6.521633e-001
    outer loop
      vertex  6.750679e+000  0.000000e+000 -1.538709e+001
      vertex  8.905009e+000  4.547474e-013 -1.788663e+001
      vertex  2.608533e+002 -4.212464e+003 -1.141968e+001
    endloop
  endfacet
  facet normal -8.953674e-001 -5.440003e-002 -4.419929e-001
    outer loop
      vertex  2.205713e+000  0.000000e+000 -8.138160e+000
      vertex  2.981612e+000  4.547474e-013 -9.709938e+000
      vertex  2.571494e+002 -4.212464e+003 -6.124754e+000
    endloop
  endfacet
  facet normal -9.467949e-001 -5.743491e-002 -3.166710e-001
    outer loop
      vertex  8.137484e-001  0.000000e+000 -4.386785e+000
      vertex  1.535051e+000  0.000000e+000 -6.543362e+000
      vertex  2.562646e+002 -4.212464e+003 -4.124944e+000
    endloop
  endfacet
  facet normal -1.012560e-001 -1.006991e-002 -9.948094e-001
    outer loop
      vertex  3.928374e+002 -4.693889e+003 -4.048139e+001
      vertex  3.743156e+002 -4.212464e+003 -4.346936e+001
      vertex  4.012262e+002 -4.693889e+003 -4.133524e+001
    endloop
  endfacet
  facet normal -1.103146e-001 -1.041242e-002 -9.938421e-001
    outer loop
      vertex  3.609998e+002 -4.212464e+003 -4.199133e+001
      vertex  3.743156e+002 -4.212464e+003 -4.346936e+001
      vertex  3.928374e+002 -4.693889e+003 -4.048139e+001
    endloop
  endfacet
  facet normal -1.113619e-001 -1.048131e-002 -9.937247e-001
    outer loop
      vertex  3.844446e+002 -4.693889e+003 -3.954086e+001
      vertex  3.609998e+002 -4.212464e+003 -4.199133e+001
      vertex  3.928374e+002 -4.693889e+003 -4.048139e+001
    endloop
  endfacet
  facet normal -1.281322e-001 -1.125190e-002 -9.916933e-001
    outer loop
      vertex  3.718358e+002 -4.693889e+003 -3.796221e+001
      vertex  3.476625e+002 -4.212464e+003 -4.030120e+001
      vertex  3.781310e+002 -4.693889e+003 -3.877557e+001
    endloop
  endfacet
  facet normal -3.559942e-001 -2.321980e-002 -9.341996e-001
    outer loop
      vertex  2.814506e+002 -4.212464e+003 -2.468534e+001
      vertex  2.856694e+002 -4.212464e+003 -2.629300e+001
      vertex  3.121993e+002 -4.693889e+003 -2.443677e+001
    endloop
  endfacet
  facet normal -3.586012e-001 -2.338580e-002 -9.331979e-001
    outer loop
      vertex  3.092299e+002 -4.693889e+003 -2.329571e+001
      vertex  2.814506e+002 -4.212464e+003 -2.468534e+001
      vertex  3.121993e+002 -4.693889e+003 -2.443677e+001
    endloop
  endfacet
  facet normal -5.540192e-001 -3.450754e-002 -8.317885e-001
    outer loop
      vertex  2.682694e+002 -4.212464e+003 -1.782603e+001
      vertex  2.695453e+002 -4.212464e+003 -1.867581e+001
      vertex  2.967613e+002 -4.693889e+003 -1.683090e+001
    endloop
  endfacet
  facet normal -9.181839e-001 -5.574315e-002 -3.922131e-001
    outer loop
      vertex  2.853948e+002 -4.693889e+003 -3.897554e+000
      vertex  2.562646e+002 -4.212464e+003 -4.124944e+000
      vertex  2.860021e+002 -4.693889e+003 -5.319192e+000
    endloop
  endfacet
  facet normal -9.060199e-001 -5.506960e-002 -4.196371e-001
    outer loop
      vertex  2.860021e+002 -4.693889e+003 -5.319192e+000
      vertex  3.080475e+002 -5.054957e+003 -5.532866e+000
      vertex  3.074223e+002 -5.054957e+003 -4.182995e+000
    endloop
  endfacet
  facet normal -9.653006e-002 -9.824844e-003 -9.952816e-001
    outer loop
      vertex  4.311089e+002 -5.416025e+003 -3.709361e+001
      vertex  4.138147e+002 -5.054957e+003 -3.898054e+001
      vertex  4.199591e+002 -5.054957e+003 -3.957647e+001
    endloop
  endfacet
  facet normal -2.239228e-001 -1.609950e-002 -9.744739e-001
    outer loop
      vertex  3.570218e+002 -5.054957e+003 -3.051558e+001
      vertex  3.600282e+002 -5.054957e+003 -3.120642e+001
      vertex  3.795124e+002 -5.416025e+003 -2.971837e+001
    endloop
  endfacet
  facet normal -2.296921e-001 -1.645588e-002 -9.731242e-001
    outer loop
      vertex  3.737686e+002 -5.416025e+003 -2.836263e+001
      vertex  3.570218e+002 -5.054957e+003 -3.051558e+001
      vertex  3.795124e+002 -5.416025e+003 -2.971837e+001
    endloop
  endfacet
  facet normal -2.380637e-001 -1.683212e-002 -9.711036e-001
    outer loop
      vertex  3.540128e+002 -5.054957e+003 -2.977794e+001
      vertex  3.570218e+002 -5.054957e+003 -3.051558e+001
      vertex  3.737686e+002 -5.416025e+003 -2.836263e+001
    endloop
  endfacet
  facet normal -1.100501e-001 -1.041817e-002 -9.938714e-001
    outer loop
      vertex  4.196120e+002 -5.416025e+003 -3.586515e+001
      vertex  4.253607e+002 -5.416025e+003 -3.650171e+001
      vertex  4.371956e+002 -5.777094e+003 -3.402730e+001
    endloop
  endfacet
  facet normal -9.890983e-001 -5.995922e-002 -1.344974e-001
    outer loop
      vertex  1.136868e-013 -4.547474e-013  2.186388e-014
      vertex  2.995610e-001  4.547474e-013 -2.202982e+000
      vertex  2.556426e+002 -4.212464e+003 -2.078484e+000
    endloop
  endfacet
  facet normal -9.807251e-001 -5.942560e-002 -1.861369e-001
    outer loop
      vertex  1.136868e-013 -4.547474e-013  2.186388e-014
      vertex  2.556426e+002 -4.212464e+003 -2.078484e+000
      vertex  2.846148e+002 -4.693889e+003 -1.029890e+000
    endloop
  endfacet
  facet normal -9.895225e-001 -5.997105e-002 -1.313348e-001
    outer loop
      vertex  1.136868e-013 -4.547474e-013  2.186388e-014
      vertex  2.846148e+002 -4.693889e+003 -1.029890e+000
      vertex  3.938928e+002 -6.499231e+003  1.118470e-014
    endloop
  endfacet
  facet normal -9.777506e-001 -5.927945e-002 -2.012204e-001
    outer loop
      vertex  2.846148e+002 -4.693889e+003 -1.029890e+000
      vertex  2.556426e+002 -4.212464e+003 -2.078484e+000
      vertex  2.848254e+002 -4.693889e+003 -2.053226e+000
    endloop
  endfacet
  facet normal -9.777525e-001 -5.924765e-002 -2.012208e-001
    outer loop
      vertex  2.846148e+002 -4.693889e+003 -1.029890e+000
      vertex  2.848254e+002 -4.693889e+003 -2.053226e+000
      vertex  3.065724e+002 -5.054957e+003 -1.411003e+000
    endloop
  endfacet
  facet normal -9.815457e-001 -5.949889e-002 -1.817355e-001
    outer loop
      vertex  2.846148e+002 -4.693889e+003 -1.029890e+000
      vertex  3.065724e+002 -5.054957e+003 -1.411003e+000
      vertex  3.284476e+002 -5.416025e+003 -1.346597e+000
    endloop
  endfacet
  facet normal -9.815457e-001 -5.949889e-002 -1.817355e-001
    outer loop
      vertex  2.846148e+002 -4.693889e+003 -1.029890e+000
      vertex  3.284476e+002 -5.416025e+003 -1.346597e+000
      vertex  3.503227e+002 -5.777094e+003 -1.282190e+000
    endloop
  endfacet
  facet normal -9.815457e-001 -5.949889e-002 -1.817354e-001
    outer loop
      vertex  2.846148e+002 -4.693889e+003 -1.029890e+000
      vertex  3.503227e+002 -5.777094e+003 -1.282190e+000
      vertex  3.721979e+002 -6.138162e+003 -1.217783e+000
    endloop
  endfacet
  facet normal -9.858505e-001 -5.976320e-002 -1.566121e-001
    outer loop
      vertex  2.846148e+002 -4.693889e+003 -1.029890e+000
      vertex  3.721979e+002 -6.138162e+003 -1.217783e+000
      vertex  3.938928e+002 -6.499231e+003  1.118470e-014
    endloop
  endfacet
  facet normal  4.212138e-002 -8.179557e-003 -9.990790e-001
    outer loop
      vertex  1.496006e+003 -4.547474e-013 -4.909159e+001
      vertex  1.574908e+003 -9.094947e-013 -4.576510e+001
      vertex  1.329107e+003 -4.062019e+003 -2.287197e+001
    endloop
  endfacet
  facet normal  5.031770e-002 -8.513861e-003 -9.986970e-001
    outer loop
      vertex  1.496006e+003 -4.547474e-013 -4.909159e+001
      vertex  1.329107e+003 -4.062019e+003 -2.287197e+001
      vertex  1.293349e+003 -4.212464e+003 -2.339100e+001
    endloop
  endfacet
  facet normal  4.920021e-002 -8.460442e-003 -9.987531e-001
    outer loop
      vertex  1.496006e+003 -4.547474e-013 -4.909159e+001
      vertex  1.293349e+003 -4.212464e+003 -2.339100e+001
      vertex  1.240041e+003 -4.212464e+003 -2.601705e+001
    endloop
  endfacet
  facet normal  4.013273e-002 -7.911713e-003 -9.991630e-001
    outer loop
      vertex  1.496006e+003 -4.547474e-013 -4.909159e+001
      vertex  1.240041e+003 -4.212464e+003 -2.601705e+001
      vertex  1.417109e+003  1.364242e-012 -5.226059e+001
    endloop
  endfacet
  facet normal -9.716919e-001 -5.890691e-002 -2.287898e-001
    outer loop
      vertex  2.556426e+002 -4.212464e+003 -2.078484e+000
      vertex  2.995610e-001  4.547474e-013 -2.202982e+000
      vertex  8.137484e-001  0.000000e+000 -4.386785e+000
    endloop
  endfacet
  facet normal -9.551761e-001 -5.794150e-002 -2.903128e-001
    outer loop
      vertex  2.556426e+002 -4.212464e+003 -2.078484e+000
      vertex  8.137484e-001  0.000000e+000 -4.386785e+000
      vertex  2.562646e+002 -4.212464e+003 -4.124944e+000
    endloop
  endfacet
  facet normal -9.551764e-001 -5.793339e-002 -2.903130e-001
    outer loop
      vertex  2.556426e+002 -4.212464e+003 -2.078484e+000
      vertex  2.562646e+002 -4.212464e+003 -4.124944e+000
      vertex  2.853948e+002 -4.693889e+003 -3.897554e+000
    endloop
  endfacet
  facet normal -9.445992e-001 -5.715540e-002 -3.232116e-001
    outer loop
      vertex  2.556426e+002 -4.212464e+003 -2.078484e+000
      vertex  2.853948e+002 -4.693889e+003 -3.897554e+000
      vertex  2.850808e+002 -4.693889e+003 -2.979712e+000
    endloop
  endfacet
  facet normal -9.623982e-001 -5.835218e-002 -2.653015e-001
    outer loop
      vertex  2.556426e+002 -4.212464e+003 -2.078484e+000
      vertex  2.850808e+002 -4.693889e+003 -2.979712e+000
      vertex  2.848254e+002 -4.693889e+003 -2.053226e+000
    endloop
  endfacet
  facet normal  5.121565e-002 -8.727446e-003 -9.986494e-001
    outer loop
      vertex  1.329107e+003 -4.062019e+003 -2.287197e+001
      vertex  1.304526e+003 -4.468221e+003 -2.058266e+001
      vertex  1.293349e+003 -4.212464e+003 -2.339100e+001
    endloop
  endfacet
  facet normal  5.121561e-002 -8.727449e-003 -9.986495e-001
    outer loop
      vertex  1.293349e+003 -4.212464e+003 -2.339100e+001
      vertex  1.304526e+003 -4.468221e+003 -2.058266e+001
      vertex  1.279946e+003 -4.874423e+003 -1.829335e+001
    endloop
  endfacet
  facet normal  5.331671e-002 -8.769142e-003 -9.985392e-001
    outer loop
      vertex  1.293349e+003 -4.212464e+003 -2.339100e+001
      vertex  1.279946e+003 -4.874423e+003 -1.829335e+001
      vertex  1.265680e+003 -4.693889e+003 -2.064055e+001
    endloop
  endfacet
  facet normal  5.271053e-002 -8.817456e-003 -9.985709e-001
    outer loop
      vertex  1.265680e+003 -4.693889e+003 -2.064055e+001
      vertex  1.279946e+003 -4.874423e+003 -1.829335e+001
      vertex  1.255366e+003 -5.280625e+003 -1.600404e+001
    endloop
  endfacet
  facet normal  5.478399e-002 -8.853018e-003 -9.984590e-001
    outer loop
      vertex  1.265680e+003 -4.693889e+003 -2.064055e+001
      vertex  1.255366e+003 -5.280625e+003 -1.600404e+001
      vertex  1.244928e+003 -5.054957e+003 -1.857771e+001
    endloop
  endfacet
  facet normal  5.395015e-002 -8.892104e-003 -9.985040e-001
    outer loop
      vertex  1.244928e+003 -5.054957e+003 -1.857771e+001
      vertex  1.255366e+003 -5.280625e+003 -1.600404e+001
      vertex  1.230786e+003 -5.686827e+003 -1.371472e+001
    endloop
  endfacet
  facet normal  5.641442e-002 -8.946204e-003 -9.983674e-001
    outer loop
      vertex  1.244928e+003 -5.054957e+003 -1.857771e+001
      vertex  1.230786e+003 -5.686827e+003 -1.371472e+001
      vertex  1.224176e+003 -5.416025e+003 -1.651488e+001
    endloop
  endfacet
  facet normal  5.530800e-002 -8.973852e-003 -9.984291e-001
    outer loop
      vertex  1.224176e+003 -5.416025e+003 -1.651488e+001
      vertex  1.230786e+003 -5.686827e+003 -1.371472e+001
      vertex  1.206206e+003 -6.093029e+003 -1.142541e+001
    endloop
  endfacet
  facet normal  5.823643e-002 -9.050322e-003 -9.982618e-001
    outer loop
      vertex  1.224176e+003 -5.416025e+003 -1.651488e+001
      vertex  1.206206e+003 -6.093029e+003 -1.142541e+001
      vertex  1.203423e+003 -5.777094e+003 -1.445204e+001
    endloop
  endfacet
  facet normal  5.680180e-002 -9.063750e-003 -9.983444e-001
    outer loop
      vertex  1.203423e+003 -5.777094e+003 -1.445204e+001
      vertex  1.206206e+003 -6.093029e+003 -1.142541e+001
      vertex  1.181626e+003 -6.499231e+003 -9.136100e+000
    endloop
  endfacet
  facet normal  6.028653e-002 -9.167423e-003 -9.981390e-001
    outer loop
      vertex  1.203423e+003 -5.777094e+003 -1.445204e+001
      vertex  1.181626e+003 -6.499231e+003 -9.136100e+000
      vertex  1.182671e+003 -6.138162e+003 -1.238921e+001
    endloop
  endfacet
  facet normal -6.602710e-002 -8.566829e-003 -9.977810e-001
    outer loop
      vertex  4.986214e+002 -6.499231e+003 -3.269931e+001
      vertex  4.859477e+002 -6.138162e+003 -3.496074e+001
      vertex  5.051706e+002 -6.499231e+003 -3.313269e+001
    endloop
  endfacet
  facet normal -6.192116e-002 -8.349576e-003 -9.980461e-001
    outer loop
      vertex  5.051706e+002 -6.499231e+003 -3.313269e+001
      vertex  4.859477e+002 -6.138162e+003 -3.496074e+001
      vertex  4.963179e+002 -6.138162e+003 -3.560413e+001
    endloop
  endfacet
  facet normal -5.814959e-002 -8.258663e-003 -9.982738e-001
    outer loop
      vertex  5.051706e+002 -6.499231e+003 -3.313269e+001
      vertex  4.963179e+002 -6.138162e+003 -3.560413e+001
      vertex  5.117217e+002 -6.499231e+003 -3.351430e+001
    endloop
  endfacet
  facet normal -5.118717e-002 -7.963853e-003 -9.986573e-001
    outer loop
      vertex  5.117217e+002 -6.499231e+003 -3.351430e+001
      vertex  4.963179e+002 -6.138162e+003 -3.560413e+001
      vertex  5.066821e+002 -6.138162e+003 -3.613535e+001
    endloop
  endfacet
  facet normal -4.935218e-002 -7.938912e-003 -9.987499e-001
    outer loop
      vertex  5.117217e+002 -6.499231e+003 -3.351430e+001
      vertex  5.066821e+002 -6.138162e+003 -3.613535e+001
      vertex  5.215415e+002 -6.499231e+003 -3.399953e+001
    endloop
  endfacet
  facet normal -4.183289e-002 -7.631508e-003 -9.990955e-001
    outer loop
      vertex  5.215415e+002 -6.499231e+003 -3.399953e+001
      vertex  5.066821e+002 -6.138162e+003 -3.613535e+001
      vertex  5.170679e+002 -6.138162e+003 -3.657022e+001
    endloop
  endfacet
  facet normal -3.999726e-002 -7.609301e-003 -9.991708e-001
    outer loop
      vertex  5.215415e+002 -6.499231e+003 -3.399953e+001
      vertex  5.170679e+002 -6.138162e+003 -3.657022e+001
      vertex  5.313817e+002 -6.499231e+003 -3.439344e+001
    endloop
  endfacet
  facet normal -3.351635e-002 -7.353830e-003 -9.994111e-001
    outer loop
      vertex  5.313817e+002 -6.499231e+003 -3.439344e+001
      vertex  5.170679e+002 -6.138162e+003 -3.657022e+001
      vertex  5.274703e+002 -6.138162e+003 -3.691907e+001
    endloop
  endfacet
  facet normal -3.168048e-002 -7.334362e-003 -9.994711e-001
    outer loop
      vertex  5.313817e+002 -6.499231e+003 -3.439344e+001
      vertex  5.274703e+002 -6.138162e+003 -3.691907e+001
      vertex  5.412372e+002 -6.499231e+003 -3.470583e+001
    endloop
  endfacet
  facet normal -2.597778e-002 -7.117946e-003 -9.996372e-001
    outer loop
      vertex  5.412372e+002 -6.499231e+003 -3.470583e+001
      vertex  5.274703e+002 -6.138162e+003 -3.691907e+001
      vertex  5.378787e+002 -6.138162e+003 -3.718956e+001
    endloop
  endfacet
  facet normal -2.414115e-002 -7.101179e-003 -9.996833e-001
    outer loop
      vertex  5.412372e+002 -6.499231e+003 -3.470583e+001
      vertex  5.378787e+002 -6.138162e+003 -3.718956e+001
      vertex  5.510984e+002 -6.499231e+003 -3.494397e+001
    endloop
  endfacet
  facet normal -1.906348e-002 -6.915962e-003 -9.997943e-001
    outer loop
      vertex  5.510984e+002 -6.499231e+003 -3.494397e+001
      vertex  5.378787e+002 -6.138162e+003 -3.718956e+001
      vertex  5.482806e+002 -6.138162e+003 -3.738789e+001
    endloop
  endfacet
  facet normal -1.722660e-002 -6.901853e-003 -9.998278e-001
    outer loop
      vertex  5.510984e+002 -6.499231e+003 -3.494397e+001
      vertex  5.482806e+002 -6.138162e+003 -3.738789e+001
      vertex  5.609533e+002 -6.499231e+003 -3.511377e+001
    endloop
  endfacet
  facet normal -1.272136e-002 -6.744161e-003 -9.998963e-001
    outer loop
      vertex  5.609533e+002 -6.499231e+003 -3.511377e+001
      vertex  5.482806e+002 -6.138162e+003 -3.738789e+001
      vertex  5.586758e+002 -6.138162e+003 -3.752015e+001
    endloop
  endfacet
  facet normal -1.088452e-002 -6.732720e-003 -9.999181e-001
    outer loop
      vertex  5.609533e+002 -6.499231e+003 -3.511377e+001
      vertex  5.586758e+002 -6.138162e+003 -3.752015e+001
      vertex  5.708018e+002 -6.499231e+003 -3.522097e+001
    endloop
  endfacet
  facet normal -6.952570e-003 -6.600901e-003 -9.999540e-001
    outer loop
      vertex  5.708018e+002 -6.499231e+003 -3.522097e+001
      vertex  5.586758e+002 -6.138162e+003 -3.752015e+001
      vertex  5.690656e+002 -6.138162e+003 -3.759239e+001
    endloop
  endfacet
  facet normal -5.115435e-003 -6.592140e-003 -9.999651e-001
    outer loop
      vertex  5.708018e+002 -6.499231e+003 -3.522097e+001
      vertex  5.690656e+002 -6.138162e+003 -3.759239e+001
      vertex  5.806450e+002 -6.499231e+003 -3.527132e+001
    endloop
  endfacet
  facet normal -1.783187e-003 -6.485355e-003 -9.999774e-001
    outer loop
      vertex  5.806450e+002 -6.499231e+003 -3.527132e+001
      vertex  5.690656e+002 -6.138162e+003 -3.759239e+001
      vertex  5.794536e+002 -6.138162e+003 -3.761091e+001
    endloop
  endfacet
  facet normal  5.387751e-005 -6.479304e-003 -9.999790e-001
    outer loop
      vertex  5.806450e+002 -6.499231e+003 -3.527132e+001
      vertex  5.794536e+002 -6.138162e+003 -3.761091e+001
      vertex  5.904864e+002 -6.499231e+003 -3.527079e+001
    endloop
  endfacet
  facet normal  2.744298e-003 -6.397075e-003 -9.999757e-001
    outer loop
      vertex  5.904864e+002 -6.499231e+003 -3.527079e+001
      vertex  5.794536e+002 -6.138162e+003 -3.761091e+001
      vertex  5.898453e+002 -6.138162e+003 -3.758239e+001
    endloop
  endfacet
  facet normal  4.581440e-003 -6.393771e-003 -9.999691e-001
    outer loop
      vertex  5.904864e+002 -6.499231e+003 -3.527079e+001
      vertex  5.898453e+002 -6.138162e+003 -3.758239e+001
      vertex  6.003312e+002 -6.499231e+003 -3.522569e+001
    endloop
  endfacet
  facet normal  6.593911e-003 -6.335255e-003 -9.999582e-001
    outer loop
      vertex  6.003312e+002 -6.499231e+003 -3.522569e+001
      vertex  5.898453e+002 -6.138162e+003 -3.758239e+001
      vertex  6.002403e+002 -6.138162e+003 -3.751385e+001
    endloop
  endfacet
  facet normal  8.430841e-003 -6.334704e-003 -9.999444e-001
    outer loop
      vertex  6.003312e+002 -6.499231e+003 -3.522569e+001
      vertex  6.002403e+002 -6.138162e+003 -3.751385e+001
      vertex  6.101791e+002 -6.499231e+003 -3.514266e+001
    endloop
  endfacet
  facet normal  1.105381e-002 -6.262339e-003 -9.999193e-001
    outer loop
      vertex  6.101791e+002 -6.499231e+003 -3.514266e+001
      vertex  6.002403e+002 -6.138162e+003 -3.751385e+001
      vertex  6.210376e+002 -6.138162e+003 -3.728394e+001
    endloop
  endfacet
  facet normal  1.289066e-002 -6.317447e-003 -9.998970e-001
    outer loop
      vertex  6.101791e+002 -6.499231e+003 -3.514266e+001
      vertex  6.210376e+002 -6.138162e+003 -3.728394e+001
      vertex  6.298817e+002 -6.499231e+003 -3.488865e+001
    endloop
  endfacet
  facet normal  1.527013e-002 -6.258944e-003 -9.998638e-001
    outer loop
      vertex  6.298817e+002 -6.499231e+003 -3.488865e+001
      vertex  6.210376e+002 -6.138162e+003 -3.728394e+001
      vertex  6.418418e+002 -6.138162e+003 -3.696621e+001
    endloop
  endfacet
  facet normal  1.710713e-002 -6.319619e-003 -9.998338e-001
    outer loop
      vertex  6.298817e+002 -6.499231e+003 -3.488865e+001
      vertex  6.418418e+002 -6.138162e+003 -3.696621e+001
      vertex  6.495906e+002 -6.499231e+003 -3.455143e+001
    endloop
  endfacet
  facet normal  1.837150e-002 -6.292336e-003 -9.998115e-001
    outer loop
      vertex  6.495906e+002 -6.499231e+003 -3.455143e+001
      vertex  6.418418e+002 -6.138162e+003 -3.696621e+001
      vertex  6.626395e+002 -6.138162e+003 -3.658406e+001
    endloop
  endfacet
  facet normal  2.020814e-002 -6.358509e-003 -9.997756e-001
    outer loop
      vertex  6.495906e+002 -6.499231e+003 -3.455143e+001
      vertex  6.626395e+002 -6.138162e+003 -3.658406e+001
      vertex  6.692933e+002 -6.499231e+003 -3.415319e+001
    endloop
  endfacet
  facet normal  2.127578e-002 -6.338687e-003 -9.997536e-001
    outer loop
      vertex  6.692933e+002 -6.499231e+003 -3.415319e+001
      vertex  6.626395e+002 -6.138162e+003 -3.658406e+001
      vertex  6.834304e+002 -6.138162e+003 -3.614161e+001
    endloop
  endfacet
  facet normal  2.311247e-002 -6.410372e-003 -9.997123e-001
    outer loop
      vertex  6.692933e+002 -6.499231e+003 -3.415319e+001
      vertex  6.834304e+002 -6.138162e+003 -3.614161e+001
      vertex  6.889894e+002 -6.499231e+003 -3.369783e+001
    endloop
  endfacet
  facet normal  2.449667e-002 -6.388839e-003 -9.996796e-001
    outer loop
      vertex  6.889894e+002 -6.499231e+003 -3.369783e+001
      vertex  6.834304e+002 -6.138162e+003 -3.614161e+001
      vertex  7.042177e+002 -6.138162e+003 -3.563222e+001
    endloop
  endfacet
  facet normal  2.633301e-002 -6.466036e-003 -9.996324e-001
    outer loop
      vertex  6.889894e+002 -6.499231e+003 -3.369783e+001
      vertex  7.042177e+002 -6.138162e+003 -3.563222e+001
      vertex  7.086820e+002 -6.499231e+003 -3.317908e+001
    endloop
  endfacet
  facet normal  2.813778e-002 -6.443388e-003 -9.995834e-001
    outer loop
      vertex  7.086820e+002 -6.499231e+003 -3.317908e+001
      vertex  7.042177e+002 -6.138162e+003 -3.563222e+001
      vertex  7.250162e+002 -6.138162e+003 -3.504675e+001
    endloop
  endfacet
  facet normal  2.997414e-002 -6.526183e-003 -9.995294e-001
    outer loop
      vertex  7.086820e+002 -6.499231e+003 -3.317908e+001
      vertex  7.250162e+002 -6.138162e+003 -3.504675e+001
      vertex  7.283851e+002 -6.499231e+003 -3.258821e+001
    endloop
  endfacet
  facet normal  3.199452e-002 -6.506906e-003 -9.994668e-001
    outer loop
      vertex  7.283851e+002 -6.499231e+003 -3.258821e+001
      vertex  7.250162e+002 -6.138162e+003 -3.504675e+001
      vertex  7.458156e+002 -6.138162e+003 -3.438093e+001
    endloop
  endfacet
  facet normal  3.383055e-002 -6.595237e-003 -9.994059e-001
    outer loop
      vertex  7.283851e+002 -6.499231e+003 -3.258821e+001
      vertex  7.458156e+002 -6.138162e+003 -3.438093e+001
      vertex  7.480889e+002 -6.499231e+003 -3.192123e+001
    endloop
  endfacet
  facet normal  3.580671e-002 -6.582326e-003 -9.993371e-001
    outer loop
      vertex  7.480889e+002 -6.499231e+003 -3.192123e+001
      vertex  7.458156e+002 -6.138162e+003 -3.438093e+001
      vertex  7.666149e+002 -6.138162e+003 -3.363568e+001
    endloop
  endfacet
  facet normal  3.764272e-002 -6.676205e-003 -9.992689e-001
    outer loop
      vertex  7.480889e+002 -6.499231e+003 -3.192123e+001
      vertex  7.666149e+002 -6.138162e+003 -3.363568e+001
      vertex  7.677924e+002 -6.499231e+003 -3.117900e+001
    endloop
  endfacet
  facet normal  3.936098e-002 -6.670152e-003 -9.992027e-001
    outer loop
      vertex  7.677924e+002 -6.499231e+003 -3.117900e+001
      vertex  7.666149e+002 -6.138162e+003 -3.363568e+001
      vertex  7.874120e+002 -6.138162e+003 -3.281644e+001
    endloop
  endfacet
  facet normal  4.119654e-002 -6.769554e-003 -9.991282e-001
    outer loop
      vertex  7.677924e+002 -6.499231e+003 -3.117900e+001
      vertex  7.874120e+002 -6.138162e+003 -3.281644e+001
      vertex  7.874937e+002 -6.499231e+003 -3.036666e+001
    endloop
  endfacet
  facet normal  4.249296e-002 -6.768892e-003 -9.990739e-001
    outer loop
      vertex  7.874937e+002 -6.499231e+003 -3.036666e+001
      vertex  7.874120e+002 -6.138162e+003 -3.281644e+001
      vertex  8.082184e+002 -6.138162e+003 -3.193149e+001
    endloop
  endfacet
  facet normal  4.478194e-002 -6.899838e-003 -9.989729e-001
    outer loop
      vertex  7.874937e+002 -6.499231e+003 -3.036666e+001
      vertex  8.082184e+002 -6.138162e+003 -3.193149e+001
      vertex  8.137729e+002 -6.499231e+003 -2.918861e+001
    endloop
  endfacet
  facet normal  4.508600e-002 -6.895057e-003 -9.989593e-001
    outer loop
      vertex  8.137729e+002 -6.499231e+003 -2.918861e+001
      vertex  8.082184e+002 -6.138162e+003 -3.193149e+001
      vertex  8.290209e+002 -6.138162e+003 -3.099261e+001
    endloop
  endfacet
  facet normal  4.754154e-002 -6.998183e-003 -9.988448e-001
    outer loop
      vertex  8.137729e+002 -6.499231e+003 -2.918861e+001
      vertex  8.290209e+002 -6.138162e+003 -3.099261e+001
      vertex  8.312888e+002 -6.499231e+003 -2.835492e+001
    endloop
  endfacet
  facet normal  4.777750e-002 -6.996618e-003 -9.988335e-001
    outer loop
      vertex  8.312888e+002 -6.499231e+003 -2.835492e+001
      vertex  8.290209e+002 -6.138162e+003 -3.099261e+001
      vertex  8.706183e+002 -6.138162e+003 -2.900287e+001
    endloop
  endfacet
  facet normal  4.978433e-002 -7.215034e-003 -9.987339e-001
    outer loop
      vertex  8.312888e+002 -6.499231e+003 -2.835492e+001
      vertex  8.706183e+002 -6.138162e+003 -2.900287e+001
      vertex  8.663151e+002 -6.499231e+003 -2.660895e+001
    endloop
  endfacet
  facet normal  4.954637e-002 -7.212276e-003 -9.987457e-001
    outer loop
      vertex  8.663151e+002 -6.499231e+003 -2.660895e+001
      vertex  8.706183e+002 -6.138162e+003 -2.900287e+001
      vertex  9.122231e+002 -6.138162e+003 -2.693892e+001
    endloop
  endfacet
  facet normal  5.124966e-002 -7.428761e-003 -9.986583e-001
    outer loop
      vertex  8.663151e+002 -6.499231e+003 -2.660895e+001
      vertex  9.122231e+002 -6.138162e+003 -2.693892e+001
      vertex  8.925897e+002 -6.499231e+003 -2.526057e+001
    endloop
  endfacet
  facet normal  4.998218e-002 -7.360142e-003 -9.987230e-001
    outer loop
      vertex  8.925897e+002 -6.499231e+003 -2.526057e+001
      vertex  9.122231e+002 -6.138162e+003 -2.693892e+001
      vertex  9.538287e+002 -6.138162e+003 -2.485672e+001
    endloop
  endfacet
  facet normal  5.177344e-002 -7.664051e-003 -9.986294e-001
    outer loop
      vertex  8.925897e+002 -6.499231e+003 -2.526057e+001
      vertex  9.538287e+002 -6.138162e+003 -2.485672e+001
      vertex  9.451398e+002 -6.499231e+003 -2.253614e+001
    endloop
  endfacet
  facet normal  5.065222e-002 -7.637441e-003 -9.986871e-001
    outer loop
      vertex  9.451398e+002 -6.499231e+003 -2.253614e+001
      vertex  9.538287e+002 -6.138162e+003 -2.485672e+001
      vertex  9.954377e+002 -6.138162e+003 -2.274636e+001
    endloop
  endfacet
  facet normal  5.239785e-002 -7.880558e-003 -9.985953e-001
    outer loop
      vertex  9.451398e+002 -6.499231e+003 -2.253614e+001
      vertex  9.954377e+002 -6.138162e+003 -2.274636e+001
      vertex  9.801764e+002 -6.499231e+003 -2.069772e+001
    endloop
  endfacet
  facet normal  5.285481e-002 -7.899735e-003 -9.985710e-001
    outer loop
      vertex  9.801764e+002 -6.499231e+003 -2.069772e+001
      vertex  9.954377e+002 -6.138162e+003 -2.274636e+001
      vertex  1.037041e+003 -6.138162e+003 -2.054427e+001
    endloop
  endfacet
  facet normal  5.454007e-002 -8.165187e-003 -9.984782e-001
    outer loop
      vertex  9.801764e+002 -6.499231e+003 -2.069772e+001
      vertex  1.037041e+003 -6.138162e+003 -2.054427e+001
      vertex  1.023966e+003 -6.499231e+003 -1.830578e+001
    endloop
  endfacet
  facet normal  5.545234e-002 -8.197909e-003 -9.984277e-001
    outer loop
      vertex  1.023966e+003 -6.499231e+003 -1.830578e+001
      vertex  1.037041e+003 -6.138162e+003 -2.054427e+001
      vertex  1.078650e+003 -6.138162e+003 -1.823334e+001
    endloop
  endfacet
  facet normal  5.700293e-002 -8.432763e-003 -9.983385e-001
    outer loop
      vertex  1.023966e+003 -6.499231e+003 -1.830578e+001
      vertex  1.078650e+003 -6.138162e+003 -1.823334e+001
      vertex  1.050243e+003 -6.499231e+003 -1.680541e+001
    endloop
  endfacet
  facet normal -9.370429e-002 -9.718444e-003 -9.955527e-001
    outer loop
      vertex  4.789368e+002 -6.499231e+003 -3.103783e+001
      vertex  4.651849e+002 -6.138162e+003 -3.326816e+001
      vertex  4.855071e+002 -6.499231e+003 -3.165624e+001
    endloop
  endfacet
  facet normal -8.817809e-002 -9.409677e-003 -9.960603e-001
    outer loop
      vertex  4.855071e+002 -6.499231e+003 -3.165624e+001
      vertex  4.651849e+002 -6.138162e+003 -3.326816e+001
      vertex  4.755755e+002 -6.138162e+003 -3.418801e+001
    endloop
  endfacet
  facet normal -8.391473e-002 -9.294999e-003 -9.964296e-001
    outer loop
      vertex  4.855071e+002 -6.499231e+003 -3.165624e+001
      vertex  4.755755e+002 -6.138162e+003 -3.418801e+001
      vertex  4.920684e+002 -6.499231e+003 -3.220880e+001
    endloop
  endfacet
  facet normal -7.429101e-002 -8.859616e-003 -9.971972e-001
    outer loop
      vertex  4.920684e+002 -6.499231e+003 -3.220880e+001
      vertex  4.755755e+002 -6.138162e+003 -3.418801e+001
      vertex  4.859477e+002 -6.138162e+003 -3.496074e+001
    endloop
  endfacet
  facet normal -7.464039e-002 -8.865340e-003 -9.971711e-001
    outer loop
      vertex  4.920684e+002 -6.499231e+003 -3.220880e+001
      vertex  4.859477e+002 -6.138162e+003 -3.496074e+001
      vertex  4.986214e+002 -6.499231e+003 -3.269931e+001
    endloop
  endfacet
  facet normal -1.309070e-001 -1.136269e-002 -9.913296e-001
    outer loop
      vertex  4.391752e+002 -6.138162e+003 -3.026114e+001
      vertex  4.443557e+002 -6.138162e+003 -3.094524e+001
      vertex  4.602971e+002 -6.499231e+003 -2.891174e+001
    endloop
  endfacet
  facet normal -1.224273e-001 -1.099443e-002 -9.924166e-001
    outer loop
      vertex  4.602971e+002 -6.499231e+003 -2.891174e+001
      vertex  4.443557e+002 -6.138162e+003 -3.094524e+001
      vertex  4.495599e+002 -6.138162e+003 -3.158725e+001
    endloop
  endfacet
  facet normal -1.219991e-001 -1.098209e-002 -9.924695e-001
    outer loop
      vertex  4.602971e+002 -6.499231e+003 -2.891174e+001
      vertex  4.495599e+002 -6.138162e+003 -3.158725e+001
      vertex  4.679589e+002 -6.499231e+003 -2.985356e+001
    endloop
  endfacet
  facet normal -1.146109e-001 -1.060985e-002 -9.933538e-001
    outer loop
      vertex  4.679589e+002 -6.499231e+003 -2.985356e+001
      vertex  4.495599e+002 -6.138162e+003 -3.158725e+001
      vertex  4.547793e+002 -6.138162e+003 -3.218945e+001
    endloop
  endfacet
  facet normal -1.123632e-001 -1.052947e-002 -9.936114e-001
    outer loop
      vertex  4.679589e+002 -6.499231e+003 -2.985356e+001
      vertex  4.547793e+002 -6.138162e+003 -3.218945e+001
      vertex  4.723629e+002 -6.499231e+003 -3.035159e+001
    endloop
  endfacet
  facet normal -1.031090e-001 -1.008393e-002 -9.946190e-001
    outer loop
      vertex  4.723629e+002 -6.499231e+003 -3.035159e+001
      vertex  4.547793e+002 -6.138162e+003 -3.218945e+001
      vertex  4.651849e+002 -6.138162e+003 -3.326816e+001
    endloop
  endfacet
  facet normal -1.038186e-001 -1.009744e-002 -9.945450e-001
    outer loop
      vertex  4.723629e+002 -6.499231e+003 -3.035159e+001
      vertex  4.651849e+002 -6.138162e+003 -3.326816e+001
      vertex  4.789368e+002 -6.499231e+003 -3.103783e+001
    endloop
  endfacet
  facet normal -2.659413e-001 -1.833298e-002 -9.638149e-001
    outer loop
      vertex  4.263111e+002 -6.499231e+003 -2.232727e+001
      vertex  4.079507e+002 -6.138162e+003 -2.412915e+001
      vertex  4.296645e+002 -6.499231e+003 -2.325256e+001
    endloop
  endfacet
  facet normal -2.545221e-001 -1.765377e-002 -9.669058e-001
    outer loop
      vertex  4.296645e+002 -6.499231e+003 -2.325256e+001
      vertex  4.079507e+002 -6.138162e+003 -2.412915e+001
      vertex  4.132800e+002 -6.138162e+003 -2.553200e+001
    endloop
  endfacet
  facet normal -2.482580e-001 -1.737982e-002 -9.685380e-001
    outer loop
      vertex  4.296645e+002 -6.499231e+003 -2.325256e+001
      vertex  4.132800e+002 -6.138162e+003 -2.553200e+001
      vertex  4.330358e+002 -6.499231e+003 -2.411669e+001
    endloop
  endfacet
  facet normal -2.266268e-001 -1.621708e-002 -9.738466e-001
    outer loop
      vertex  4.330358e+002 -6.499231e+003 -2.411669e+001
      vertex  4.132800e+002 -6.138162e+003 -2.553200e+001
      vertex  4.184807e+002 -6.138162e+003 -2.674228e+001
    endloop
  endfacet
  facet normal -2.248384e-001 -1.614801e-002 -9.742622e-001
    outer loop
      vertex  4.330358e+002 -6.499231e+003 -2.411669e+001
      vertex  4.184807e+002 -6.138162e+003 -2.674228e+001
      vertex  4.379649e+002 -6.499231e+003 -2.525423e+001
    endloop
  endfacet
  facet normal -1.989450e-001 -1.477397e-002 -9.798993e-001
    outer loop
      vertex  4.379649e+002 -6.499231e+003 -2.525423e+001
      vertex  4.184807e+002 -6.138162e+003 -2.674228e+001
      vertex  4.236667e+002 -6.138162e+003 -2.779516e+001
    endloop
  endfacet
  facet normal -1.971449e-001 -1.470525e-002 -9.802641e-001
    outer loop
      vertex  4.379649e+002 -6.499231e+003 -2.525423e+001
      vertex  4.236667e+002 -6.138162e+003 -2.779516e+001
      vertex  4.428798e+002 -6.499231e+003 -2.624268e+001
    endloop
  endfacet
  facet normal -1.744601e-001 -1.351667e-002 -9.845715e-001
    outer loop
      vertex  4.428798e+002 -6.499231e+003 -2.624268e+001
      vertex  4.236667e+002 -6.138162e+003 -2.779516e+001
      vertex  4.288414e+002 -6.138162e+003 -2.871209e+001
    endloop
  endfacet
  facet normal -1.726510e-001 -1.344852e-002 -9.848912e-001
    outer loop
      vertex  4.428798e+002 -6.499231e+003 -2.624268e+001
      vertex  4.288414e+002 -6.138162e+003 -2.871209e+001
      vertex  4.477839e+002 -6.499231e+003 -2.710236e+001
    endloop
  endfacet
  facet normal -1.551875e-001 -1.254534e-002 -9.878054e-001
    outer loop
      vertex  4.477839e+002 -6.499231e+003 -2.710236e+001
      vertex  4.288414e+002 -6.138162e+003 -2.871209e+001
      vertex  4.340216e+002 -6.138162e+003 -2.952591e+001
    endloop
  endfacet
  facet normal -1.533724e-001 -1.247807e-002 -9.880897e-001
    outer loop
      vertex  4.477839e+002 -6.499231e+003 -2.710236e+001
      vertex  4.340216e+002 -6.138162e+003 -2.952591e+001
      vertex  4.526929e+002 -6.499231e+003 -2.786434e+001
    endloop
  endfacet
  facet normal -1.412238e-001 -1.185821e-002 -9.899067e-001
    outer loop
      vertex  4.526929e+002 -6.499231e+003 -2.786434e+001
      vertex  4.340216e+002 -6.138162e+003 -2.952591e+001
      vertex  4.391752e+002 -6.138162e+003 -3.026114e+001
    endloop
  endfacet
  facet normal -1.364411e-001 -1.168362e-002 -9.905794e-001
    outer loop
      vertex  4.526929e+002 -6.499231e+003 -2.786434e+001
      vertex  4.391752e+002 -6.138162e+003 -3.026114e+001
      vertex  4.602971e+002 -6.499231e+003 -2.891174e+001
    endloop
  endfacet
  facet normal -4.241427e-001 -2.708114e-002 -9.051904e-001
    outer loop
      vertex  3.873669e+002 -6.138162e+003 -1.682820e+001
      vertex  3.899567e+002 -6.138162e+003 -1.804169e+001
      vertex  4.107882e+002 -6.499231e+003 -1.700034e+001
    endloop
  endfacet
  facet normal -3.836475e-001 -2.479660e-002 -9.231467e-001
    outer loop
      vertex  4.107882e+002 -6.499231e+003 -1.700034e+001
      vertex  3.899567e+002 -6.138162e+003 -1.804169e+001
      vertex  3.925677e+002 -6.138162e+003 -1.912681e+001
    endloop
  endfacet
  facet normal -3.830146e-001 -2.476621e-002 -9.234102e-001
    outer loop
      vertex  4.107882e+002 -6.499231e+003 -1.700034e+001
      vertex  3.925677e+002 -6.138162e+003 -1.912681e+001
      vertex  4.134022e+002 -6.499231e+003 -1.808459e+001
    endloop
  endfacet
  facet normal -3.544713e-001 -2.315202e-002 -9.347802e-001
    outer loop
      vertex  4.134022e+002 -6.499231e+003 -1.808459e+001
      vertex  3.925677e+002 -6.138162e+003 -1.912681e+001
      vertex  3.947756e+002 -6.138162e+003 -1.996404e+001
    endloop
  endfacet
  facet normal -3.528192e-001 -2.307006e-002 -9.354070e-001
    outer loop
      vertex  4.134022e+002 -6.499231e+003 -1.808459e+001
      vertex  3.947756e+002 -6.138162e+003 -1.996404e+001
      vertex  4.154830e+002 -6.499231e+003 -1.886941e+001
    endloop
  endfacet
  facet normal -3.338814e-001 -2.200504e-002 -9.423581e-001
    outer loop
      vertex  4.154830e+002 -6.499231e+003 -1.886941e+001
      vertex  3.947756e+002 -6.138162e+003 -1.996404e+001
      vertex  3.970138e+002 -6.138162e+003 -2.075705e+001
    endloop
  endfacet
  facet normal -3.323122e-001 -2.192769e-002 -9.429145e-001
    outer loop
      vertex  4.154830e+002 -6.499231e+003 -1.886941e+001
      vertex  3.970138e+002 -6.138162e+003 -2.075705e+001
      vertex  4.175920e+002 -6.499231e+003 -1.961271e+001
    endloop
  endfacet
  facet normal -3.158622e-001 -2.100809e-002 -9.485725e-001
    outer loop
      vertex  4.175920e+002 -6.499231e+003 -1.961271e+001
      vertex  3.970138e+002 -6.138162e+003 -2.075705e+001
      vertex  3.998266e+002 -6.138162e+003 -2.169366e+001
    endloop
  endfacet
  facet normal -3.092564e-001 -2.069564e-002 -9.507534e-001
    outer loop
      vertex  4.175920e+002 -6.499231e+003 -1.961271e+001
      vertex  3.998266e+002 -6.138162e+003 -2.169366e+001
      vertex  4.218999e+002 -6.499231e+003 -2.101394e+001
    endloop
  endfacet
  facet normal -6.167715e-001 -3.814876e-002 -7.862173e-001
    outer loop
      vertex  4.009292e+002 -6.499231e+003 -1.110737e+001
      vertex  3.803836e+002 -6.138162e+003 -1.250957e+001
      vertex  4.021628e+002 -6.499231e+003 -1.207516e+001
    endloop
  endfacet
  facet normal -5.843989e-001 -3.622550e-002 -8.106576e-001
    outer loop
      vertex  4.021628e+002 -6.499231e+003 -1.207516e+001
      vertex  3.803836e+002 -6.138162e+003 -1.250957e+001
      vertex  3.822368e+002 -6.138162e+003 -1.384552e+001
    endloop
  endfacet
  facet normal -5.783870e-001 -3.591487e-002 -8.149715e-001
    outer loop
      vertex  4.021628e+002 -6.499231e+003 -1.207516e+001
      vertex  3.822368e+002 -6.138162e+003 -1.384552e+001
      vertex  4.036057e+002 -6.499231e+003 -1.309917e+001
    endloop
  endfacet
  facet normal -5.455167e-001 -3.401591e-002 -8.374093e-001
    outer loop
      vertex  4.036057e+002 -6.499231e+003 -1.309917e+001
      vertex  3.822368e+002 -6.138162e+003 -1.384552e+001
      vertex  3.834449e+002 -6.138162e+003 -1.463249e+001
    endloop
  endfacet
  facet normal -5.440838e-001 -3.393987e-002 -8.383442e-001
    outer loop
      vertex  4.036057e+002 -6.499231e+003 -1.309917e+001
      vertex  3.834449e+002 -6.138162e+003 -1.463249e+001
      vertex  4.047438e+002 -6.499231e+003 -1.383777e+001
    endloop
  endfacet
  facet normal -5.170164e-001 -3.238067e-002 -8.553627e-001
    outer loop
      vertex  4.047438e+002 -6.499231e+003 -1.383777e+001
      vertex  3.834449e+002 -6.138162e+003 -1.463249e+001
      vertex  3.846620e+002 -6.138162e+003 -1.536814e+001
    endloop
  endfacet
  facet normal -5.157201e-001 -3.231190e-002 -8.561476e-001
    outer loop
      vertex  4.047438e+002 -6.499231e+003 -1.383777e+001
      vertex  3.846620e+002 -6.138162e+003 -1.536814e+001
      vertex  4.058902e+002 -6.499231e+003 -1.452837e+001
    endloop
  endfacet
  facet normal -4.886180e-001 -3.075526e-002 -8.719556e-001
    outer loop
      vertex  4.058902e+002 -6.499231e+003 -1.452837e+001
      vertex  3.846620e+002 -6.138162e+003 -1.536814e+001
      vertex  3.860125e+002 -6.138162e+003 -1.612497e+001
    endloop
  endfacet
  facet normal -4.762490e-001 -3.010456e-002 -8.787949e-001
    outer loop
      vertex  4.058902e+002 -6.499231e+003 -1.452837e+001
      vertex  3.860125e+002 -6.138162e+003 -1.612497e+001
      vertex  4.081956e+002 -6.499231e+003 -1.577775e+001
    endloop
  endfacet
  facet normal -6.550925e-001 -4.028008e-002 -7.544743e-001
    outer loop
      vertex  3.997406e+002 -6.499231e+003 -1.007539e+001
      vertex  3.777398e+002 -6.138162e+003 -1.024940e+001
      vertex  4.009292e+002 -6.499231e+003 -1.110737e+001
    endloop
  endfacet
  facet normal -6.763098e-001 -4.168798e-002 -7.354367e-001
    outer loop
      vertex  4.009292e+002 -6.499231e+003 -1.110737e+001
      vertex  3.777398e+002 -6.138162e+003 -1.024940e+001
      vertex  3.786009e+002 -6.138162e+003 -1.104129e+001
    endloop
  endfacet
  facet normal -6.763138e-001 -4.154597e-002 -7.354411e-001
    outer loop
      vertex  3.777398e+002 -6.138162e+003 -1.024940e+001
      vertex  3.558599e+002 -5.777094e+003 -1.052582e+001
      vertex  3.786009e+002 -6.138162e+003 -1.104129e+001
    endloop
  endfacet
  facet normal -6.821552e-001 -4.192164e-002 -7.300047e-001
    outer loop
      vertex  3.786009e+002 -6.138162e+003 -1.104129e+001
      vertex  3.558599e+002 -5.777094e+003 -1.052582e+001
      vertex  3.570456e+002 -5.777094e+003 -1.163375e+001
    endloop
  endfacet
  facet normal -6.973820e-001 -4.280070e-002 -7.154204e-001
    outer loop
      vertex  3.985372e+002 -6.499231e+003 -8.902335e+000
      vertex  3.769141e+002 -6.138162e+003 -9.425651e+000
      vertex  3.997406e+002 -6.499231e+003 -1.007539e+001
    endloop
  endfacet
  facet normal -7.056022e-001 -4.333502e-002 -7.072818e-001
    outer loop
      vertex  3.997406e+002 -6.499231e+003 -1.007539e+001
      vertex  3.769141e+002 -6.138162e+003 -9.425651e+000
      vertex  3.777398e+002 -6.138162e+003 -1.024940e+001
    endloop
  endfacet
  facet normal -7.056064e-001 -4.319938e-002 -7.072859e-001
    outer loop
      vertex  3.769141e+002 -6.138162e+003 -9.425651e+000
      vertex  3.547430e+002 -5.777094e+003 -9.360491e+000
      vertex  3.777398e+002 -6.138162e+003 -1.024940e+001
    endloop
  endfacet
  facet normal -7.212487e-001 -4.423510e-002 -6.912623e-001
    outer loop
      vertex  3.777398e+002 -6.138162e+003 -1.024940e+001
      vertex  3.547430e+002 -5.777094e+003 -9.360491e+000
      vertex  3.558599e+002 -5.777094e+003 -1.052582e+001
    endloop
  endfacet
  facet normal -7.357776e-001 -4.505771e-002 -6.757226e-001
    outer loop
      vertex  3.547430e+002 -5.777094e+003 -9.360491e+000
      vertex  3.769141e+002 -6.138162e+003 -9.425651e+000
      vertex  3.761476e+002 -6.138162e+003 -8.591017e+000
    endloop
  endfacet
  facet normal -7.357782e-001 -4.504258e-002 -6.757231e-001
    outer loop
      vertex  3.761476e+002 -6.138162e+003 -8.591017e+000
      vertex  3.769141e+002 -6.138162e+003 -9.425651e+000
      vertex  3.985372e+002 -6.499231e+003 -8.902335e+000
    endloop
  endfacet
  facet normal -7.438943e-001 -4.555360e-002 -6.667429e-001
    outer loop
      vertex  3.761476e+002 -6.138162e+003 -8.591017e+000
      vertex  3.985372e+002 -6.499231e+003 -8.902335e+000
      vertex  3.974260e+002 -6.499231e+003 -7.662547e+000
    endloop
  endfacet
  facet normal -8.511649e-001 -5.180275e-002 -5.223360e-001
    outer loop
      vertex  3.856675e+000  0.000000e+000 -1.125555e+001
      vertex  2.582729e+002 -4.212464e+003 -8.063931e+000
      vertex  2.576830e+002 -4.212464e+003 -7.102759e+000
    endloop
  endfacet
  facet normal -8.511630e-001 -5.184378e-002 -5.223348e-001
    outer loop
      vertex  2.576830e+002 -4.212464e+003 -7.102759e+000
      vertex  2.582729e+002 -4.212464e+003 -8.063931e+000
      vertex  2.875969e+002 -4.693889e+003 -8.065231e+000
    endloop
  endfacet
  facet normal -8.440058e-001 -5.137599e-002 -5.338677e-001
    outer loop
      vertex  2.576830e+002 -4.212464e+003 -7.102759e+000
      vertex  2.875969e+002 -4.693889e+003 -8.065231e+000
      vertex  2.867398e+002 -4.693889e+003 -6.710193e+000
    endloop
  endfacet
  facet normal -8.440071e-001 -5.134501e-002 -5.338686e-001
    outer loop
      vertex  2.867398e+002 -4.693889e+003 -6.710193e+000
      vertex  2.875969e+002 -4.693889e+003 -8.065231e+000
      vertex  3.090613e+002 -5.054957e+003 -7.273017e+000
    endloop
  endfacet
  facet normal -8.499683e-001 -5.172847e-002 -5.242881e-001
    outer loop
      vertex  2.867398e+002 -4.693889e+003 -6.710193e+000
      vertex  3.090613e+002 -5.054957e+003 -7.273017e+000
      vertex  3.085293e+002 -5.054957e+003 -6.410525e+000
    endloop
  endfacet
  facet normal -8.499683e-001 -5.172849e-002 -5.242881e-001
    outer loop
      vertex  3.085293e+002 -5.054957e+003 -6.410525e+000
      vertex  3.090613e+002 -5.054957e+003 -7.273017e+000
      vertex  3.308057e+002 -5.416025e+003 -6.900113e+000
    endloop
  endfacet
  facet normal -8.501624e-001 -5.174090e-002 -5.239720e-001
    outer loop
      vertex  3.085293e+002 -5.054957e+003 -6.410525e+000
      vertex  3.308057e+002 -5.416025e+003 -6.900113e+000
      vertex  3.303105e+002 -5.416025e+003 -6.096570e+000
    endloop
  endfacet
  facet normal -8.501626e-001 -5.173985e-002 -5.239720e-001
    outer loop
      vertex  3.303105e+002 -5.416025e+003 -6.096570e+000
      vertex  3.308057e+002 -5.416025e+003 -6.900113e+000
      vertex  3.525507e+002 -5.777094e+003 -6.528205e+000
    endloop
  endfacet
  facet normal -8.503832e-001 -5.175387e-002 -5.236124e-001
    outer loop
      vertex  3.303105e+002 -5.416025e+003 -6.096570e+000
      vertex  3.525507e+002 -5.777094e+003 -6.528205e+000
      vertex  3.520919e+002 -5.777094e+003 -5.783130e+000
    endloop
  endfacet
  facet normal -8.503827e-001 -5.176331e-002 -5.236122e-001
    outer loop
      vertex  3.520919e+002 -5.777094e+003 -5.783130e+000
      vertex  3.525507e+002 -5.777094e+003 -6.528205e+000
      vertex  3.743761e+002 -6.138162e+003 -6.279657e+000
    endloop
  endfacet
  facet normal -8.473814e-001 -5.157138e-002 -5.284745e-001
    outer loop
      vertex  3.520919e+002 -5.777094e+003 -5.783130e+000
      vertex  3.743761e+002 -6.138162e+003 -6.279657e+000
      vertex  3.739101e+002 -6.138162e+003 -5.532494e+000
    endloop
  endfacet
  facet normal -8.473770e-001 -5.167059e-002 -5.284718e-001
    outer loop
      vertex  3.739101e+002 -6.138162e+003 -5.532494e+000
      vertex  3.743761e+002 -6.138162e+003 -6.279657e+000
      vertex  3.965527e+002 -6.499231e+003 -6.535686e+000
    endloop
  endfacet
  facet normal -8.330187e-001 -5.070782e-002 -5.509160e-001
    outer loop
      vertex  3.739101e+002 -6.138162e+003 -5.532494e+000
      vertex  3.965527e+002 -6.499231e+003 -6.535686e+000
      vertex  3.957800e+002 -6.499231e+003 -5.367355e+000
    endloop
  endfacet
  facet normal -8.745845e-001 -5.317540e-002 -4.819483e-001
    outer loop
      vertex  3.298610e+002 -5.416025e+003 -5.279200e+000
      vertex  3.520919e+002 -5.777094e+003 -5.783130e+000
      vertex  3.516744e+002 -5.777094e+003 -5.025534e+000
    endloop
  endfacet
  facet normal -8.745842e-001 -5.318287e-002 -4.819482e-001
    outer loop
      vertex  3.516744e+002 -5.777094e+003 -5.025534e+000
      vertex  3.520919e+002 -5.777094e+003 -5.783130e+000
      vertex  3.739101e+002 -6.138162e+003 -5.532494e+000
    endloop
  endfacet
  facet normal -8.730996e-001 -5.308766e-002 -4.846430e-001
    outer loop
      vertex  3.516744e+002 -5.777094e+003 -5.025534e+000
      vertex  3.739101e+002 -6.138162e+003 -5.532494e+000
      vertex  3.734879e+002 -6.138162e+003 -4.771868e+000
    endloop
  endfacet
  facet normal -8.730988e-001 -5.310516e-002 -4.846425e-001
    outer loop
      vertex  3.734879e+002 -6.138162e+003 -4.771868e+000
      vertex  3.739101e+002 -6.138162e+003 -5.532494e+000
      vertex  3.957800e+002 -6.499231e+003 -5.367355e+000
    endloop
  endfacet
  facet normal -8.701082e-001 -5.291167e-002 -4.900122e-001
    outer loop
      vertex  3.734879e+002 -6.138162e+003 -4.771868e+000
      vertex  3.957800e+002 -6.499231e+003 -5.367355e+000
      vertex  3.952955e+002 -6.499231e+003 -4.506986e+000
    endloop
  endfacet
  facet normal -8.750022e-001 -5.320219e-002 -4.811867e-001
    outer loop
      vertex  3.520919e+002 -5.777094e+003 -5.783130e+000
      vertex  3.298610e+002 -5.416025e+003 -5.279200e+000
      vertex  3.303105e+002 -5.416025e+003 -6.096570e+000
    endloop
  endfacet
  facet normal -8.750024e-001 -5.320019e-002 -4.811867e-001
    outer loop
      vertex  3.303105e+002 -5.416025e+003 -6.096570e+000
      vertex  3.298610e+002 -5.416025e+003 -5.279200e+000
      vertex  3.080475e+002 -5.054957e+003 -5.532866e+000
    endloop
  endfacet
  facet normal -8.753403e-001 -5.322199e-002 -4.805692e-001
    outer loop
      vertex  3.303105e+002 -5.416025e+003 -6.096570e+000
      vertex  3.080475e+002 -5.054957e+003 -5.532866e+000
      vertex  3.085293e+002 -5.054957e+003 -6.410525e+000
    endloop
  endfacet
  facet normal -8.753432e-001 -5.316053e-002 -4.805707e-001
    outer loop
      vertex  3.085293e+002 -5.054957e+003 -6.410525e+000
      vertex  3.080475e+002 -5.054957e+003 -5.532866e+000
      vertex  2.860021e+002 -4.693889e+003 -5.319192e+000
    endloop
  endfacet
  facet normal -8.821779e-001 -5.362539e-002 -4.678530e-001
    outer loop
      vertex  3.085293e+002 -5.054957e+003 -6.410525e+000
      vertex  2.860021e+002 -4.693889e+003 -5.319192e+000
      vertex  2.867398e+002 -4.693889e+003 -6.710193e+000
    endloop
  endfacet
  facet normal -8.821766e-001 -5.365341e-002 -4.678523e-001
    outer loop
      vertex  2.867398e+002 -4.693889e+003 -6.710193e+000
      vertex  2.860021e+002 -4.693889e+003 -5.319192e+000
      vertex  2.571494e+002 -4.212464e+003 -6.124754e+000
    endloop
  endfacet
  facet normal -8.765826e-001 -5.329688e-002 -4.782912e-001
    outer loop
      vertex  2.867398e+002 -4.693889e+003 -6.710193e+000
      vertex  2.571494e+002 -4.212464e+003 -6.124754e+000
      vertex  2.576830e+002 -4.212464e+003 -7.102759e+000
    endloop
  endfacet
  facet normal -8.765826e-001 -5.329750e-002 -4.782911e-001
    outer loop
      vertex  2.576830e+002 -4.212464e+003 -7.102759e+000
      vertex  2.571494e+002 -4.212464e+003 -6.124754e+000
      vertex  2.981612e+000  4.547474e-013 -9.709938e+000
    endloop
  endfacet
  facet normal -8.689955e-001 -5.284724e-002 -4.919897e-001
    outer loop
      vertex  2.576830e+002 -4.212464e+003 -7.102759e+000
      vertex  2.981612e+000  4.547474e-013 -9.709938e+000
      vertex  3.856675e+000  0.000000e+000 -1.125555e+001
    endloop
  endfacet
  facet normal -9.526070e-001 -5.780644e-002 -2.986609e-001
    outer loop
      vertex  3.942368e+002 -6.499231e+003 -1.834834e+000
      vertex  3.725104e+002 -6.138162e+003 -2.422226e+000
      vertex  3.945201e+002 -6.499231e+003 -2.738526e+000
    endloop
  endfacet
  facet normal -9.380555e-001 -5.688165e-002 -3.417841e-001
    outer loop
      vertex  3.945201e+002 -6.499231e+003 -2.738526e+000
      vertex  3.725104e+002 -6.138162e+003 -2.422226e+000
      vertex  3.729427e+002 -6.138162e+003 -3.608492e+000
    endloop
  endfacet
  facet normal -9.279148e-001 -5.634003e-002 -3.685104e-001
    outer loop
      vertex  3.945201e+002 -6.499231e+003 -2.738526e+000
      vertex  3.729427e+002 -6.138162e+003 -3.608492e+000
      vertex  3.948741e+002 -6.499231e+003 -3.629990e+000
    endloop
  endfacet
  facet normal -9.041252e-001 -5.489175e-002 -4.237269e-001
    outer loop
      vertex  3.948741e+002 -6.499231e+003 -3.629990e+000
      vertex  3.729427e+002 -6.138162e+003 -3.608492e+000
      vertex  3.734879e+002 -6.138162e+003 -4.771868e+000
    endloop
  endfacet
  facet normal -9.000272e-001 -5.467642e-002 -4.323904e-001
    outer loop
      vertex  3.948741e+002 -6.499231e+003 -3.629990e+000
      vertex  3.734879e+002 -6.138162e+003 -4.771868e+000
      vertex  3.952955e+002 -6.499231e+003 -4.506986e+000
    endloop
  endfacet
  facet normal -9.877748e-001 -5.983612e-002 -1.439468e-001
    outer loop
      vertex  3.938928e+002 -6.499231e+003  1.118470e-014
      vertex  3.721979e+002 -6.138162e+003 -1.217783e+000
      vertex  3.940270e+002 -6.499231e+003 -9.212130e-001
    endloop
  endfacet
  facet normal -9.662740e-001 -5.862396e-002 -2.507546e-001
    outer loop
      vertex  3.940270e+002 -6.499231e+003 -9.212130e-001
      vertex  3.721979e+002 -6.138162e+003 -1.217783e+000
      vertex  3.725104e+002 -6.138162e+003 -2.422226e+000
    endloop
  endfacet
  facet normal -9.729453e-001 -5.890780e-002 -2.233994e-001
    outer loop
      vertex  3.940270e+002 -6.499231e+003 -9.212130e-001
      vertex  3.725104e+002 -6.138162e+003 -2.422226e+000
      vertex  3.942368e+002 -6.499231e+003 -1.834834e+000
    endloop
  endfacet
  facet normal  2.856264e-002 -6.685609e-003 -9.995697e-001
    outer loop
      vertex  7.336916e+002 -4.212464e+003 -4.749935e+001
      vertex  7.334547e+002  9.094947e-013 -7.568113e+001
      vertex  7.603347e+002 -4.212464e+003 -4.673802e+001
    endloop
  endfacet
  facet normal  2.317302e-002 -6.720956e-003 -9.997088e-001
    outer loop
      vertex  7.603347e+002 -4.212464e+003 -4.673802e+001
      vertex  7.334547e+002  9.094947e-013 -7.568113e+001
      vertex  7.860220e+002  9.094947e-013 -7.446263e+001
    endloop
  endfacet
  facet normal  3.211766e-002 -6.773870e-003 -9.994611e-001
    outer loop
      vertex  7.603347e+002 -4.212464e+003 -4.673802e+001
      vertex  7.860220e+002  9.094947e-013 -7.446263e+001
      vertex  7.869759e+002 -4.212464e+003 -4.588191e+001
    endloop
  endfacet
  facet normal  2.734054e-002 -6.775916e-003 -9.996032e-001
    outer loop
      vertex  7.869759e+002 -4.212464e+003 -4.588191e+001
      vertex  7.860220e+002  9.094947e-013 -7.446263e+001
      vertex  8.386136e+002 -4.547474e-013 -7.302418e+001
    endloop
  endfacet
  facet normal  3.525015e-002 -6.871274e-003 -9.993549e-001
    outer loop
      vertex  7.869759e+002 -4.212464e+003 -4.588191e+001
      vertex  8.386136e+002 -4.547474e-013 -7.302418e+001
      vertex  8.136296e+002 -4.212464e+003 -4.494175e+001
    endloop
  endfacet
  facet normal  3.010209e-002 -6.841865e-003 -9.995235e-001
    outer loop
      vertex  8.136296e+002 -4.212464e+003 -4.494175e+001
      vertex  8.386136e+002 -4.547474e-013 -7.302418e+001
      vertex  8.736692e+002 -4.547474e-013 -7.196843e+001
    endloop
  endfacet
  facet normal  3.784424e-002 -6.950519e-003 -9.992594e-001
    outer loop
      vertex  8.136296e+002 -4.212464e+003 -4.494175e+001
      vertex  8.736692e+002 -4.547474e-013 -7.196843e+001
      vertex  8.402789e+002 -4.212464e+003 -4.393248e+001
    endloop
  endfacet
  facet normal  3.234649e-002 -6.908229e-003 -9.994529e-001
    outer loop
      vertex  8.402789e+002 -4.212464e+003 -4.393248e+001
      vertex  8.736692e+002 -4.547474e-013 -7.196843e+001
      vertex  9.437720e+002  0.000000e+000 -6.969961e+001
    endloop
  endfacet
  facet normal  4.053656e-002 -7.107609e-003 -9.991528e-001
    outer loop
      vertex  8.402789e+002 -4.212464e+003 -4.393248e+001
      vertex  9.437720e+002  0.000000e+000 -6.969961e+001
      vertex  8.935685e+002 -4.212464e+003 -4.177048e+001
    endloop
  endfacet
  facet normal  3.381304e-002 -7.029141e-003 -9.994035e-001
    outer loop
      vertex  8.935685e+002 -4.212464e+003 -4.177048e+001
      vertex  9.437720e+002  0.000000e+000 -6.969961e+001
      vertex  9.963602e+002  0.000000e+000 -6.792038e+001
    endloop
  endfacet
  facet normal  4.230613e-002 -7.234370e-003 -9.990785e-001
    outer loop
      vertex  8.935685e+002 -4.212464e+003 -4.177048e+001
      vertex  9.963602e+002  0.000000e+000 -6.792038e+001
      vertex  9.468683e+002 -4.212464e+003 -3.951349e+001
    endloop
  endfacet
  facet normal  3.433726e-002 -7.142810e-003 -9.993848e-001
    outer loop
      vertex  9.468683e+002 -4.212464e+003 -3.951349e+001
      vertex  9.963602e+002  0.000000e+000 -6.792038e+001
      vertex  1.101540e+003 -4.547474e-013 -6.430659e+001
    endloop
  endfacet
  facet normal  4.274193e-002 -7.449488e-003 -9.990584e-001
    outer loop
      vertex  9.468683e+002 -4.212464e+003 -3.951349e+001
      vertex  1.101540e+003 -4.547474e-013 -6.430659e+001
      vertex  1.000169e+003 -4.212464e+003 -3.723315e+001
    endloop
  endfacet
  facet normal  3.496212e-002 -7.264224e-003 -9.993622e-001
    outer loop
      vertex  1.000169e+003 -4.212464e+003 -3.723315e+001
      vertex  1.101540e+003 -4.547474e-013 -6.430659e+001
      vertex  1.171666e+003  0.000000e+000 -6.185325e+001
    endloop
  endfacet
  facet normal  4.341241e-002 -7.606299e-003 -9.990283e-001
    outer loop
      vertex  1.000169e+003 -4.212464e+003 -3.723315e+001
      vertex  1.171666e+003  0.000000e+000 -6.185325e+001
      vertex  1.053475e+003 -4.212464e+003 -3.491677e+001
    endloop
  endfacet
  facet normal  3.710607e-002 -7.430992e-003 -9.992837e-001
    outer loop
      vertex  1.053475e+003 -4.212464e+003 -3.491677e+001
      vertex  1.171666e+003  0.000000e+000 -6.185325e+001
      vertex  1.259316e+003  0.000000e+000 -5.859858e+001
    endloop
  endfacet
  facet normal  4.561572e-002 -7.844815e-003 -9.989282e-001
    outer loop
      vertex  1.053475e+003 -4.212464e+003 -3.491677e+001
      vertex  1.259316e+003  0.000000e+000 -5.859858e+001
      vertex  1.106774e+003 -4.212464e+003 -3.248288e+001
    endloop
  endfacet
  facet normal  3.957105e-002 -7.627535e-003 -9.991877e-001
    outer loop
      vertex  1.106774e+003 -4.212464e+003 -3.248288e+001
      vertex  1.259316e+003  0.000000e+000 -5.859858e+001
      vertex  1.311915e+003  9.094947e-013 -5.651550e+001
    endloop
  endfacet
  facet normal  4.821420e-002 -8.046256e-003 -9.988046e-001
    outer loop
      vertex  1.106774e+003 -4.212464e+003 -3.248288e+001
      vertex  1.311915e+003  9.094947e-013 -5.651550e+001
      vertex  1.160081e+003 -4.212464e+003 -2.990964e+001
    endloop
  endfacet
  facet normal  1.402891e-002 -6.528421e-003 -9.998803e-001
    outer loop
      vertex  6.271526e+002 -4.212464e+003 -4.954868e+001
      vertex  5.757939e+002 -9.094947e-013 -7.777330e+001
      vertex  6.537823e+002 -4.212464e+003 -4.917505e+001
    endloop
  endfacet
  facet normal  8.329753e-003 -6.634362e-003 -9.999433e-001
    outer loop
      vertex  6.537823e+002 -4.212464e+003 -4.917505e+001
      vertex  5.757939e+002 -9.094947e-013 -7.777330e+001
      vertex  6.283245e+002 -9.094947e-013 -7.733571e+001
    endloop
  endfacet
  facet normal  1.725015e-002 -6.579691e-003 -9.998295e-001
    outer loop
      vertex  6.537823e+002 -4.212464e+003 -4.917505e+001
      vertex  6.283245e+002 -9.094947e-013 -7.733571e+001
      vertex  6.804081e+002 -4.212464e+003 -4.871567e+001
    endloop
  endfacet
  facet normal  1.316632e-002 -6.630604e-003 -9.998914e-001
    outer loop
      vertex  6.804081e+002 -4.212464e+003 -4.871567e+001
      vertex  6.283245e+002 -9.094947e-013 -7.733571e+001
      vertex  6.808865e+002  9.094947e-013 -7.664359e+001
    endloop
  endfacet
  facet normal  2.089198e-002 -6.630609e-003 -9.997597e-001
    outer loop
      vertex  6.804081e+002 -4.212464e+003 -4.871567e+001
      vertex  6.808865e+002  9.094947e-013 -7.664359e+001
      vertex  7.070489e+002 -4.212464e+003 -4.815895e+001
    endloop
  endfacet
  facet normal -1.287091e-002 -6.873686e-003 -9.998935e-001
    outer loop
      vertex  3.918962e+002  0.000000e+000 -7.739291e+001
      vertex  4.115845e+002  0.000000e+000 -7.764635e+001
      vertex  5.206121e+002 -4.212464e+003 -5.009154e+001
    endloop
  endfacet
  facet normal -9.021933e-003 -6.774346e-003 -9.999363e-001
    outer loop
      vertex  5.206121e+002 -4.212464e+003 -5.009154e+001
      vertex  4.115845e+002  0.000000e+000 -7.764635e+001
      vertex  4.312802e+002  4.547474e-013 -7.782405e+001
    endloop
  endfacet
  facet normal -2.578541e-003 -6.637956e-003 -9.999746e-001
    outer loop
      vertex  5.206121e+002 -4.212464e+003 -5.009154e+001
      vertex  4.312802e+002  4.547474e-013 -7.782405e+001
      vertex  5.472332e+002 -4.212464e+003 -5.016019e+001
    endloop
  endfacet
  facet normal -4.561842e-003 -6.692500e-003 -9.999672e-001
    outer loop
      vertex  5.472332e+002 -4.212464e+003 -5.016019e+001
      vertex  4.312802e+002  4.547474e-013 -7.782405e+001
      vertex  4.706882e+002  4.547474e-013 -7.800383e+001
    endloop
  endfacet
  facet normal  3.806006e-003 -6.540475e-003 -9.999714e-001
    outer loop
      vertex  5.472332e+002 -4.212464e+003 -5.016019e+001
      vertex  4.706882e+002  4.547474e-013 -7.800383e+001
      vertex  5.738691e+002 -4.212464e+003 -5.005881e+001
    endloop
  endfacet
  facet normal  1.905753e-004 -6.629075e-003 -9.999779e-001
    outer loop
      vertex  5.738691e+002 -4.212464e+003 -5.005881e+001
      vertex  4.706882e+002  4.547474e-013 -7.800383e+001
      vertex  5.232510e+002 -9.094947e-013 -7.799381e+001
    endloop
  endfacet
  facet normal  8.022630e-003 -6.534754e-003 -9.999465e-001
    outer loop
      vertex  5.738691e+002 -4.212464e+003 -5.005881e+001
      vertex  5.232510e+002 -9.094947e-013 -7.799381e+001
      vertex  6.005148e+002 -4.212464e+003 -4.984503e+001
    endloop
  endfacet
  facet normal -6.192620e-002 -8.449800e-003 -9.980450e-001
    outer loop
      vertex  2.475271e+002  0.000000e+000 -7.202795e+001
      vertex  2.606216e+002 -4.547474e-013 -7.284044e+001
      vertex  4.274318e+002 -4.212464e+003 -4.752639e+001
    endloop
  endfacet
  facet normal -5.595797e-002 -8.215592e-003 -9.983993e-001
    outer loop
      vertex  4.274318e+002 -4.212464e+003 -4.752639e+001
      vertex  2.606216e+002 -4.547474e-013 -7.284044e+001
      vertex  2.737354e+002 -4.547474e-013 -7.357543e+001
    endloop
  endfacet
  facet normal -4.907311e-002 -7.966642e-003 -9.987634e-001
    outer loop
      vertex  4.274318e+002 -4.212464e+003 -4.752639e+001
      vertex  2.737354e+002 -4.547474e-013 -7.357543e+001
      vertex  4.407283e+002 -4.212464e+003 -4.817970e+001
    endloop
  endfacet
  facet normal -5.042495e-002 -8.019824e-003 -9.986956e-001
    outer loop
      vertex  4.407283e+002 -4.212464e+003 -4.817970e+001
      vertex  2.737354e+002 -4.547474e-013 -7.357543e+001
      vertex  2.868642e+002 -4.547474e-013 -7.423832e+001
    endloop
  endfacet
  facet normal -4.075912e-002 -7.669517e-003 -9.991396e-001
    outer loop
      vertex  4.407283e+002 -4.212464e+003 -4.817970e+001
      vertex  2.868642e+002 -4.547474e-013 -7.423832e+001
      vertex  4.540467e+002 -4.212464e+003 -4.872301e+001
    endloop
  endfacet
  facet normal -4.281445e-002 -7.750563e-003 -9.990530e-001
    outer loop
      vertex  4.540467e+002 -4.212464e+003 -4.872301e+001
      vertex  2.868642e+002 -4.547474e-013 -7.423832e+001
      vertex  3.131436e+002  0.000000e+000 -7.536452e+001
    endloop
  endfacet
  facet normal -3.322239e-002 -7.432042e-003 -9.994204e-001
    outer loop
      vertex  4.540467e+002 -4.212464e+003 -4.872301e+001
      vertex  3.131436e+002  0.000000e+000 -7.536452e+001
      vertex  4.673736e+002 -4.212464e+003 -4.916602e+001
    endloop
  endfacet
  facet normal -3.486602e-002 -7.491868e-003 -9.993640e-001
    outer loop
      vertex  4.673736e+002 -4.212464e+003 -4.916602e+001
      vertex  3.131436e+002  0.000000e+000 -7.536452e+001
      vertex  3.316850e+002  0.000000e+000 -7.601140e+001
    endloop
  endfacet
  facet normal -2.630967e-002 -7.217939e-003 -9.996278e-001
    outer loop
      vertex  4.673736e+002 -4.212464e+003 -4.916602e+001
      vertex  3.316850e+002  0.000000e+000 -7.601140e+001
      vertex  4.806928e+002 -4.212464e+003 -4.951657e+001
    endloop
  endfacet
  facet normal -2.886807e-002 -7.307990e-003 -9.995566e-001
    outer loop
      vertex  4.806928e+002 -4.212464e+003 -4.951657e+001
      vertex  3.316850e+002  0.000000e+000 -7.601140e+001
      vertex  3.502169e+002  4.547474e-013 -7.654662e+001
    endloop
  endfacet
  facet normal -1.996841e-002 -7.033741e-003 -9.997759e-001
    outer loop
      vertex  4.806928e+002 -4.212464e+003 -4.951657e+001
      vertex  3.502169e+002  4.547474e-013 -7.654662e+001
      vertex  4.940041e+002 -4.212464e+003 -4.978244e+001
    endloop
  endfacet
  facet normal -2.305502e-002 -7.138672e-003 -9.997088e-001
    outer loop
      vertex  4.940041e+002 -4.212464e+003 -4.978244e+001
      vertex  3.502169e+002  4.547474e-013 -7.654662e+001
      vertex  3.710578e+002  0.000000e+000 -7.702724e+001
    endloop
  endfacet
  facet normal -1.420005e-002 -6.881306e-003 -9.998755e-001
    outer loop
      vertex  4.940041e+002 -4.212464e+003 -4.978244e+001
      vertex  3.710578e+002  0.000000e+000 -7.702724e+001
      vertex  5.073090e+002 -4.212464e+003 -4.997139e+001
    endloop
  endfacet
  facet normal -1.754472e-002 -6.989144e-003 -9.998217e-001
    outer loop
      vertex  5.073090e+002 -4.212464e+003 -4.997139e+001
      vertex  3.710578e+002  0.000000e+000 -7.702724e+001
      vertex  3.918962e+002  0.000000e+000 -7.739291e+001
    endloop
  endfacet
  facet normal -9.031289e-003 -6.756640e-003 -9.999363e-001
    outer loop
      vertex  5.073090e+002 -4.212464e+003 -4.997139e+001
      vertex  3.918962e+002  0.000000e+000 -7.739291e+001
      vertex  5.206121e+002 -4.212464e+003 -5.009154e+001
    endloop
  endfacet
  facet normal -8.343031e-002 -9.306126e-003 -9.964702e-001
    outer loop
      vertex  2.082840e+002  1.364242e-012 -6.904419e+001
      vertex  2.213652e+002  9.094947e-013 -7.013943e+001
      vertex  4.008895e+002 -4.212464e+003 -4.582966e+001
    endloop
  endfacet
  facet normal -7.556218e-002 -8.974445e-003 -9.971007e-001
    outer loop
      vertex  4.008895e+002 -4.212464e+003 -4.582966e+001
      vertex  2.213652e+002  9.094947e-013 -7.013943e+001
      vertex  2.344522e+002  9.094947e-013 -7.113119e+001
    endloop
  endfacet
  facet normal -6.915314e-002 -8.724026e-003 -9.975679e-001
    outer loop
      vertex  4.008895e+002 -4.212464e+003 -4.582966e+001
      vertex  2.344522e+002  9.094947e-013 -7.113119e+001
      vertex  4.141640e+002 -4.212464e+003 -4.674987e+001
    endloop
  endfacet
  facet normal -6.842384e-002 -8.693206e-003 -9.976186e-001
    outer loop
      vertex  4.141640e+002 -4.212464e+003 -4.674987e+001
      vertex  2.344522e+002  9.094947e-013 -7.113119e+001
      vertex  2.475271e+002  0.000000e+000 -7.202795e+001
    endloop
  endfacet
  facet normal -5.842427e-002 -8.301475e-003 -9.982573e-001
    outer loop
      vertex  4.141640e+002 -4.212464e+003 -4.674987e+001
      vertex  2.475271e+002  0.000000e+000 -7.202795e+001
      vertex  4.274318e+002 -4.212464e+003 -4.752639e+001
    endloop
  endfacet
  facet normal -1.793629e-001 -1.379273e-002 -9.836863e-001
    outer loop
      vertex  1.035612e+002  0.000000e+000 -5.547239e+001
      vertex  1.100799e+002  0.000000e+000 -5.666100e+001
      vertex  3.278150e+002 -4.212464e+003 -3.729732e+001
    endloop
  endfacet
  facet normal -1.678054e-001 -1.320475e-002 -9.857317e-001
    outer loop
      vertex  3.278150e+002 -4.212464e+003 -3.729732e+001
      vertex  1.100799e+002  0.000000e+000 -5.666100e+001
      vertex  1.166097e+002  0.000000e+000 -5.777259e+001
    endloop
  endfacet
  facet normal -1.623421e-001 -1.293529e-002 -9.866497e-001
    outer loop
      vertex  3.278150e+002 -4.212464e+003 -3.729732e+001
      vertex  1.166097e+002  0.000000e+000 -5.777259e+001
      vertex  3.344414e+002 -4.212464e+003 -3.838761e+001
    endloop
  endfacet
  facet normal -1.574408e-001 -1.268551e-002 -9.874470e-001
    outer loop
      vertex  3.344414e+002 -4.212464e+003 -3.838761e+001
      vertex  1.166097e+002  0.000000e+000 -5.777259e+001
      vertex  1.250091e+002  9.094947e-013 -5.911182e+001
    endloop
  endfacet
  facet normal -1.483952e-001 -1.224270e-002 -9.888523e-001
    outer loop
      vertex  3.344414e+002 -4.212464e+003 -3.838761e+001
      vertex  1.250091e+002  9.094947e-013 -5.911182e+001
      vertex  3.410344e+002 -4.212464e+003 -3.937702e+001
    endloop
  endfacet
  facet normal -1.482717e-001 -1.223645e-002 -9.888710e-001
    outer loop
      vertex  3.410344e+002 -4.212464e+003 -3.937702e+001
      vertex  1.250091e+002  9.094947e-013 -5.911182e+001
      vertex  1.334478e+002  4.547474e-013 -6.037712e+001
    endloop
  endfacet
  facet normal -1.380877e-001 -1.174197e-002 -9.903504e-001
    outer loop
      vertex  3.410344e+002 -4.212464e+003 -3.937702e+001
      vertex  1.334478e+002  4.547474e-013 -6.037712e+001
      vertex  3.476625e+002 -4.212464e+003 -4.030120e+001
    endloop
  endfacet
  facet normal -2.932712e-001 -1.978320e-002 -9.558245e-001
    outer loop
      vertex  2.943764e+002 -4.212464e+003 -2.921737e+001
      vertex  5.744884e+001  4.547474e-013 -4.370960e+001
      vertex  2.977244e+002 -4.212464e+003 -3.024463e+001
    endloop
  endfacet
  facet normal -2.951150e-001 -1.988656e-002 -9.552548e-001
    outer loop
      vertex  2.977244e+002 -4.212464e+003 -3.024463e+001
      vertex  5.744884e+001  4.547474e-013 -4.370960e+001
      vertex  6.737727e+001  9.094947e-013 -4.677687e+001
    endloop
  endfacet
  facet normal -2.809770e-001 -1.913021e-002 -9.595239e-001
    outer loop
      vertex  2.977244e+002 -4.212464e+003 -3.024463e+001
      vertex  6.737727e+001  9.094947e-013 -4.677687e+001
      vertex  3.011042e+002 -4.212464e+003 -3.123432e+001
    endloop
  endfacet
  facet normal -2.763125e-001 -1.887642e-002 -9.608824e-001
    outer loop
      vertex  3.011042e+002 -4.212464e+003 -3.123432e+001
      vertex  6.737727e+001  9.094947e-013 -4.677687e+001
      vertex  7.239664e+001  9.094947e-013 -4.822025e+001
    endloop
  endfacet
  facet normal -2.682651e-001 -1.844872e-002 -9.631685e-001
    outer loop
      vertex  3.011042e+002 -4.212464e+003 -3.123432e+001
      vertex  7.239664e+001  9.094947e-013 -4.822025e+001
      vertex  3.045048e+002 -4.212464e+003 -3.218147e+001
    endloop
  endfacet
  facet normal -2.628410e-001 -1.815556e-002 -9.646683e-001
    outer loop
      vertex  3.045048e+002 -4.212464e+003 -3.218147e+001
      vertex  7.239664e+001  9.094947e-013 -4.822025e+001
      vertex  7.743232e+001  4.547474e-013 -4.959231e+001
    endloop
  endfacet
  facet normal -2.547614e-001 -1.772901e-002 -9.668414e-001
    outer loop
      vertex  3.045048e+002 -4.212464e+003 -3.218147e+001
      vertex  7.743232e+001  4.547474e-013 -4.959231e+001
      vertex  3.079160e+002 -4.212464e+003 -3.308033e+001
    endloop
  endfacet
  facet normal -2.467296e-001 -1.729774e-002 -9.689299e-001
    outer loop
      vertex  3.079160e+002 -4.212464e+003 -3.308033e+001
      vertex  7.743232e+001  4.547474e-013 -4.959231e+001
      vertex  8.381017e+001  0.000000e+000 -5.121638e+001
    endloop
  endfacet
  facet normal -2.407235e-001 -1.698473e-002 -9.704452e-001
    outer loop
      vertex  3.079160e+002 -4.212464e+003 -3.308033e+001
      vertex  8.381017e+001  0.000000e+000 -5.121638e+001
      vertex  3.112419e+002 -4.212464e+003 -3.390532e+001
    endloop
  endfacet
  facet normal -2.284603e-001 -1.633485e-002 -9.734161e-001
    outer loop
      vertex  3.112419e+002 -4.212464e+003 -3.390532e+001
      vertex  8.381017e+001  0.000000e+000 -5.121638e+001
      vertex  9.018050e+001  0.000000e+000 -5.271149e+001
    endloop
  endfacet
  facet normal -2.265901e-001 -1.623867e-002 -9.738548e-001
    outer loop
      vertex  3.112419e+002 -4.212464e+003 -3.390532e+001
      vertex  9.018050e+001  0.000000e+000 -5.271149e+001
      vertex  3.145650e+002 -4.212464e+003 -3.467853e+001
    endloop
  endfacet
  facet normal -2.104294e-001 -1.539339e-002 -9.774878e-001
    outer loop
      vertex  3.145650e+002 -4.212464e+003 -3.467853e+001
      vertex  9.018050e+001  0.000000e+000 -5.271149e+001
      vertex  9.687519e+001  0.000000e+000 -5.415269e+001
    endloop
  endfacet
  facet normal -2.060410e-001 -1.517094e-002 -9.784258e-001
    outer loop
      vertex  3.145650e+002 -4.212464e+003 -3.467853e+001
      vertex  9.687519e+001  0.000000e+000 -5.415269e+001
      vertex  3.211966e+002 -4.212464e+003 -3.607503e+001
    endloop
  endfacet
  facet normal -1.936254e-001 -1.452070e-002 -9.809680e-001
    outer loop
      vertex  3.211966e+002 -4.212464e+003 -3.607503e+001
      vertex  9.687519e+001  0.000000e+000 -5.415269e+001
      vertex  1.035612e+002  0.000000e+000 -5.547239e+001
    endloop
  endfacet
  facet normal -1.815906e-001 -1.390955e-002 -9.832758e-001
    outer loop
      vertex  3.211966e+002 -4.212464e+003 -3.607503e+001
      vertex  1.035612e+002  0.000000e+000 -5.547239e+001
      vertex  3.278150e+002 -4.212464e+003 -3.729732e+001
    endloop
  endfacet
  facet normal -4.216619e-001 -2.694695e-002 -9.063526e-001
    outer loop
      vertex  3.105834e+001  4.547474e-013 -3.357421e+001
      vertex  3.470597e+001  0.000000e+000 -3.527120e+001
      vertex  2.781168e+002 -4.212464e+003 -2.327146e+001
    endloop
  endfacet
  facet normal -3.933946e-001 -2.534965e-002 -9.190202e-001
    outer loop
      vertex  2.781168e+002 -4.212464e+003 -2.327146e+001
      vertex  3.470597e+001  0.000000e+000 -3.527120e+001
      vertex  3.838172e+001  4.547474e-013 -3.684464e+001
    endloop
  endfacet
  facet normal -3.903248e-001 -2.517918e-002 -9.203328e-001
    outer loop
      vertex  2.781168e+002 -4.212464e+003 -2.327146e+001
      vertex  3.838172e+001  4.547474e-013 -3.684464e+001
      vertex  2.814506e+002 -4.212464e+003 -2.468534e+001
    endloop
  endfacet
  facet normal -3.637947e-001 -2.367963e-002 -9.311782e-001
    outer loop
      vertex  2.814506e+002 -4.212464e+003 -2.468534e+001
      vertex  3.838172e+001  4.547474e-013 -3.684464e+001
      vertex  4.460336e+001  4.547474e-013 -3.927532e+001
    endloop
  endfacet
  facet normal -3.559939e-001 -2.325149e-002 -9.341990e-001
    outer loop
      vertex  2.814506e+002 -4.212464e+003 -2.468534e+001
      vertex  4.460336e+001  4.547474e-013 -3.927532e+001
      vertex  2.856694e+002 -4.212464e+003 -2.629300e+001
    endloop
  endfacet
  facet normal -3.363900e-001 -2.215201e-002 -9.414622e-001
    outer loop
      vertex  2.856694e+002 -4.212464e+003 -2.629300e+001
      vertex  4.460336e+001  4.547474e-013 -3.927532e+001
      vertex  5.095976e+001  4.547474e-013 -4.154650e+001
    endloop
  endfacet
  facet normal -3.285027e-001 -2.172266e-002 -9.442531e-001
    outer loop
      vertex  2.856694e+002 -4.212464e+003 -2.629300e+001
      vertex  5.095976e+001  4.547474e-013 -4.154650e+001
      vertex  2.899784e+002 -4.212464e+003 -2.779208e+001
    endloop
  endfacet
  facet normal -3.161678e-001 -2.103653e-002 -9.484701e-001
    outer loop
      vertex  2.899784e+002 -4.212464e+003 -2.779208e+001
      vertex  5.095976e+001  4.547474e-013 -4.154650e+001
      vertex  5.744884e+001  4.547474e-013 -4.370960e+001
    endloop
  endfacet
  facet normal -3.082235e-001 -2.060790e-002 -9.510907e-001
    outer loop
      vertex  2.899784e+002 -4.212464e+003 -2.779208e+001
      vertex  5.744884e+001  4.547474e-013 -4.370960e+001
      vertex  2.943764e+002 -4.212464e+003 -2.921737e+001
    endloop
  endfacet
  facet normal -4.694486e-001 -2.966990e-002 -8.824611e-001
    outer loop
      vertex  3.008751e+002 -4.693889e+003 -1.937312e+001
      vertex  2.728170e+002 -4.212464e+003 -2.063316e+001
      vertex  3.029503e+002 -4.693889e+003 -2.047709e+001
    endloop
  endfacet
  facet normal -4.691638e-001 -2.965212e-002 -8.826132e-001
    outer loop
      vertex  3.029503e+002 -4.693889e+003 -2.047709e+001
      vertex  2.728170e+002 -4.212464e+003 -2.063316e+001
      vertex  2.748115e+002 -4.212464e+003 -2.169338e+001
    endloop
  endfacet
  facet normal -4.691639e-001 -2.964322e-002 -8.826134e-001
    outer loop
      vertex  2.728170e+002 -4.212464e+003 -2.063316e+001
      vertex  2.536546e+001  0.000000e+000 -3.057599e+001
      vertex  2.748115e+002 -4.212464e+003 -2.169338e+001
    endloop
  endfacet
  facet normal -4.801456e-001 -3.028096e-002 -8.766660e-001
    outer loop
      vertex  2.748115e+002 -4.212464e+003 -2.169338e+001
      vertex  2.536546e+001  0.000000e+000 -3.057599e+001
      vertex  2.820723e+001  0.000000e+000 -3.213241e+001
    endloop
  endfacet
  facet normal -5.055505e-001 -3.174227e-002 -8.622129e-001
    outer loop
      vertex  2.988090e+002 -4.693889e+003 -1.816168e+001
      vertex  2.708300e+002 -4.212464e+003 -1.948005e+001
      vertex  3.008751e+002 -4.693889e+003 -1.937312e+001
    endloop
  endfacet
  facet normal -5.016982e-001 -3.150236e-002 -8.644689e-001
    outer loop
      vertex  3.008751e+002 -4.693889e+003 -1.937312e+001
      vertex  2.708300e+002 -4.212464e+003 -1.948005e+001
      vertex  2.728170e+002 -4.212464e+003 -2.063316e+001
    endloop
  endfacet
  facet normal -5.016983e-001 -3.149880e-002 -8.644691e-001
    outer loop
      vertex  2.708300e+002 -4.212464e+003 -1.948005e+001
      vertex  2.215029e+001  0.000000e+000 -2.864794e+001
      vertex  2.728170e+002 -4.212464e+003 -2.063316e+001
    endloop
  endfacet
  facet normal -5.140226e-001 -3.221828e-002 -8.571714e-001
    outer loop
      vertex  2.728170e+002 -4.212464e+003 -2.063316e+001
      vertex  2.215029e+001  0.000000e+000 -2.864794e+001
      vertex  2.536546e+001  0.000000e+000 -3.057599e+001
    endloop
  endfacet
  facet normal -5.445973e-001 -3.399873e-002 -8.380082e-001
    outer loop
      vertex  2.967613e+002 -4.693889e+003 -1.683090e+001
      vertex  2.695453e+002 -4.212464e+003 -1.867581e+001
      vertex  2.988090e+002 -4.693889e+003 -1.816168e+001
    endloop
  endfacet
  facet normal -5.302982e-001 -3.313933e-002 -8.471633e-001
    outer loop
      vertex  2.988090e+002 -4.693889e+003 -1.816168e+001
      vertex  2.695453e+002 -4.212464e+003 -1.867581e+001
      vertex  2.708300e+002 -4.212464e+003 -1.948005e+001
    endloop
  endfacet
  facet normal -5.302985e-001 -3.312517e-002 -8.471636e-001
    outer loop
      vertex  2.695453e+002 -4.212464e+003 -1.867581e+001
      vertex  1.896572e+001  0.000000e+000 -2.653338e+001
      vertex  2.708300e+002 -4.212464e+003 -1.948005e+001
    endloop
  endfacet
  facet normal -5.528312e-001 -3.444799e-002 -8.325809e-001
    outer loop
      vertex  2.708300e+002 -4.212464e+003 -1.948005e+001
      vertex  1.896572e+001  0.000000e+000 -2.653338e+001
      vertex  2.215029e+001  0.000000e+000 -2.864794e+001
    endloop
  endfacet
  facet normal -6.862235e-001 -4.216014e-002 -7.261680e-001
    outer loop
      vertex  2.622042e+002 -4.212464e+003 -1.284507e+001
      vertex  1.124414e+001  4.547474e-013 -2.025853e+001
      vertex  2.636391e+002 -4.212464e+003 -1.420107e+001
    endloop
  endfacet
  facet normal -6.737404e-001 -4.142894e-002 -7.378058e-001
    outer loop
      vertex  2.636391e+002 -4.212464e+003 -1.420107e+001
      vertex  1.124414e+001  4.547474e-013 -2.025853e+001
      vertex  1.309429e+001  9.094947e-013 -2.194802e+001
    endloop
  endfacet
  facet normal -6.543573e-001 -4.030791e-002 -7.551104e-001
    outer loop
      vertex  2.636391e+002 -4.212464e+003 -1.420107e+001
      vertex  1.309429e+001  9.094947e-013 -2.194802e+001
      vertex  2.647201e+002 -4.212464e+003 -1.513778e+001
    endloop
  endfacet
  facet normal -6.432438e-001 -3.965946e-002 -7.646335e-001
    outer loop
      vertex  2.647201e+002 -4.212464e+003 -1.513778e+001
      vertex  1.309429e+001  9.094947e-013 -2.194802e+001
      vertex  1.500782e+001  0.000000e+000 -2.355778e+001
    endloop
  endfacet
  facet normal -6.288514e-001 -3.883012e-002 -7.765553e-001
    outer loop
      vertex  2.647201e+002 -4.212464e+003 -1.513778e+001
      vertex  1.500782e+001  0.000000e+000 -2.355778e+001
      vertex  2.658286e+002 -4.212464e+003 -1.603545e+001
    endloop
  endfacet
  facet normal -6.142091e-001 -3.797912e-002 -7.882289e-001
    outer loop
      vertex  2.658286e+002 -4.212464e+003 -1.603545e+001
      vertex  1.500782e+001  0.000000e+000 -2.355778e+001
      vertex  1.696942e+001  4.547474e-013 -2.508630e+001
    endloop
  endfacet
  facet normal -6.035306e-001 -3.736597e-002 -7.964638e-001
    outer loop
      vertex  2.658286e+002 -4.212464e+003 -1.603545e+001
      vertex  1.696942e+001  4.547474e-013 -2.508630e+001
      vertex  2.670399e+002 -4.212464e+003 -1.695336e+001
    endloop
  endfacet
  facet normal -5.865180e-001 -3.638045e-002 -8.091186e-001
    outer loop
      vertex  2.670399e+002 -4.212464e+003 -1.695336e+001
      vertex  1.696942e+001  4.547474e-013 -2.508630e+001
      vertex  1.896572e+001  0.000000e+000 -2.653338e+001
    endloop
  endfacet
  facet normal -5.784293e-001 -3.591735e-002 -8.149414e-001
    outer loop
      vertex  2.670399e+002 -4.212464e+003 -1.695336e+001
      vertex  1.896572e+001  0.000000e+000 -2.653338e+001
      vertex  2.682694e+002 -4.212464e+003 -1.782603e+001
    endloop
  endfacet
  facet normal -7.659416e-001 -4.680673e-002 -6.412041e-001
    outer loop
      vertex  2.608533e+002 -4.212464e+003 -1.141968e+001
      vertex  2.596058e+002 -4.212464e+003 -9.929540e+000
      vertex  6.750679e+000  0.000000e+000 -1.538709e+001
    endloop
  endfacet
  facet normal -7.996570e-001 -4.877515e-002 -5.984728e-001
    outer loop
      vertex  6.750679e+000  0.000000e+000 -1.538709e+001
      vertex  2.596058e+002 -4.212464e+003 -9.929540e+000
      vertex  2.589151e+002 -4.212464e+003 -9.006687e+000
    endloop
  endfacet
  facet normal -8.041624e-001 -4.903562e-002 -5.923838e-001
    outer loop
      vertex  6.750679e+000  0.000000e+000 -1.538709e+001
      vertex  2.589151e+002 -4.212464e+003 -9.006687e+000
      vertex  4.824265e+000  4.547474e-013 -1.277199e+001
    endloop
  endfacet
  facet normal -8.254044e-001 -5.029003e-002 -5.622975e-001
    outer loop
      vertex  4.824265e+000  4.547474e-013 -1.277199e+001
      vertex  2.589151e+002 -4.212464e+003 -9.006687e+000
      vertex  2.582729e+002 -4.212464e+003 -8.063931e+000
    endloop
  endfacet
  facet normal -8.419018e-001 -5.125456e-002 -5.371910e-001
    outer loop
      vertex  4.824265e+000  4.547474e-013 -1.277199e+001
      vertex  2.582729e+002 -4.212464e+003 -8.063931e+000
      vertex  3.856675e+000  0.000000e+000 -1.125555e+001
    endloop
  endfacet
  facet normal -9.130809e-001 -5.539871e-002 -4.039975e-001
    outer loop
      vertex  2.860021e+002 -4.693889e+003 -5.319192e+000
      vertex  2.562646e+002 -4.212464e+003 -4.124944e+000
      vertex  2.571494e+002 -4.212464e+003 -6.124754e+000
    endloop
  endfacet
  facet normal -9.130787e-001 -5.544620e-002 -4.039965e-001
    outer loop
      vertex  2.571494e+002 -4.212464e+003 -6.124754e+000
      vertex  2.562646e+002 -4.212464e+003 -4.124944e+000
      vertex  1.535051e+000  0.000000e+000 -6.543362e+000
    endloop
  endfacet
  facet normal -9.203665e-001 -5.588674e-002 -3.870427e-001
    outer loop
      vertex  2.571494e+002 -4.212464e+003 -6.124754e+000
      vertex  1.535051e+000  0.000000e+000 -6.543362e+000
      vertex  2.205713e+000  0.000000e+000 -8.138160e+000
    endloop
  endfacet
  facet normal  4.105876e-002 -6.953783e-003 -9.991325e-001
    outer loop
      vertex  8.374644e+002 -4.693889e+003 -4.069752e+001
      vertex  8.402789e+002 -4.212464e+003 -4.393248e+001
      vertex  8.542542e+002 -4.693889e+003 -4.000755e+001
    endloop
  endfacet
  facet normal  4.053659e-002 -6.969115e-003 -9.991537e-001
    outer loop
      vertex  8.542542e+002 -4.693889e+003 -4.000755e+001
      vertex  8.402789e+002 -4.212464e+003 -4.393248e+001
      vertex  8.935685e+002 -4.212464e+003 -4.177048e+001
    endloop
  endfacet
  facet normal  4.251894e-002 -7.130693e-003 -9.990702e-001
    outer loop
      vertex  8.542542e+002 -4.693889e+003 -4.000755e+001
      vertex  8.935685e+002 -4.212464e+003 -4.177048e+001
      vertex  8.878309e+002 -4.693889e+003 -3.857858e+001
    endloop
  endfacet
  facet normal  4.230617e-002 -7.128217e-003 -9.990792e-001
    outer loop
      vertex  8.878309e+002 -4.693889e+003 -3.857858e+001
      vertex  8.935685e+002 -4.212464e+003 -4.177048e+001
      vertex  9.468683e+002 -4.212464e+003 -3.951349e+001
    endloop
  endfacet
  facet normal  4.380157e-002 -7.311472e-003 -9.990134e-001
    outer loop
      vertex  8.878309e+002 -4.693889e+003 -3.857858e+001
      vertex  9.468683e+002 -4.212464e+003 -3.951349e+001
      vertex  9.382070e+002 -4.693889e+003 -3.636985e+001
    endloop
  endfacet
  facet normal  4.274197e-002 -7.292709e-003 -9.990595e-001
    outer loop
      vertex  9.382070e+002 -4.693889e+003 -3.636985e+001
      vertex  9.468683e+002 -4.212464e+003 -3.951349e+001
      vertex  1.000169e+003 -4.212464e+003 -3.723315e+001
    endloop
  endfacet
  facet normal  4.423743e-002 -7.485066e-003 -9.989930e-001
    outer loop
      vertex  9.382070e+002 -4.693889e+003 -3.636985e+001
      vertex  1.000169e+003 -4.212464e+003 -3.723315e+001
      vertex  9.885842e+002 -4.693889e+003 -3.413904e+001
    endloop
  endfacet
  facet normal  4.341246e-002 -7.465447e-003 -9.990294e-001
    outer loop
      vertex  9.885842e+002 -4.693889e+003 -3.413904e+001
      vertex  1.000169e+003 -4.212464e+003 -3.723315e+001
      vertex  1.053475e+003 -4.212464e+003 -3.491677e+001
    endloop
  endfacet
  facet normal  4.490769e-002 -7.666879e-003 -9.989618e-001
    outer loop
      vertex  9.885842e+002 -4.693889e+003 -3.413904e+001
      vertex  1.053475e+003 -4.212464e+003 -3.491677e+001
      vertex  1.038966e+003 -4.693889e+003 -3.187417e+001
    endloop
  endfacet
  facet normal  4.561578e-002 -7.688015e-003 -9.989296e-001
    outer loop
      vertex  1.038966e+003 -4.693889e+003 -3.187417e+001
      vertex  1.053475e+003 -4.212464e+003 -3.491677e+001
      vertex  1.106774e+003 -4.212464e+003 -3.248288e+001
    endloop
  endfacet
  facet normal  4.711096e-002 -7.898523e-003 -9.988585e-001
    outer loop
      vertex  1.038966e+003 -4.693889e+003 -3.187417e+001
      vertex  1.106774e+003 -4.212464e+003 -3.248288e+001
      vertex  1.089341e+003 -4.693889e+003 -2.949823e+001
    endloop
  endfacet
  facet normal  4.821424e-002 -7.938146e-003 -9.988055e-001
    outer loop
      vertex  1.089341e+003 -4.693889e+003 -2.949823e+001
      vertex  1.106774e+003 -4.212464e+003 -3.248288e+001
      vertex  1.160081e+003 -4.212464e+003 -2.990964e+001
    endloop
  endfacet
  facet normal  4.970934e-002 -8.157771e-003 -9.987304e-001
    outer loop
      vertex  1.089341e+003 -4.693889e+003 -2.949823e+001
      vertex  1.160081e+003 -4.212464e+003 -2.990964e+001
      vertex  1.139724e+003 -4.693889e+003 -2.699057e+001
    endloop
  endfacet
  facet normal  4.862270e-002 -8.112147e-003 -9.987843e-001
    outer loop
      vertex  1.139724e+003 -4.693889e+003 -2.699057e+001
      vertex  1.160081e+003 -4.212464e+003 -2.990964e+001
      vertex  1.240041e+003 -4.212464e+003 -2.601705e+001
    endloop
  endfacet
  facet normal  5.011765e-002 -8.423813e-003 -9.987078e-001
    outer loop
      vertex  1.139724e+003 -4.693889e+003 -2.699057e+001
      vertex  1.240041e+003 -4.212464e+003 -2.601705e+001
      vertex  1.215296e+003 -4.693889e+003 -2.319814e+001
    endloop
  endfacet
  facet normal  4.920025e-002 -8.376929e-003 -9.987538e-001
    outer loop
      vertex  1.215296e+003 -4.693889e+003 -2.319814e+001
      vertex  1.240041e+003 -4.212464e+003 -2.601705e+001
      vertex  1.293349e+003 -4.212464e+003 -2.339100e+001
    endloop
  endfacet
  facet normal  5.069506e-002 -8.619252e-003 -9.986770e-001
    outer loop
      vertex  1.215296e+003 -4.693889e+003 -2.319814e+001
      vertex  1.293349e+003 -4.212464e+003 -2.339100e+001
      vertex  1.265680e+003 -4.693889e+003 -2.064055e+001
    endloop
  endfacet
  facet normal -3.006697e-003 -6.572803e-003 -9.999738e-001
    outer loop
      vertex  5.353224e+002 -4.693889e+003 -4.697138e+001
      vertex  5.206121e+002 -4.212464e+003 -5.009154e+001
      vertex  5.479016e+002 -4.693889e+003 -4.700920e+001
    endloop
  endfacet
  facet normal -2.578543e-003 -6.548542e-003 -9.999753e-001
    outer loop
      vertex  5.479016e+002 -4.693889e+003 -4.700920e+001
      vertex  5.206121e+002 -4.212464e+003 -5.009154e+001
      vertex  5.472332e+002 -4.212464e+003 -5.016019e+001
    endloop
  endfacet
  facet normal  8.427491e-004 -6.543811e-003 -9.999782e-001
    outer loop
      vertex  5.479016e+002 -4.693889e+003 -4.700920e+001
      vertex  5.472332e+002 -4.212464e+003 -5.016019e+001
      vertex  5.604850e+002 -4.693889e+003 -4.699860e+001
    endloop
  endfacet
  facet normal  3.806008e-003 -6.462203e-003 -9.999719e-001
    outer loop
      vertex  5.604850e+002 -4.693889e+003 -4.699860e+001
      vertex  5.472332e+002 -4.212464e+003 -5.016019e+001
      vertex  5.738691e+002 -4.212464e+003 -5.005881e+001
    endloop
  endfacet
  facet normal  5.302846e-003 -6.503772e-003 -9.999648e-001
    outer loop
      vertex  5.604850e+002 -4.693889e+003 -4.699860e+001
      vertex  5.738691e+002 -4.212464e+003 -5.005881e+001
      vertex  5.856613e+002 -4.693889e+003 -4.686509e+001
    endloop
  endfacet
  facet normal  8.022633e-003 -6.437035e-003 -9.999471e-001
    outer loop
      vertex  5.856613e+002 -4.693889e+003 -4.686509e+001
      vertex  5.738691e+002 -4.212464e+003 -5.005881e+001
      vertex  6.005148e+002 -4.212464e+003 -4.984503e+001
    endloop
  endfacet
  facet normal  9.519435e-003 -6.483133e-003 -9.999337e-001
    outer loop
      vertex  5.856613e+002 -4.693889e+003 -4.686509e+001
      vertex  6.005148e+002 -4.212464e+003 -4.984503e+001
      vertex  6.108465e+002 -4.693889e+003 -4.662532e+001
    endloop
  endfacet
  facet normal  1.112433e-002 -6.448582e-003 -9.999173e-001
    outer loop
      vertex  6.108465e+002 -4.693889e+003 -4.662532e+001
      vertex  6.005148e+002 -4.212464e+003 -4.984503e+001
      vertex  6.271526e+002 -4.212464e+003 -4.954868e+001
    endloop
  endfacet
  facet normal  1.262106e-002 -6.499167e-003 -9.998992e-001
    outer loop
      vertex  6.108465e+002 -4.693889e+003 -4.662532e+001
      vertex  6.271526e+002 -4.212464e+003 -4.954868e+001
      vertex  6.360243e+002 -4.693889e+003 -4.630752e+001
    endloop
  endfacet
  facet normal  1.402892e-002 -6.473097e-003 -9.998806e-001
    outer loop
      vertex  6.360243e+002 -4.693889e+003 -4.630752e+001
      vertex  6.271526e+002 -4.212464e+003 -4.954868e+001
      vertex  6.537823e+002 -4.212464e+003 -4.917505e+001
    endloop
  endfacet
  facet normal  1.552576e-002 -6.528176e-003 -9.998581e-001
    outer loop
      vertex  6.360243e+002 -4.693889e+003 -4.630752e+001
      vertex  6.537823e+002 -4.212464e+003 -4.917505e+001
      vertex  6.611943e+002 -4.693889e+003 -4.591668e+001
    endloop
  endfacet
  facet normal  1.725016e-002 -6.501438e-003 -9.998301e-001
    outer loop
      vertex  6.611943e+002 -4.693889e+003 -4.591668e+001
      vertex  6.537823e+002 -4.212464e+003 -4.917505e+001
      vertex  6.804081e+002 -4.212464e+003 -4.871567e+001
    endloop
  endfacet
  facet normal  1.874662e-002 -6.561003e-003 -9.998027e-001
    outer loop
      vertex  6.611943e+002 -4.693889e+003 -4.591668e+001
      vertex  6.804081e+002 -4.212464e+003 -4.871567e+001
      vertex  6.863605e+002 -4.693889e+003 -4.544481e+001
    endloop
  endfacet
  facet normal  2.089200e-002 -6.534189e-003 -9.997603e-001
    outer loop
      vertex  6.863605e+002 -4.693889e+003 -4.544481e+001
      vertex  6.804081e+002 -4.212464e+003 -4.871567e+001
      vertex  7.070489e+002 -4.212464e+003 -4.815895e+001
    endloop
  endfacet
  facet normal  2.238860e-002 -6.598318e-003 -9.997275e-001
    outer loop
      vertex  6.863605e+002 -4.693889e+003 -4.544481e+001
      vertex  7.070489e+002 -4.212464e+003 -4.815895e+001
      vertex  7.115407e+002 -4.693889e+003 -4.488091e+001
    endloop
  endfacet
  facet normal  2.474939e-002 -6.575914e-003 -9.996721e-001
    outer loop
      vertex  7.115407e+002 -4.693889e+003 -4.488091e+001
      vertex  7.070489e+002 -4.212464e+003 -4.815895e+001
      vertex  7.336916e+002 -4.212464e+003 -4.749935e+001
    endloop
  endfacet
  facet normal  2.624589e-002 -6.644559e-003 -9.996334e-001
    outer loop
      vertex  7.115407e+002 -4.693889e+003 -4.488091e+001
      vertex  7.336916e+002 -4.212464e+003 -4.749935e+001
      vertex  7.367226e+002 -4.693889e+003 -4.421974e+001
    endloop
  endfacet
  facet normal  2.856266e-002 -6.629541e-003 -9.995700e-001
    outer loop
      vertex  7.367226e+002 -4.693889e+003 -4.421974e+001
      vertex  7.336916e+002 -4.212464e+003 -4.749935e+001
      vertex  7.603347e+002 -4.212464e+003 -4.673802e+001
    endloop
  endfacet
  facet normal  3.005878e-002 -6.702688e-003 -9.995257e-001
    outer loop
      vertex  7.367226e+002 -4.693889e+003 -4.421974e+001
      vertex  7.603347e+002 -4.212464e+003 -4.673802e+001
      vertex  7.619048e+002 -4.693889e+003 -4.346244e+001
    endloop
  endfacet
  facet normal  3.211768e-002 -6.695539e-003 -9.994617e-001
    outer loop
      vertex  7.619048e+002 -4.693889e+003 -4.346244e+001
      vertex  7.603347e+002 -4.212464e+003 -4.673802e+001
      vertex  7.869759e+002 -4.212464e+003 -4.588191e+001
    endloop
  endfacet
  facet normal  3.361379e-002 -6.773201e-003 -9.994119e-001
    outer loop
      vertex  7.619048e+002 -4.693889e+003 -4.346244e+001
      vertex  7.869759e+002 -4.212464e+003 -4.588191e+001
      vertex  7.870849e+002 -4.693889e+003 -4.261554e+001
    endloop
  endfacet
  facet normal  3.525017e-002 -6.772449e-003 -9.993556e-001
    outer loop
      vertex  7.870849e+002 -4.693889e+003 -4.261554e+001
      vertex  7.869759e+002 -4.212464e+003 -4.588191e+001
      vertex  8.136296e+002 -4.212464e+003 -4.494175e+001
    endloop
  endfacet
  facet normal  3.674619e-002 -6.854673e-003 -9.993011e-001
    outer loop
      vertex  7.870849e+002 -4.693889e+003 -4.261554e+001
      vertex  8.136296e+002 -4.212464e+003 -4.494175e+001
      vertex  8.122768e+002 -4.693889e+003 -4.168919e+001
    endloop
  endfacet
  facet normal  3.784427e-002 -6.857481e-003 -9.992601e-001
    outer loop
      vertex  8.122768e+002 -4.693889e+003 -4.168919e+001
      vertex  8.136296e+002 -4.212464e+003 -4.494175e+001
      vertex  8.402789e+002 -4.212464e+003 -4.393248e+001
    endloop
  endfacet
  facet normal  3.933984e-002 -6.944200e-003 -9.992017e-001
    outer loop
      vertex  8.122768e+002 -4.693889e+003 -4.168919e+001
      vertex  8.402789e+002 -4.212464e+003 -4.393248e+001
      vertex  8.374644e+002 -4.693889e+003 -4.069752e+001
    endloop
  endfacet
  facet normal -8.331738e-002 -9.268012e-003 -9.964800e-001
    outer loop
      vertex  4.096041e+002 -4.693889e+003 -4.210485e+001
      vertex  3.876136e+002 -4.212464e+003 -4.474380e+001
      vertex  4.158808e+002 -4.693889e+003 -4.262966e+001
    endloop
  endfacet
  facet normal -8.151648e-002 -9.162930e-003 -9.966299e-001
    outer loop
      vertex  4.158808e+002 -4.693889e+003 -4.262966e+001
      vertex  3.876136e+002 -4.212464e+003 -4.474380e+001
      vertex  4.008895e+002 -4.212464e+003 -4.582966e+001
    endloop
  endfacet
  facet normal -7.672709e-002 -9.016326e-003 -9.970114e-001
    outer loop
      vertex  4.158808e+002 -4.693889e+003 -4.262966e+001
      vertex  4.008895e+002 -4.212464e+003 -4.582966e+001
      vertex  4.221540e+002 -4.693889e+003 -4.311243e+001
    endloop
  endfacet
  facet normal -6.915317e-002 -8.684929e-003 -9.975683e-001
    outer loop
      vertex  4.221540e+002 -4.693889e+003 -4.311243e+001
      vertex  4.008895e+002 -4.212464e+003 -4.582966e+001
      vertex  4.141640e+002 -4.212464e+003 -4.674987e+001
    endloop
  endfacet
  facet normal -6.766003e-002 -8.660923e-003 -9.976709e-001
    outer loop
      vertex  4.221540e+002 -4.693889e+003 -4.311243e+001
      vertex  4.141640e+002 -4.212464e+003 -4.674987e+001
      vertex  4.347025e+002 -4.693889e+003 -4.396344e+001
    endloop
  endfacet
  facet normal -5.842428e-002 -8.270304e-003 -9.982576e-001
    outer loop
      vertex  4.347025e+002 -4.693889e+003 -4.396344e+001
      vertex  4.141640e+002 -4.212464e+003 -4.674987e+001
      vertex  4.274318e+002 -4.212464e+003 -4.752639e+001
    endloop
  endfacet
  facet normal -5.692955e-002 -8.248369e-003 -9.983440e-001
    outer loop
      vertex  4.347025e+002 -4.693889e+003 -4.396344e+001
      vertex  4.274318e+002 -4.212464e+003 -4.752639e+001
      vertex  4.472444e+002 -4.693889e+003 -4.467863e+001
    endloop
  endfacet
  facet normal -4.907312e-002 -7.927528e-003 -9.987638e-001
    outer loop
      vertex  4.472444e+002 -4.693889e+003 -4.467863e+001
      vertex  4.274318e+002 -4.212464e+003 -4.752639e+001
      vertex  4.407283e+002 -4.212464e+003 -4.817970e+001
    endloop
  endfacet
  facet normal -4.757833e-002 -7.907822e-003 -9.988362e-001
    outer loop
      vertex  4.472444e+002 -4.693889e+003 -4.467863e+001
      vertex  4.407283e+002 -4.212464e+003 -4.817970e+001
      vertex  4.598132e+002 -4.693889e+003 -4.527733e+001
    endloop
  endfacet
  facet normal -4.075912e-002 -7.639321e-003 -9.991397e-001
    outer loop
      vertex  4.598132e+002 -4.693889e+003 -4.527733e+001
      vertex  4.407283e+002 -4.212464e+003 -4.817970e+001
      vertex  4.540467e+002 -4.212464e+003 -4.872301e+001
    endloop
  endfacet
  facet normal -3.926326e-002 -7.621834e-003 -9.991999e-001
    outer loop
      vertex  4.598132e+002 -4.693889e+003 -4.527733e+001
      vertex  4.540467e+002 -4.212464e+003 -4.872301e+001
      vertex  4.724026e+002 -4.693889e+003 -4.577202e+001
    endloop
  endfacet
  facet normal -3.322240e-002 -7.392860e-003 -9.994206e-001
    outer loop
      vertex  4.724026e+002 -4.693889e+003 -4.577202e+001
      vertex  4.540467e+002 -4.212464e+003 -4.872301e+001
      vertex  4.673736e+002 -4.212464e+003 -4.916602e+001
    endloop
  endfacet
  facet normal -3.172645e-002 -7.377576e-003 -9.994694e-001
    outer loop
      vertex  4.724026e+002 -4.693889e+003 -4.577202e+001
      vertex  4.673736e+002 -4.212464e+003 -4.916602e+001
      vertex  4.849998e+002 -4.693889e+003 -4.617190e+001
    endloop
  endfacet
  facet normal -2.630968e-002 -7.180240e-003 -9.996281e-001
    outer loop
      vertex  4.849998e+002 -4.693889e+003 -4.617190e+001
      vertex  4.673736e+002 -4.212464e+003 -4.916602e+001
      vertex  4.806928e+002 -4.212464e+003 -4.951657e+001
    endloop
  endfacet
  facet normal -2.481319e-002 -7.167118e-003 -9.996665e-001
    outer loop
      vertex  4.849998e+002 -4.693889e+003 -4.617190e+001
      vertex  4.806928e+002 -4.212464e+003 -4.951657e+001
      vertex  4.975898e+002 -4.693889e+003 -4.648440e+001
    endloop
  endfacet
  facet normal -1.996842e-002 -6.997768e-003 -9.997761e-001
    outer loop
      vertex  4.975898e+002 -4.693889e+003 -4.648440e+001
      vertex  4.806928e+002 -4.212464e+003 -4.951657e+001
      vertex  4.940041e+002 -4.212464e+003 -4.978244e+001
    endloop
  endfacet
  facet normal -1.847190e-002 -6.986820e-003 -9.998050e-001
    outer loop
      vertex  4.975898e+002 -4.693889e+003 -4.648440e+001
      vertex  4.940041e+002 -4.212464e+003 -4.978244e+001
      vertex  5.101720e+002 -4.693889e+003 -4.671687e+001
    endloop
  endfacet
  facet normal -1.420006e-002 -6.843807e-003 -9.998758e-001
    outer loop
      vertex  5.101720e+002 -4.693889e+003 -4.671687e+001
      vertex  4.940041e+002 -4.212464e+003 -4.978244e+001
      vertex  5.073090e+002 -4.212464e+003 -4.997139e+001
    endloop
  endfacet
  facet normal -1.270327e-002 -6.835042e-003 -9.998959e-001
    outer loop
      vertex  5.101720e+002 -4.693889e+003 -4.671687e+001
      vertex  5.073090e+002 -4.212464e+003 -4.997139e+001
      vertex  5.227482e+002 -4.693889e+003 -4.687664e+001
    endloop
  endfacet
  facet normal -9.031292e-003 -6.717544e-003 -9.999367e-001
    outer loop
      vertex  5.227482e+002 -4.693889e+003 -4.687664e+001
      vertex  5.073090e+002 -4.212464e+003 -4.997139e+001
      vertex  5.206121e+002 -4.212464e+003 -5.009154e+001
    endloop
  endfacet
  facet normal -7.534189e-003 -6.710984e-003 -9.999491e-001
    outer loop
      vertex  5.227482e+002 -4.693889e+003 -4.687664e+001
      vertex  5.206121e+002 -4.212464e+003 -5.009154e+001
      vertex  5.353224e+002 -4.693889e+003 -4.697138e+001
    endloop
  endfacet
  facet normal -9.539514e-002 -9.810880e-003 -9.953911e-001
    outer loop
      vertex  1.908318e+002  9.094947e-013 -6.740419e+001
      vertex  3.876136e+002 -4.212464e+003 -4.474380e+001
      vertex  3.743156e+002 -4.212464e+003 -4.346936e+001
    endloop
  endfacet
  facet normal -9.539515e-002 -9.813732e-003 -9.953912e-001
    outer loop
      vertex  3.743156e+002 -4.212464e+003 -4.346936e+001
      vertex  3.876136e+002 -4.212464e+003 -4.474380e+001
      vertex  4.096041e+002 -4.693889e+003 -4.210485e+001
    endloop
  endfacet
  facet normal -9.147302e-002 -9.527289e-003 -9.957620e-001
    outer loop
      vertex  3.743156e+002 -4.212464e+003 -4.346936e+001
      vertex  4.096041e+002 -4.693889e+003 -4.210485e+001
      vertex  4.012262e+002 -4.693889e+003 -4.133524e+001
    endloop
  endfacet
  facet normal -9.147292e-002 -9.636596e-003 -9.957609e-001
    outer loop
      vertex  4.012262e+002 -4.693889e+003 -4.133524e+001
      vertex  4.096041e+002 -4.693889e+003 -4.210485e+001
      vertex  4.260970e+002 -5.054957e+003 -4.012564e+001
    endloop
  endfacet
  facet normal -8.911209e-002 -9.474701e-003 -9.959765e-001
    outer loop
      vertex  4.012262e+002 -4.693889e+003 -4.133524e+001
      vertex  4.260970e+002 -5.054957e+003 -4.012564e+001
      vertex  4.199591e+002 -5.054957e+003 -3.957647e+001
    endloop
  endfacet
  facet normal -8.911204e-002 -9.529938e-003 -9.959760e-001
    outer loop
      vertex  4.199591e+002 -5.054957e+003 -3.957647e+001
      vertex  4.260970e+002 -5.054957e+003 -4.012564e+001
      vertex  4.425898e+002 -5.416025e+003 -3.814643e+001
    endloop
  endfacet
  facet normal -9.131433e-002 -9.667176e-003 -9.957752e-001
    outer loop
      vertex  4.199591e+002 -5.054957e+003 -3.957647e+001
      vertex  4.425898e+002 -5.416025e+003 -3.814643e+001
      vertex  4.311089e+002 -5.416025e+003 -3.709361e+001
    endloop
  endfacet
  facet normal -1.257095e-001 -1.115790e-002 -9.920043e-001
    outer loop
      vertex  1.446315e+002  4.547474e-013 -6.195367e+001
      vertex  3.609998e+002 -4.212464e+003 -4.199133e+001
      vertex  3.476625e+002 -4.212464e+003 -4.030120e+001
    endloop
  endfacet
  facet normal -1.257094e-001 -1.117127e-002 -9.920042e-001
    outer loop
      vertex  3.476625e+002 -4.212464e+003 -4.030120e+001
      vertex  3.609998e+002 -4.212464e+003 -4.199133e+001
      vertex  3.844446e+002 -4.693889e+003 -3.954086e+001
    endloop
  endfacet
  facet normal -1.203228e-001 -1.076078e-002 -9.926765e-001
    outer loop
      vertex  3.476625e+002 -4.212464e+003 -4.030120e+001
      vertex  3.844446e+002 -4.693889e+003 -3.954086e+001
      vertex  3.781310e+002 -4.693889e+003 -3.877557e+001
    endloop
  endfacet
  facet normal -2.112012e-001 -1.542474e-002 -9.773209e-001
    outer loop
      vertex  3.405439e+002 -4.693889e+003 -3.269447e+001
      vertex  3.145650e+002 -4.212464e+003 -3.467853e+001
      vertex  3.436814e+002 -4.693889e+003 -3.337248e+001
    endloop
  endfacet
  facet normal -2.060412e-001 -1.511567e-002 -9.784266e-001
    outer loop
      vertex  3.436814e+002 -4.693889e+003 -3.337248e+001
      vertex  3.145650e+002 -4.212464e+003 -3.467853e+001
      vertex  3.211966e+002 -4.212464e+003 -3.607503e+001
    endloop
  endfacet
  facet normal -1.979139e-001 -1.474552e-002 -9.801084e-001
    outer loop
      vertex  3.436814e+002 -4.693889e+003 -3.337248e+001
      vertex  3.211966e+002 -4.212464e+003 -3.607503e+001
      vertex  3.468141e+002 -4.693889e+003 -3.400506e+001
    endloop
  endfacet
  facet normal -1.815907e-001 -1.389055e-002 -9.832761e-001
    outer loop
      vertex  3.468141e+002 -4.693889e+003 -3.400506e+001
      vertex  3.211966e+002 -4.212464e+003 -3.607503e+001
      vertex  3.278150e+002 -4.212464e+003 -3.729732e+001
    endloop
  endfacet
  facet normal -1.801183e-001 -1.383430e-002 -9.835477e-001
    outer loop
      vertex  3.468141e+002 -4.693889e+003 -3.400506e+001
      vertex  3.278150e+002 -4.212464e+003 -3.729732e+001
      vertex  3.530716e+002 -4.693889e+003 -3.515101e+001
    endloop
  endfacet
  facet normal -1.623421e-001 -1.291556e-002 -9.866500e-001
    outer loop
      vertex  3.530716e+002 -4.693889e+003 -3.515101e+001
      vertex  3.278150e+002 -4.212464e+003 -3.729732e+001
      vertex  3.344414e+002 -4.212464e+003 -3.838761e+001
    endloop
  endfacet
  facet normal -1.608655e-001 -1.286005e-002 -9.868926e-001
    outer loop
      vertex  3.530716e+002 -4.693889e+003 -3.515101e+001
      vertex  3.344414e+002 -4.212464e+003 -3.838761e+001
      vertex  3.593364e+002 -4.693889e+003 -3.617219e+001
    endloop
  endfacet
  facet normal -1.483953e-001 -1.222422e-002 -9.888526e-001
    outer loop
      vertex  3.593364e+002 -4.693889e+003 -3.617219e+001
      vertex  3.344414e+002 -4.212464e+003 -3.838761e+001
      vertex  3.410344e+002 -4.212464e+003 -3.937702e+001
    endloop
  endfacet
  facet normal -1.469140e-001 -1.216938e-002 -9.890745e-001
    outer loop
      vertex  3.593364e+002 -4.693889e+003 -3.617219e+001
      vertex  3.410344e+002 -4.212464e+003 -3.937702e+001
      vertex  3.655696e+002 -4.693889e+003 -3.709805e+001
    endloop
  endfacet
  facet normal -1.380877e-001 -1.172560e-002 -9.903505e-001
    outer loop
      vertex  3.655696e+002 -4.693889e+003 -3.709805e+001
      vertex  3.410344e+002 -4.212464e+003 -3.937702e+001
      vertex  3.476625e+002 -4.212464e+003 -4.030120e+001
    endloop
  endfacet
  facet normal -1.366055e-001 -1.167184e-002 -9.905568e-001
    outer loop
      vertex  3.655696e+002 -4.693889e+003 -3.709805e+001
      vertex  3.476625e+002 -4.212464e+003 -4.030120e+001
      vertex  3.718358e+002 -4.693889e+003 -3.796221e+001
    endloop
  endfacet
  facet normal -3.363137e-001 -2.216338e-002 -9.414892e-001
    outer loop
      vertex  3.121993e+002 -4.693889e+003 -2.443677e+001
      vertex  2.856694e+002 -4.212464e+003 -2.629300e+001
      vertex  3.152151e+002 -4.693889e+003 -2.551405e+001
    endloop
  endfacet
  facet normal -3.285030e-001 -2.168849e-002 -9.442539e-001
    outer loop
      vertex  3.152151e+002 -4.693889e+003 -2.551405e+001
      vertex  2.856694e+002 -4.212464e+003 -2.629300e+001
      vertex  2.899784e+002 -4.212464e+003 -2.779208e+001
    endloop
  endfacet
  facet normal -3.188953e-001 -2.120046e-002 -9.475527e-001
    outer loop
      vertex  3.152151e+002 -4.693889e+003 -2.551405e+001
      vertex  2.899784e+002 -4.212464e+003 -2.779208e+001
      vertex  3.183112e+002 -4.693889e+003 -2.655603e+001
    endloop
  endfacet
  facet normal -3.082236e-001 -2.058150e-002 -9.510912e-001
    outer loop
      vertex  3.183112e+002 -4.693889e+003 -2.655603e+001
      vertex  2.899784e+002 -4.212464e+003 -2.779208e+001
      vertex  2.943764e+002 -4.212464e+003 -2.921737e+001
    endloop
  endfacet
  facet normal -3.045531e-001 -2.040556e-002 -9.522767e-001
    outer loop
      vertex  3.183112e+002 -4.693889e+003 -2.655603e+001
      vertex  2.943764e+002 -4.212464e+003 -2.921737e+001
      vertex  3.214539e+002 -4.693889e+003 -2.756112e+001
    endloop
  endfacet
  facet normal -2.932711e-001 -1.978322e-002 -9.558246e-001
    outer loop
      vertex  3.214539e+002 -4.693889e+003 -2.756112e+001
      vertex  2.943764e+002 -4.212464e+003 -2.921737e+001
      vertex  2.977244e+002 -4.212464e+003 -3.024463e+001
    endloop
  endfacet
  facet normal -2.918107e-001 -1.971373e-002 -9.562730e-001
    outer loop
      vertex  3.214539e+002 -4.693889e+003 -2.756112e+001
      vertex  2.977244e+002 -4.212464e+003 -3.024463e+001
      vertex  3.246361e+002 -4.693889e+003 -2.853221e+001
    endloop
  endfacet
  facet normal -2.809770e-001 -1.911969e-002 -9.595240e-001
    outer loop
      vertex  3.246361e+002 -4.693889e+003 -2.853221e+001
      vertex  2.977244e+002 -4.212464e+003 -3.024463e+001
      vertex  3.011042e+002 -4.212464e+003 -3.123432e+001
    endloop
  endfacet
  facet normal -2.794458e-001 -1.904737e-002 -9.599726e-001
    outer loop
      vertex  3.246361e+002 -4.693889e+003 -2.853221e+001
      vertex  3.011042e+002 -4.212464e+003 -3.123432e+001
      vertex  3.278486e+002 -4.693889e+003 -2.946735e+001
    endloop
  endfacet
  facet normal -2.682652e-001 -1.843798e-002 -9.631687e-001
    outer loop
      vertex  3.278486e+002 -4.693889e+003 -2.946735e+001
      vertex  3.011042e+002 -4.212464e+003 -3.123432e+001
      vertex  3.045048e+002 -4.212464e+003 -3.218147e+001
    endloop
  endfacet
  facet normal -2.667227e-001 -1.836561e-002 -9.635984e-001
    outer loop
      vertex  3.278486e+002 -4.693889e+003 -2.946735e+001
      vertex  3.045048e+002 -4.212464e+003 -3.218147e+001
      vertex  3.310479e+002 -4.693889e+003 -3.035291e+001
    endloop
  endfacet
  facet normal -2.547614e-001 -1.771845e-002 -9.668416e-001
    outer loop
      vertex  3.310479e+002 -4.693889e+003 -3.035291e+001
      vertex  3.045048e+002 -4.212464e+003 -3.218147e+001
      vertex  3.079160e+002 -4.212464e+003 -3.308033e+001
    endloop
  endfacet
  facet normal -2.532780e-001 -1.764939e-002 -9.672325e-001
    outer loop
      vertex  3.310479e+002 -4.693889e+003 -3.035291e+001
      vertex  3.079160e+002 -4.212464e+003 -3.308033e+001
      vertex  3.342570e+002 -4.693889e+003 -3.119325e+001
    endloop
  endfacet
  facet normal -2.407235e-001 -1.697507e-002 -9.704453e-001
    outer loop
      vertex  3.342570e+002 -4.693889e+003 -3.119325e+001
      vertex  3.079160e+002 -4.212464e+003 -3.308033e+001
      vertex  3.112419e+002 -4.212464e+003 -3.390532e+001
    endloop
  endfacet
  facet normal -2.392721e-001 -1.690771e-002 -9.708053e-001
    outer loop
      vertex  3.342570e+002 -4.693889e+003 -3.119325e+001
      vertex  3.112419e+002 -4.212464e+003 -3.390532e+001
      vertex  3.374018e+002 -4.693889e+003 -3.196833e+001
    endloop
  endfacet
  facet normal -2.265901e-001 -1.623086e-002 -9.738550e-001
    outer loop
      vertex  3.374018e+002 -4.693889e+003 -3.196833e+001
      vertex  3.112419e+002 -4.212464e+003 -3.390532e+001
      vertex  3.145650e+002 -4.212464e+003 -3.467853e+001
    endloop
  endfacet
  facet normal -2.251320e-001 -1.616360e-002 -9.741942e-001
    outer loop
      vertex  3.374018e+002 -4.693889e+003 -3.196833e+001
      vertex  3.145650e+002 -4.212464e+003 -3.467853e+001
      vertex  3.405439e+002 -4.693889e+003 -3.269447e+001
    endloop
  endfacet
  facet normal -4.404831e-001 -2.801292e-002 -8.973238e-001
    outer loop
      vertex  3.029503e+002 -4.693889e+003 -2.047709e+001
      vertex  2.748115e+002 -4.212464e+003 -2.169338e+001
      vertex  3.045112e+002 -4.693889e+003 -2.124330e+001
    endloop
  endfacet
  facet normal -4.306864e-001 -2.741300e-002 -9.020852e-001
    outer loop
      vertex  3.045112e+002 -4.693889e+003 -2.124330e+001
      vertex  2.748115e+002 -4.212464e+003 -2.169338e+001
      vertex  2.781168e+002 -4.212464e+003 -2.327146e+001
    endloop
  endfacet
  facet normal -4.180254e-001 -2.674395e-002 -9.080415e-001
    outer loop
      vertex  3.045112e+002 -4.693889e+003 -2.124330e+001
      vertex  2.781168e+002 -4.212464e+003 -2.327146e+001
      vertex  3.060768e+002 -4.693889e+003 -2.196402e+001
    endloop
  endfacet
  facet normal -3.903249e-001 -2.516855e-002 -9.203331e-001
    outer loop
      vertex  3.060768e+002 -4.693889e+003 -2.196402e+001
      vertex  2.781168e+002 -4.212464e+003 -2.327146e+001
      vertex  2.814506e+002 -4.212464e+003 -2.468534e+001
    endloop
  endfacet
  facet normal -3.889464e-001 -2.510134e-002 -9.209183e-001
    outer loop
      vertex  3.060768e+002 -4.693889e+003 -2.196402e+001
      vertex  2.814506e+002 -4.212464e+003 -2.468534e+001
      vertex  3.092299e+002 -4.693889e+003 -2.329571e+001
    endloop
  endfacet
  facet normal -8.254050e-001 -5.027473e-002 -5.622980e-001
    outer loop
      vertex  2.582729e+002 -4.212464e+003 -8.063931e+000
      vertex  2.589151e+002 -4.212464e+003 -9.006687e+000
      vertex  2.875969e+002 -4.693889e+003 -8.065231e+000
    endloop
  endfacet
  facet normal -7.996556e-001 -4.881139e-002 -5.984718e-001
    outer loop
      vertex  2.875969e+002 -4.693889e+003 -8.065231e+000
      vertex  2.589151e+002 -4.212464e+003 -9.006687e+000
      vertex  2.596058e+002 -4.212464e+003 -9.929540e+000
    endloop
  endfacet
  facet normal -8.052565e-001 -4.910768e-002 -5.908895e-001
    outer loop
      vertex  2.875969e+002 -4.693889e+003 -8.065231e+000
      vertex  2.596058e+002 -4.212464e+003 -9.929540e+000
      vertex  2.885612e+002 -4.693889e+003 -9.379359e+000
    endloop
  endfacet
  facet normal -7.659418e-001 -4.680058e-002 -6.412042e-001
    outer loop
      vertex  2.885612e+002 -4.693889e+003 -9.379359e+000
      vertex  2.596058e+002 -4.212464e+003 -9.929540e+000
      vertex  2.608533e+002 -4.212464e+003 -1.141968e+001
    endloop
  endfacet
  facet normal -7.649849e-001 -4.675037e-002 -6.423492e-001
    outer loop
      vertex  2.885612e+002 -4.693889e+003 -9.379359e+000
      vertex  2.608533e+002 -4.212464e+003 -1.141968e+001
      vertex  2.897424e+002 -4.693889e+003 -1.078609e+001
    endloop
  endfacet
  facet normal -7.250940e-001 -4.441566e-002 -6.872161e-001
    outer loop
      vertex  2.897424e+002 -4.693889e+003 -1.078609e+001
      vertex  2.608533e+002 -4.212464e+003 -1.141968e+001
      vertex  2.622042e+002 -4.212464e+003 -1.284507e+001
    endloop
  endfacet
  facet normal -7.240617e-001 -4.436127e-002 -6.883072e-001
    outer loop
      vertex  2.897424e+002 -4.693889e+003 -1.078609e+001
      vertex  2.622042e+002 -4.212464e+003 -1.284507e+001
      vertex  2.910214e+002 -4.693889e+003 -1.213145e+001
    endloop
  endfacet
  facet normal -6.862236e-001 -4.215248e-002 -7.261681e-001
    outer loop
      vertex  2.910214e+002 -4.693889e+003 -1.213145e+001
      vertex  2.622042e+002 -4.212464e+003 -1.284507e+001
      vertex  2.636391e+002 -4.212464e+003 -1.420107e+001
    endloop
  endfacet
  facet normal -6.851410e-001 -4.209531e-002 -7.271931e-001
    outer loop
      vertex  2.910214e+002 -4.693889e+003 -1.213145e+001
      vertex  2.636391e+002 -4.212464e+003 -1.420107e+001
      vertex  2.923796e+002 -4.693889e+003 -1.341113e+001
    endloop
  endfacet
  facet normal -6.543575e-001 -4.030337e-002 -7.551106e-001
    outer loop
      vertex  2.923796e+002 -4.693889e+003 -1.341113e+001
      vertex  2.636391e+002 -4.212464e+003 -1.420107e+001
      vertex  2.647201e+002 -4.212464e+003 -1.513778e+001
    endloop
  endfacet
  facet normal -6.536301e-001 -4.026385e-002 -7.557424e-001
    outer loop
      vertex  2.923796e+002 -4.693889e+003 -1.341113e+001
      vertex  2.647201e+002 -4.212464e+003 -1.513778e+001
      vertex  2.933708e+002 -4.693889e+003 -1.426846e+001
    endloop
  endfacet
  facet normal -6.288515e-001 -3.882680e-002 -7.765554e-001
    outer loop
      vertex  2.933708e+002 -4.693889e+003 -1.426846e+001
      vertex  2.647201e+002 -4.212464e+003 -1.513778e+001
      vertex  2.658286e+002 -4.212464e+003 -1.603545e+001
    endloop
  endfacet
  facet normal -6.288289e-001 -3.882556e-002 -7.765738e-001
    outer loop
      vertex  2.933708e+002 -4.693889e+003 -1.426846e+001
      vertex  2.658286e+002 -4.212464e+003 -1.603545e+001
      vertex  2.943868e+002 -4.693889e+003 -1.509111e+001
    endloop
  endfacet
  facet normal -6.035306e-001 -3.736388e-002 -7.964638e-001
    outer loop
      vertex  2.943868e+002 -4.693889e+003 -1.509111e+001
      vertex  2.658286e+002 -4.212464e+003 -1.603545e+001
      vertex  2.670399e+002 -4.212464e+003 -1.695336e+001
    endloop
  endfacet
  facet normal -6.034486e-001 -3.735947e-002 -7.965263e-001
    outer loop
      vertex  2.943868e+002 -4.693889e+003 -1.509111e+001
      vertex  2.670399e+002 -4.212464e+003 -1.695336e+001
      vertex  2.955649e+002 -4.693889e+003 -1.598364e+001
    endloop
  endfacet
  facet normal -5.784293e-001 -3.591414e-002 -8.149415e-001
    outer loop
      vertex  2.955649e+002 -4.693889e+003 -1.598364e+001
      vertex  2.670399e+002 -4.212464e+003 -1.695336e+001
      vertex  2.682694e+002 -4.212464e+003 -1.782603e+001
    endloop
  endfacet
  facet normal -5.775656e-001 -3.586752e-002 -8.155559e-001
    outer loop
      vertex  2.955649e+002 -4.693889e+003 -1.598364e+001
      vertex  2.682694e+002 -4.212464e+003 -1.782603e+001
      vertex  2.967613e+002 -4.693889e+003 -1.683090e+001
    endloop
  endfacet
  facet normal -8.331738e-002 -9.268008e-003 -9.964800e-001
    outer loop
      vertex  4.096041e+002 -4.693889e+003 -4.210485e+001
      vertex  4.158808e+002 -4.693889e+003 -4.262966e+001
      vertex  4.260970e+002 -5.054957e+003 -4.012564e+001
    endloop
  endfacet
  facet normal -7.672705e-002 -9.085221e-003 -9.970108e-001
    outer loop
      vertex  4.260970e+002 -5.054957e+003 -4.012564e+001
      vertex  4.158808e+002 -4.693889e+003 -4.262966e+001
      vertex  4.221540e+002 -4.693889e+003 -4.311243e+001
    endloop
  endfacet
  facet normal -7.878693e-002 -9.106385e-003 -9.968499e-001
    outer loop
      vertex  4.260970e+002 -5.054957e+003 -4.012564e+001
      vertex  4.221540e+002 -4.693889e+003 -4.311243e+001
      vertex  4.381024e+002 -5.054957e+003 -4.107450e+001
    endloop
  endfacet
  facet normal -6.766006e-002 -8.619546e-003 -9.976712e-001
    outer loop
      vertex  4.381024e+002 -5.054957e+003 -4.107450e+001
      vertex  4.221540e+002 -4.693889e+003 -4.311243e+001
      vertex  4.347025e+002 -4.693889e+003 -4.396344e+001
    endloop
  endfacet
  facet normal -6.642091e-002 -8.608543e-003 -9.977545e-001
    outer loop
      vertex  4.381024e+002 -5.054957e+003 -4.107450e+001
      vertex  4.347025e+002 -4.693889e+003 -4.396344e+001
      vertex  4.501063e+002 -5.054957e+003 -4.187361e+001
    endloop
  endfacet
  facet normal -5.692957e-002 -8.207040e-003 -9.983444e-001
    outer loop
      vertex  4.501063e+002 -5.054957e+003 -4.187361e+001
      vertex  4.347025e+002 -4.693889e+003 -4.396344e+001
      vertex  4.472444e+002 -4.693889e+003 -4.467863e+001
    endloop
  endfacet
  facet normal -5.568993e-002 -8.197758e-003 -9.984145e-001
    outer loop
      vertex  4.501063e+002 -5.054957e+003 -4.187361e+001
      vertex  4.472444e+002 -4.693889e+003 -4.467863e+001
      vertex  4.621038e+002 -5.054957e+003 -4.254281e+001
    endloop
  endfacet
  facet normal -4.757834e-002 -7.866431e-003 -9.988365e-001
    outer loop
      vertex  4.621038e+002 -5.054957e+003 -4.254281e+001
      vertex  4.472444e+002 -4.693889e+003 -4.467863e+001
      vertex  4.598132e+002 -4.693889e+003 -4.527733e+001
    endloop
  endfacet
  facet normal -4.633802e-002 -7.859004e-003 -9.988949e-001
    outer loop
      vertex  4.621038e+002 -5.054957e+003 -4.254281e+001
      vertex  4.598132e+002 -4.693889e+003 -4.527733e+001
      vertex  4.741269e+002 -5.054957e+003 -4.310055e+001
    endloop
  endfacet
  facet normal -3.926327e-002 -7.580385e-003 -9.992002e-001
    outer loop
      vertex  4.741269e+002 -5.054957e+003 -4.310055e+001
      vertex  4.598132e+002 -4.693889e+003 -4.527733e+001
      vertex  4.724026e+002 -4.693889e+003 -4.577202e+001
    endloop
  endfacet
  facet normal -3.802238e-002 -7.574813e-003 -9.992481e-001
    outer loop
      vertex  4.741269e+002 -5.054957e+003 -4.310055e+001
      vertex  4.724026e+002 -4.693889e+003 -4.577202e+001
      vertex  4.861695e+002 -5.054957e+003 -4.355878e+001
    endloop
  endfacet
  facet normal -3.172646e-002 -7.336118e-003 -9.994697e-001
    outer loop
      vertex  4.861695e+002 -5.054957e+003 -4.355878e+001
      vertex  4.724026e+002 -4.693889e+003 -4.577202e+001
      vertex  4.849998e+002 -4.693889e+003 -4.617190e+001
    endloop
  endfacet
  facet normal -3.048536e-002 -7.332377e-003 -9.995083e-001
    outer loop
      vertex  4.861695e+002 -5.054957e+003 -4.355878e+001
      vertex  4.849998e+002 -4.693889e+003 -4.617190e+001
      vertex  4.982195e+002 -5.054957e+003 -4.392632e+001
    endloop
  endfacet
  facet normal -2.481320e-002 -7.125689e-003 -9.996667e-001
    outer loop
      vertex  4.982195e+002 -5.054957e+003 -4.392632e+001
      vertex  4.849998e+002 -4.693889e+003 -4.617190e+001
      vertex  4.975898e+002 -4.693889e+003 -4.648440e+001
    endloop
  endfacet
  facet normal -2.357174e-002 -7.123737e-003 -9.996968e-001
    outer loop
      vertex  4.982195e+002 -5.054957e+003 -4.392632e+001
      vertex  4.975898e+002 -4.693889e+003 -4.648440e+001
      vertex  5.102625e+002 -5.054957e+003 -4.421027e+001
    endloop
  endfacet
  facet normal -1.847190e-002 -6.945427e-003 -9.998053e-001
    outer loop
      vertex  5.102625e+002 -5.054957e+003 -4.421027e+001
      vertex  4.975898e+002 -4.693889e+003 -4.648440e+001
      vertex  5.101720e+002 -4.693889e+003 -4.671687e+001
    endloop
  endfacet
  facet normal -1.723040e-002 -6.945270e-003 -9.998274e-001
    outer loop
      vertex  5.102625e+002 -5.054957e+003 -4.421027e+001
      vertex  5.101720e+002 -4.693889e+003 -4.671687e+001
      vertex  5.222980e+002 -5.054957e+003 -4.441769e+001
    endloop
  endfacet
  facet normal -1.270328e-002 -6.793671e-003 -9.998962e-001
    outer loop
      vertex  5.222980e+002 -5.054957e+003 -4.441769e+001
      vertex  5.101720e+002 -4.693889e+003 -4.671687e+001
      vertex  5.227482e+002 -4.693889e+003 -4.687664e+001
    endloop
  endfacet
  facet normal -1.146159e-002 -6.795321e-003 -9.999112e-001
    outer loop
      vertex  5.222980e+002 -5.054957e+003 -4.441769e+001
      vertex  5.227482e+002 -4.693889e+003 -4.687664e+001
      vertex  5.343275e+002 -5.054957e+003 -4.455558e+001
    endloop
  endfacet
  facet normal -7.534191e-003 -6.669616e-003 -9.999493e-001
    outer loop
      vertex  5.343275e+002 -5.054957e+003 -4.455558e+001
      vertex  5.227482e+002 -4.693889e+003 -4.687664e+001
      vertex  5.353224e+002 -4.693889e+003 -4.697138e+001
    endloop
  endfacet
  facet normal -6.292488e-003 -6.673095e-003 -9.999580e-001
    outer loop
      vertex  5.343275e+002 -5.054957e+003 -4.455558e+001
      vertex  5.353224e+002 -4.693889e+003 -4.697138e+001
      vertex  5.463552e+002 -5.054957e+003 -4.463126e+001
    endloop
  endfacet
  facet normal -3.006697e-003 -6.572798e-003 -9.999738e-001
    outer loop
      vertex  5.463552e+002 -5.054957e+003 -4.463126e+001
      vertex  5.353224e+002 -4.693889e+003 -4.697138e+001
      vertex  5.479016e+002 -4.693889e+003 -4.700920e+001
    endloop
  endfacet
  facet normal -1.765229e-003 -6.578133e-003 -9.999767e-001
    outer loop
      vertex  5.463552e+002 -5.054957e+003 -4.463126e+001
      vertex  5.479016e+002 -4.693889e+003 -4.700920e+001
      vertex  5.583875e+002 -5.054957e+003 -4.465250e+001
    endloop
  endfacet
  facet normal  8.427494e-004 -6.502407e-003 -9.999785e-001
    outer loop
      vertex  5.583875e+002 -5.054957e+003 -4.465250e+001
      vertex  5.479016e+002 -4.693889e+003 -4.700920e+001
      vertex  5.604850e+002 -4.693889e+003 -4.699860e+001
    endloop
  endfacet
  facet normal  2.084425e-003 -6.509608e-003 -9.999766e-001
    outer loop
      vertex  5.583875e+002 -5.054957e+003 -4.465250e+001
      vertex  5.604850e+002 -4.693889e+003 -4.699860e+001
      vertex  5.704238e+002 -5.054957e+003 -4.462741e+001
    endloop
  endfacet
  facet normal  5.302849e-003 -6.420942e-003 -9.999653e-001
    outer loop
      vertex  5.704238e+002 -5.054957e+003 -4.462741e+001
      vertex  5.604850e+002 -4.693889e+003 -4.699860e+001
      vertex  5.856613e+002 -4.693889e+003 -4.686509e+001
    endloop
  endfacet
  facet normal  6.544629e-003 -6.473300e-003 -9.999576e-001
    outer loop
      vertex  5.704238e+002 -5.054957e+003 -4.462741e+001
      vertex  5.856613e+002 -4.693889e+003 -4.686509e+001
      vertex  5.945054e+002 -5.054957e+003 -4.446980e+001
    endloop
  endfacet
  facet normal  9.519440e-003 -6.400278e-003 -9.999342e-001
    outer loop
      vertex  5.945054e+002 -5.054957e+003 -4.446980e+001
      vertex  5.856613e+002 -4.693889e+003 -4.686509e+001
      vertex  6.108465e+002 -4.693889e+003 -4.662532e+001
    endloop
  endfacet
  facet normal  1.076124e-002 -6.456402e-003 -9.999212e-001
    outer loop
      vertex  5.945054e+002 -5.054957e+003 -4.446980e+001
      vertex  6.108465e+002 -4.693889e+003 -4.662532e+001
      vertex  6.185953e+002 -5.054957e+003 -4.421054e+001
    endloop
  endfacet
  facet normal  1.262106e-002 -6.416345e-003 -9.998998e-001
    outer loop
      vertex  6.185953e+002 -5.054957e+003 -4.421054e+001
      vertex  6.108465e+002 -4.693889e+003 -4.662532e+001
      vertex  6.360243e+002 -4.693889e+003 -4.630752e+001
    endloop
  endfacet
  facet normal  1.386261e-002 -6.476176e-003 -9.998829e-001
    outer loop
      vertex  6.185953e+002 -5.054957e+003 -4.421054e+001
      vertex  6.360243e+002 -4.693889e+003 -4.630752e+001
      vertex  6.426781e+002 -5.054957e+003 -4.387666e+001
    endloop
  endfacet
  facet normal  1.552577e-002 -6.445365e-003 -9.998587e-001
    outer loop
      vertex  6.426781e+002 -5.054957e+003 -4.387666e+001
      vertex  6.360243e+002 -4.693889e+003 -4.630752e+001
      vertex  6.611943e+002 -4.693889e+003 -4.591668e+001
    endloop
  endfacet
  facet normal  1.676724e-002 -6.508914e-003 -9.998383e-001
    outer loop
      vertex  6.426781e+002 -5.054957e+003 -4.387666e+001
      vertex  6.611943e+002 -4.693889e+003 -4.591668e+001
      vertex  6.667533e+002 -5.054957e+003 -4.347292e+001
    endloop
  endfacet
  facet normal  1.874663e-002 -6.478203e-003 -9.998033e-001
    outer loop
      vertex  6.667533e+002 -5.054957e+003 -4.347292e+001
      vertex  6.611943e+002 -4.693889e+003 -4.591668e+001
      vertex  6.863605e+002 -4.693889e+003 -4.544481e+001
    endloop
  endfacet
  facet normal  1.998831e-002 -6.545496e-003 -9.997788e-001
    outer loop
      vertex  6.667533e+002 -5.054957e+003 -4.347292e+001
      vertex  6.863605e+002 -4.693889e+003 -4.544481e+001
      vertex  6.908248e+002 -5.054957e+003 -4.299166e+001
    endloop
  endfacet
  facet normal  2.238861e-002 -6.515474e-003 -9.997281e-001
    outer loop
      vertex  6.908248e+002 -5.054957e+003 -4.299166e+001
      vertex  6.863605e+002 -4.693889e+003 -4.544481e+001
      vertex  7.115407e+002 -4.693889e+003 -4.488091e+001
    endloop
  endfacet
  facet normal  2.362991e-002 -6.586541e-003 -9.996992e-001
    outer loop
      vertex  6.908248e+002 -5.054957e+003 -4.299166e+001
      vertex  7.115407e+002 -4.693889e+003 -4.488091e+001
      vertex  7.149096e+002 -5.054957e+003 -4.242237e+001
    endloop
  endfacet
  facet normal  2.624591e-002 -6.561690e-003 -9.996340e-001
    outer loop
      vertex  7.149096e+002 -5.054957e+003 -4.242237e+001
      vertex  7.115407e+002 -4.693889e+003 -4.488091e+001
      vertex  7.367226e+002 -4.693889e+003 -4.421974e+001
    endloop
  endfacet
  facet normal  2.748714e-002 -6.636506e-003 -9.996001e-001
    outer loop
      vertex  7.149096e+002 -5.054957e+003 -4.242237e+001
      vertex  7.367226e+002 -4.693889e+003 -4.421974e+001
      vertex  7.389958e+002 -5.054957e+003 -4.176004e+001
    endloop
  endfacet
  facet normal  3.005880e-002 -6.619813e-003 -9.995263e-001
    outer loop
      vertex  7.389958e+002 -5.054957e+003 -4.176004e+001
      vertex  7.367226e+002 -4.693889e+003 -4.421974e+001
      vertex  7.619048e+002 -4.693889e+003 -4.346244e+001
    endloop
  endfacet
  facet normal  3.129999e-002 -6.698381e-003 -9.994875e-001
    outer loop
      vertex  7.389958e+002 -5.054957e+003 -4.176004e+001
      vertex  7.619048e+002 -4.693889e+003 -4.346244e+001
      vertex  7.630823e+002 -5.054957e+003 -4.100575e+001
    endloop
  endfacet
  facet normal  3.361380e-002 -6.690325e-003 -9.994125e-001
    outer loop
      vertex  7.630823e+002 -5.054957e+003 -4.100575e+001
      vertex  7.619048e+002 -4.693889e+003 -4.346244e+001
      vertex  7.870849e+002 -4.693889e+003 -4.261554e+001
    endloop
  endfacet
  facet normal  3.485471e-002 -6.772624e-003 -9.993695e-001
    outer loop
      vertex  7.630823e+002 -5.054957e+003 -4.100575e+001
      vertex  7.870849e+002 -4.693889e+003 -4.261554e+001
      vertex  7.871667e+002 -5.054957e+003 -4.016576e+001
    endloop
  endfacet
  facet normal  3.674621e-002 -6.771735e-003 -9.993017e-001
    outer loop
      vertex  7.871667e+002 -5.054957e+003 -4.016576e+001
      vertex  7.870849e+002 -4.693889e+003 -4.261554e+001
      vertex  8.122768e+002 -4.693889e+003 -4.168919e+001
    endloop
  endfacet
  facet normal  3.798705e-002 -6.857831e-003 -9.992547e-001
    outer loop
      vertex  7.871667e+002 -5.054957e+003 -4.016576e+001
      vertex  8.122768e+002 -4.693889e+003 -4.168919e+001
      vertex  8.112622e+002 -5.054957e+003 -3.924976e+001
    endloop
  endfacet
  facet normal  3.933987e-002 -6.861279e-003 -9.992024e-001
    outer loop
      vertex  8.112622e+002 -5.054957e+003 -3.924976e+001
      vertex  8.122768e+002 -4.693889e+003 -4.168919e+001
      vertex  8.374644e+002 -4.693889e+003 -4.069752e+001
    endloop
  endfacet
  facet normal  4.058068e-002 -6.951121e-003 -9.991521e-001
    outer loop
      vertex  8.112622e+002 -5.054957e+003 -3.924976e+001
      vertex  8.374644e+002 -4.693889e+003 -4.069752e+001
      vertex  8.353536e+002 -5.054957e+003 -3.827129e+001
    endloop
  endfacet
  facet normal  4.105877e-002 -6.953784e-003 -9.991325e-001
    outer loop
      vertex  8.353536e+002 -5.054957e+003 -3.827129e+001
      vertex  8.374644e+002 -4.693889e+003 -4.069752e+001
      vertex  8.542542e+002 -4.693889e+003 -4.000755e+001
    endloop
  endfacet
  facet normal  4.229934e-002 -7.018473e-003 -9.990804e-001
    outer loop
      vertex  8.353536e+002 -5.054957e+003 -3.827129e+001
      vertex  8.542542e+002 -4.693889e+003 -4.000755e+001
      vertex  8.514125e+002 -5.054957e+003 -3.759138e+001
    endloop
  endfacet
  facet normal  4.251898e-002 -7.020139e-003 -9.990709e-001
    outer loop
      vertex  8.514125e+002 -5.054957e+003 -3.759138e+001
      vertex  8.542542e+002 -4.693889e+003 -4.000755e+001
      vertex  8.878309e+002 -4.693889e+003 -3.857858e+001
    endloop
  endfacet
  facet normal  4.375952e-002 -7.145115e-003 -9.990166e-001
    outer loop
      vertex  8.514125e+002 -5.054957e+003 -3.759138e+001
      vertex  8.878309e+002 -4.693889e+003 -3.857858e+001
      vertex  8.835278e+002 -5.054957e+003 -3.618465e+001
    endloop
  endfacet
  facet normal  4.380163e-002 -7.145604e-003 -9.990147e-001
    outer loop
      vertex  8.835278e+002 -5.054957e+003 -3.618465e+001
      vertex  8.878309e+002 -4.693889e+003 -3.857858e+001
      vertex  9.382070e+002 -4.693889e+003 -3.636985e+001
    endloop
  endfacet
  facet normal  4.504213e-002 -7.333433e-003 -9.989582e-001
    outer loop
      vertex  8.835278e+002 -5.054957e+003 -3.618465e+001
      vertex  9.382070e+002 -4.693889e+003 -3.636985e+001
      vertex  9.317110e+002 -5.054957e+003 -3.401211e+001
    endloop
  endfacet
  facet normal  4.423749e-002 -7.319193e-003 -9.989942e-001
    outer loop
      vertex  9.317110e+002 -5.054957e+003 -3.401211e+001
      vertex  9.382070e+002 -4.693889e+003 -3.636985e+001
      vertex  9.885842e+002 -4.693889e+003 -3.413904e+001
    endloop
  endfacet
  facet normal  4.547781e-002 -7.514540e-003 -9.989371e-001
    outer loop
      vertex  9.317110e+002 -5.054957e+003 -3.401211e+001
      vertex  9.885842e+002 -4.693889e+003 -3.413904e+001
      vertex  9.798953e+002 -5.054957e+003 -3.181846e+001
    endloop
  endfacet
  facet normal  4.490774e-002 -7.500988e-003 -9.989630e-001
    outer loop
      vertex  9.798953e+002 -5.054957e+003 -3.181846e+001
      vertex  9.885842e+002 -4.693889e+003 -3.413904e+001
      vertex  1.038966e+003 -4.693889e+003 -3.187417e+001
    endloop
  endfacet
  facet normal  4.614823e-002 -7.703920e-003 -9.989049e-001
    outer loop
      vertex  9.798953e+002 -5.054957e+003 -3.181846e+001
      vertex  1.038966e+003 -4.693889e+003 -3.187417e+001
      vertex  1.028084e+003 -5.054957e+003 -2.959222e+001
    endloop
  endfacet
  facet normal  4.711102e-002 -7.732651e-003 -9.988598e-001
    outer loop
      vertex  1.028084e+003 -5.054957e+003 -2.959222e+001
      vertex  1.038966e+003 -4.693889e+003 -3.187417e+001
      vertex  1.089341e+003 -4.693889e+003 -2.949823e+001
    endloop
  endfacet
  facet normal  4.835129e-002 -7.943086e-003 -9.987988e-001
    outer loop
      vertex  1.028084e+003 -5.054957e+003 -2.959222e+001
      vertex  1.089341e+003 -4.693889e+003 -2.949823e+001
      vertex  1.076266e+003 -5.054957e+003 -2.725974e+001
    endloop
  endfacet
  facet normal  4.970940e-002 -7.991849e-003 -9.987317e-001
    outer loop
      vertex  1.076266e+003 -5.054957e+003 -2.725974e+001
      vertex  1.089341e+003 -4.693889e+003 -2.949823e+001
      vertex  1.139724e+003 -4.693889e+003 -2.699057e+001
    endloop
  endfacet
  facet normal  5.094936e-002 -8.209820e-003 -9.986675e-001
    outer loop
      vertex  1.076266e+003 -5.054957e+003 -2.725974e+001
      vertex  1.139724e+003 -4.693889e+003 -2.699057e+001
      vertex  1.124455e+003 -5.054957e+003 -2.480126e+001
    endloop
  endfacet
  facet normal  5.011775e-002 -8.174909e-003 -9.987098e-001
    outer loop
      vertex  1.124455e+003 -5.054957e+003 -2.480126e+001
      vertex  1.139724e+003 -4.693889e+003 -2.699057e+001
      vertex  1.215296e+003 -4.693889e+003 -2.319814e+001
    endloop
  endfacet
  facet normal  5.135774e-002 -8.487170e-003 -9.986443e-001
    outer loop
      vertex  1.124455e+003 -5.054957e+003 -2.480126e+001
      vertex  1.215296e+003 -4.693889e+003 -2.319814e+001
      vertex  1.196738e+003 -5.054957e+003 -2.108395e+001
    endloop
  endfacet
  facet normal  5.069513e-002 -8.453312e-003 -9.986784e-001
    outer loop
      vertex  1.196738e+003 -5.054957e+003 -2.108395e+001
      vertex  1.215296e+003 -4.693889e+003 -2.319814e+001
      vertex  1.265680e+003 -4.693889e+003 -2.064055e+001
    endloop
  endfacet
  facet normal  5.193515e-002 -8.690162e-003 -9.986126e-001
    outer loop
      vertex  1.196738e+003 -5.054957e+003 -2.108395e+001
      vertex  1.265680e+003 -4.693889e+003 -2.064055e+001
      vertex  1.244928e+003 -5.054957e+003 -1.857771e+001
    endloop
  endfacet
  facet normal -1.040206e-001 -1.017729e-002 -9.945230e-001
    outer loop
      vertex  4.079217e+002 -5.054957e+003 -3.836418e+001
      vertex  3.928374e+002 -4.693889e+003 -4.048139e+001
      vertex  4.138147e+002 -5.054957e+003 -3.898054e+001
    endloop
  endfacet
  facet normal -1.012560e-001 -1.001787e-002 -9.948100e-001
    outer loop
      vertex  4.138147e+002 -5.054957e+003 -3.898054e+001
      vertex  3.928374e+002 -4.693889e+003 -4.048139e+001
      vertex  4.012262e+002 -4.693889e+003 -4.133524e+001
    endloop
  endfacet
  facet normal -9.653003e-002 -9.856171e-003 -9.952813e-001
    outer loop
      vertex  4.138147e+002 -5.054957e+003 -3.898054e+001
      vertex  4.012262e+002 -4.693889e+003 -4.133524e+001
      vertex  4.199591e+002 -5.054957e+003 -3.957647e+001
    endloop
  endfacet
  facet normal -6.034488e-001 -3.734966e-002 -7.965265e-001
    outer loop
      vertex  2.943868e+002 -4.693889e+003 -1.509111e+001
      vertex  2.955649e+002 -4.693889e+003 -1.598364e+001
      vertex  3.159914e+002 -5.054957e+003 -1.452804e+001
    endloop
  endfacet
  facet normal -5.775636e-001 -3.596197e-002 -8.155532e-001
    outer loop
      vertex  3.159914e+002 -5.054957e+003 -1.452804e+001
      vertex  2.955649e+002 -4.693889e+003 -1.598364e+001
      vertex  2.967613e+002 -4.693889e+003 -1.683090e+001
    endloop
  endfacet
  facet normal -5.880399e-001 -3.647181e-002 -8.080092e-001
    outer loop
      vertex  3.159914e+002 -5.054957e+003 -1.452804e+001
      vertex  2.967613e+002 -4.693889e+003 -1.683090e+001
      vertex  3.181302e+002 -5.054957e+003 -1.608455e+001
    endloop
  endfacet
  facet normal -5.445980e-001 -3.396283e-002 -8.380092e-001
    outer loop
      vertex  3.181302e+002 -5.054957e+003 -1.608455e+001
      vertex  2.967613e+002 -4.693889e+003 -1.683090e+001
      vertex  2.988090e+002 -4.693889e+003 -1.816168e+001
    endloop
  endfacet
  facet normal -5.435604e-001 -3.391119e-002 -8.386849e-001
    outer loop
      vertex  3.181302e+002 -5.054957e+003 -1.608455e+001
      vertex  2.988090e+002 -4.693889e+003 -1.816168e+001
      vertex  3.200905e+002 -5.054957e+003 -1.735504e+001
    endloop
  endfacet
  facet normal -5.055509e-001 -3.172347e-002 -8.622134e-001
    outer loop
      vertex  3.200905e+002 -5.054957e+003 -1.735504e+001
      vertex  2.988090e+002 -4.693889e+003 -1.816168e+001
      vertex  3.008751e+002 -4.693889e+003 -1.937312e+001
    endloop
  endfacet
  facet normal -5.044792e-001 -3.166995e-002 -8.628429e-001
    outer loop
      vertex  3.200905e+002 -5.054957e+003 -1.735504e+001
      vertex  3.008751e+002 -4.693889e+003 -1.937312e+001
      vertex  3.220682e+002 -5.054957e+003 -1.851136e+001
    endloop
  endfacet
  facet normal -4.694487e-001 -2.966065e-002 -8.824614e-001
    outer loop
      vertex  3.220682e+002 -5.054957e+003 -1.851136e+001
      vertex  3.008751e+002 -4.693889e+003 -1.937312e+001
      vertex  3.029503e+002 -4.693889e+003 -2.047709e+001
    endloop
  endfacet
  facet normal -4.683503e-001 -2.960568e-002 -8.830467e-001
    outer loop
      vertex  3.220682e+002 -5.054957e+003 -1.851136e+001
      vertex  3.029503e+002 -4.693889e+003 -2.047709e+001
      vertex  3.240545e+002 -5.054957e+003 -1.956487e+001
    endloop
  endfacet
  facet normal -4.404831e-001 -2.801293e-002 -8.973238e-001
    outer loop
      vertex  3.240545e+002 -5.054957e+003 -1.956487e+001
      vertex  3.029503e+002 -4.693889e+003 -2.047709e+001
      vertex  3.045112e+002 -4.693889e+003 -2.124330e+001
    endloop
  endfacet
  facet normal -4.393776e-001 -2.795562e-002 -8.978674e-001
    outer loop
      vertex  3.240545e+002 -5.054957e+003 -1.956487e+001
      vertex  3.045112e+002 -4.693889e+003 -2.124330e+001
      vertex  3.255484e+002 -5.054957e+003 -2.029592e+001
    endloop
  endfacet
  facet normal -4.180255e-001 -2.673827e-002 -9.080417e-001
    outer loop
      vertex  3.255484e+002 -5.054957e+003 -2.029592e+001
      vertex  3.045112e+002 -4.693889e+003 -2.124330e+001
      vertex  3.060768e+002 -4.693889e+003 -2.196402e+001
    endloop
  endfacet
  facet normal -4.168883e-001 -2.667936e-002 -9.085661e-001
    outer loop
      vertex  3.255484e+002 -5.054957e+003 -2.029592e+001
      vertex  3.060768e+002 -4.693889e+003 -2.196402e+001
      vertex  3.270468e+002 -5.054957e+003 -2.098344e+001
    endloop
  endfacet
  facet normal -3.889465e-001 -2.509011e-002 -9.209186e-001
    outer loop
      vertex  3.270468e+002 -5.054957e+003 -2.098344e+001
      vertex  3.060768e+002 -4.693889e+003 -2.196402e+001
      vertex  3.092299e+002 -4.693889e+003 -2.329571e+001
    endloop
  endfacet
  facet normal -3.878061e-001 -2.503693e-002 -9.214009e-001
    outer loop
      vertex  3.270468e+002 -5.054957e+003 -2.098344e+001
      vertex  3.092299e+002 -4.693889e+003 -2.329571e+001
      vertex  3.300643e+002 -5.054957e+003 -2.225348e+001
    endloop
  endfacet
  facet normal -3.586012e-001 -2.338579e-002 -9.331979e-001
    outer loop
      vertex  3.300643e+002 -5.054957e+003 -2.225348e+001
      vertex  3.092299e+002 -4.693889e+003 -2.329571e+001
      vertex  3.121993e+002 -4.693889e+003 -2.443677e+001
    endloop
  endfacet
  facet normal -3.577168e-001 -2.334409e-002 -9.335383e-001
    outer loop
      vertex  3.300643e+002 -5.054957e+003 -2.225348e+001
      vertex  3.121993e+002 -4.693889e+003 -2.443677e+001
      vertex  3.328410e+002 -5.054957e+003 -2.331747e+001
    endloop
  endfacet
  facet normal -3.363139e-001 -2.214517e-002 -9.414895e-001
    outer loop
      vertex  3.328410e+002 -5.054957e+003 -2.331747e+001
      vertex  3.121993e+002 -4.693889e+003 -2.443677e+001
      vertex  3.152151e+002 -4.693889e+003 -2.551405e+001
    endloop
  endfacet
  facet normal -3.358059e-001 -2.212147e-002 -9.416714e-001
    outer loop
      vertex  3.328410e+002 -5.054957e+003 -2.331747e+001
      vertex  3.152151e+002 -4.693889e+003 -2.551405e+001
      vertex  3.356599e+002 -5.054957e+003 -2.432269e+001
    endloop
  endfacet
  facet normal -3.188954e-001 -2.118336e-002 -9.475531e-001
    outer loop
      vertex  3.356599e+002 -5.054957e+003 -2.432269e+001
      vertex  3.152151e+002 -4.693889e+003 -2.551405e+001
      vertex  3.183112e+002 -4.693889e+003 -2.655603e+001
    endloop
  endfacet
  facet normal -3.182521e-001 -2.115379e-002 -9.477701e-001
    outer loop
      vertex  3.356599e+002 -5.054957e+003 -2.432269e+001
      vertex  3.183112e+002 -4.693889e+003 -2.655603e+001
      vertex  3.386876e+002 -5.054957e+003 -2.533937e+001
    endloop
  endfacet
  facet normal -3.045532e-001 -2.039589e-002 -9.522769e-001
    outer loop
      vertex  3.386876e+002 -5.054957e+003 -2.533937e+001
      vertex  3.183112e+002 -4.693889e+003 -2.655603e+001
      vertex  3.214539e+002 -4.693889e+003 -2.756112e+001
    endloop
  endfacet
  facet normal -3.035239e-001 -2.034879e-002 -9.526064e-001
    outer loop
      vertex  3.386876e+002 -5.054957e+003 -2.533937e+001
      vertex  3.214539e+002 -4.693889e+003 -2.756112e+001
      vertex  3.417619e+002 -5.054957e+003 -2.631893e+001
    endloop
  endfacet
  facet normal -2.918108e-001 -1.970261e-002 -9.562731e-001
    outer loop
      vertex  3.417619e+002 -5.054957e+003 -2.631893e+001
      vertex  3.214539e+002 -4.693889e+003 -2.756112e+001
      vertex  3.246361e+002 -4.693889e+003 -2.853221e+001
    endloop
  endfacet
  facet normal -2.904832e-001 -1.964213e-002 -9.566784e-001
    outer loop
      vertex  3.417619e+002 -5.054957e+003 -2.631893e+001
      vertex  3.246361e+002 -4.693889e+003 -2.853221e+001
      vertex  3.448758e+002 -5.054957e+003 -2.726442e+001
    endloop
  endfacet
  facet normal -2.794459e-001 -1.903499e-002 -9.599727e-001
    outer loop
      vertex  3.448758e+002 -5.054957e+003 -2.726442e+001
      vertex  3.246361e+002 -4.693889e+003 -2.853221e+001
      vertex  3.278486e+002 -4.693889e+003 -2.946735e+001
    endloop
  endfacet
  facet normal -2.778313e-001 -1.896172e-002 -9.604427e-001
    outer loop
      vertex  3.448758e+002 -5.054957e+003 -2.726442e+001
      vertex  3.278486e+002 -4.693889e+003 -2.946735e+001
      vertex  3.480196e+002 -5.054957e+003 -2.817384e+001
    endloop
  endfacet
  facet normal -2.667228e-001 -1.835245e-002 -9.635985e-001
    outer loop
      vertex  3.480196e+002 -5.054957e+003 -2.817384e+001
      vertex  3.278486e+002 -4.693889e+003 -2.946735e+001
      vertex  3.310479e+002 -4.693889e+003 -3.035291e+001
    endloop
  endfacet
  facet normal -2.650844e-001 -1.827818e-002 -9.640519e-001
    outer loop
      vertex  3.480196e+002 -5.054957e+003 -2.817384e+001
      vertex  3.310479e+002 -4.693889e+003 -3.035291e+001
      vertex  3.510118e+002 -5.054957e+003 -2.899661e+001
    endloop
  endfacet
  facet normal -2.532781e-001 -1.763734e-002 -9.672327e-001
    outer loop
      vertex  3.510118e+002 -5.054957e+003 -2.899661e+001
      vertex  3.310479e+002 -4.693889e+003 -3.035291e+001
      vertex  3.342570e+002 -4.693889e+003 -3.119325e+001
    endloop
  endfacet
  facet normal -2.519224e-001 -1.757659e-002 -9.675879e-001
    outer loop
      vertex  3.510118e+002 -5.054957e+003 -2.899661e+001
      vertex  3.342570e+002 -4.693889e+003 -3.119325e+001
      vertex  3.540128e+002 -5.054957e+003 -2.977794e+001
    endloop
  endfacet
  facet normal -2.392721e-001 -1.689705e-002 -9.708055e-001
    outer loop
      vertex  3.540128e+002 -5.054957e+003 -2.977794e+001
      vertex  3.342570e+002 -4.693889e+003 -3.119325e+001
      vertex  3.374018e+002 -4.693889e+003 -3.196833e+001
    endloop
  endfacet
  facet normal -2.380637e-001 -1.684326e-002 -9.711035e-001
    outer loop
      vertex  3.540128e+002 -5.054957e+003 -2.977794e+001
      vertex  3.374018e+002 -4.693889e+003 -3.196833e+001
      vertex  3.570218e+002 -5.054957e+003 -3.051558e+001
    endloop
  endfacet
  facet normal -2.251320e-001 -1.615301e-002 -9.741943e-001
    outer loop
      vertex  3.570218e+002 -5.054957e+003 -3.051558e+001
      vertex  3.374018e+002 -4.693889e+003 -3.196833e+001
      vertex  3.405439e+002 -4.693889e+003 -3.269447e+001
    endloop
  endfacet
  facet normal -2.239228e-001 -1.609951e-002 -9.744739e-001
    outer loop
      vertex  3.570218e+002 -5.054957e+003 -3.051558e+001
      vertex  3.405439e+002 -4.693889e+003 -3.269447e+001
      vertex  3.600282e+002 -5.054957e+003 -3.120642e+001
    endloop
  endfacet
  facet normal -2.112012e-001 -1.542475e-002 -9.773209e-001
    outer loop
      vertex  3.600282e+002 -5.054957e+003 -3.120642e+001
      vertex  3.405439e+002 -4.693889e+003 -3.269447e+001
      vertex  3.436814e+002 -4.693889e+003 -3.337248e+001
    endloop
  endfacet
  facet normal -2.099901e-001 -1.537149e-002 -9.775826e-001
    outer loop
      vertex  3.600282e+002 -5.054957e+003 -3.120642e+001
      vertex  3.436814e+002 -4.693889e+003 -3.337248e+001
      vertex  3.630300e+002 -5.054957e+003 -3.185123e+001
    endloop
  endfacet
  facet normal -1.979139e-001 -1.473501e-002 -9.801087e-001
    outer loop
      vertex  3.630300e+002 -5.054957e+003 -3.185123e+001
      vertex  3.436814e+002 -4.693889e+003 -3.337248e+001
      vertex  3.468141e+002 -4.693889e+003 -3.400506e+001
    endloop
  endfacet
  facet normal -1.966957e-001 -1.468176e-002 -9.803547e-001
    outer loop
      vertex  3.630300e+002 -5.054957e+003 -3.185123e+001
      vertex  3.468141e+002 -4.693889e+003 -3.400506e+001
      vertex  3.660272e+002 -5.054957e+003 -3.245258e+001
    endloop
  endfacet
  facet normal -1.801183e-001 -1.381338e-002 -9.835480e-001
    outer loop
      vertex  3.660272e+002 -5.054957e+003 -3.245258e+001
      vertex  3.468141e+002 -4.693889e+003 -3.400506e+001
      vertex  3.530716e+002 -4.693889e+003 -3.515101e+001
    endloop
  endfacet
  facet normal -1.788974e-001 -1.377124e-002 -9.837714e-001
    outer loop
      vertex  3.660272e+002 -5.054957e+003 -3.245258e+001
      vertex  3.530716e+002 -4.693889e+003 -3.515101e+001
      vertex  3.720141e+002 -5.054957e+003 -3.354128e+001
    endloop
  endfacet
  facet normal -1.608655e-001 -1.283917e-002 -9.868928e-001
    outer loop
      vertex  3.720141e+002 -5.054957e+003 -3.354128e+001
      vertex  3.530716e+002 -4.693889e+003 -3.515101e+001
      vertex  3.593364e+002 -4.693889e+003 -3.617219e+001
    endloop
  endfacet
  facet normal -1.596392e-001 -1.279757e-002 -9.870926e-001
    outer loop
      vertex  3.720141e+002 -5.054957e+003 -3.354128e+001
      vertex  3.593364e+002 -4.693889e+003 -3.617219e+001
      vertex  3.780077e+002 -5.054957e+003 -3.451062e+001
    endloop
  endfacet
  facet normal -1.469140e-001 -1.214865e-002 -9.890746e-001
    outer loop
      vertex  3.780077e+002 -5.054957e+003 -3.451062e+001
      vertex  3.593364e+002 -4.693889e+003 -3.617219e+001
      vertex  3.655696e+002 -4.693889e+003 -3.709805e+001
    endloop
  endfacet
  facet normal -1.456864e-001 -1.210767e-002 -9.892568e-001
    outer loop
      vertex  3.780077e+002 -5.054957e+003 -3.451062e+001
      vertex  3.655696e+002 -4.693889e+003 -3.709805e+001
      vertex  3.839710e+002 -5.054957e+003 -3.538882e+001
    endloop
  endfacet
  facet normal -1.366055e-001 -1.165103e-002 -9.905570e-001
    outer loop
      vertex  3.839710e+002 -5.054957e+003 -3.538882e+001
      vertex  3.655696e+002 -4.693889e+003 -3.709805e+001
      vertex  3.718358e+002 -4.693889e+003 -3.796221e+001
    endloop
  endfacet
  facet normal -1.353752e-001 -1.161088e-002 -9.907264e-001
    outer loop
      vertex  3.839710e+002 -5.054957e+003 -3.538882e+001
      vertex  3.718358e+002 -4.693889e+003 -3.796221e+001
      vertex  3.899658e+002 -5.054957e+003 -3.620797e+001
    endloop
  endfacet
  facet normal -1.281322e-001 -1.125190e-002 -9.916933e-001
    outer loop
      vertex  3.899658e+002 -5.054957e+003 -3.620797e+001
      vertex  3.718358e+002 -4.693889e+003 -3.796221e+001
      vertex  3.781310e+002 -4.693889e+003 -3.877557e+001
    endloop
  endfacet
  facet normal -1.269010e-001 -1.121267e-002 -9.918520e-001
    outer loop
      vertex  3.899658e+002 -5.054957e+003 -3.620797e+001
      vertex  3.781310e+002 -4.693889e+003 -3.877557e+001
      vertex  3.959882e+002 -5.054957e+003 -3.697849e+001
    endloop
  endfacet
  facet normal -1.203226e-001 -1.089142e-002 -9.926751e-001
    outer loop
      vertex  3.959882e+002 -5.054957e+003 -3.697849e+001
      vertex  3.781310e+002 -4.693889e+003 -3.877557e+001
      vertex  3.844446e+002 -4.693889e+003 -3.954086e+001
    endloop
  endfacet
  facet normal -1.190899e-001 -1.085307e-002 -9.928241e-001
    outer loop
      vertex  3.959882e+002 -5.054957e+003 -3.697849e+001
      vertex  3.844446e+002 -4.693889e+003 -3.954086e+001
      vertex  4.020283e+002 -5.054957e+003 -3.770300e+001
    endloop
  endfacet
  facet normal -1.113619e-001 -1.048131e-002 -9.937247e-001
    outer loop
      vertex  4.020283e+002 -5.054957e+003 -3.770300e+001
      vertex  3.844446e+002 -4.693889e+003 -3.954086e+001
      vertex  3.928374e+002 -4.693889e+003 -4.048139e+001
    endloop
  endfacet
  facet normal -1.114828e-001 -1.048428e-002 -9.937110e-001
    outer loop
      vertex  4.020283e+002 -5.054957e+003 -3.770300e+001
      vertex  3.928374e+002 -4.693889e+003 -4.048139e+001
      vertex  4.079217e+002 -5.054957e+003 -3.836418e+001
    endloop
  endfacet
  facet normal -8.241020e-001 -5.022829e-002 -5.642100e-001
    outer loop
      vertex  3.090613e+002 -5.054957e+003 -7.273017e+000
      vertex  2.875969e+002 -4.693889e+003 -8.065231e+000
      vertex  3.096474e+002 -5.054957e+003 -8.129033e+000
    endloop
  endfacet
  facet normal -8.052579e-001 -4.907276e-002 -5.908905e-001
    outer loop
      vertex  3.096474e+002 -5.054957e+003 -8.129033e+000
      vertex  2.875969e+002 -4.693889e+003 -8.065231e+000
      vertex  2.885612e+002 -4.693889e+003 -9.379359e+000
    endloop
  endfacet
  facet normal -7.980887e-001 -4.868760e-002 -6.005697e-001
    outer loop
      vertex  3.096474e+002 -5.054957e+003 -8.129033e+000
      vertex  2.885612e+002 -4.693889e+003 -9.379359e+000
      vertex  3.102778e+002 -5.054957e+003 -8.966724e+000
    endloop
  endfacet
  facet normal -7.649852e-001 -4.674432e-002 -6.423494e-001
    outer loop
      vertex  3.102778e+002 -5.054957e+003 -8.966724e+000
      vertex  2.885612e+002 -4.693889e+003 -9.379359e+000
      vertex  2.897424e+002 -4.693889e+003 -1.078609e+001
    endloop
  endfacet
  facet normal -7.641877e-001 -4.670376e-002 -6.433010e-001
    outer loop
      vertex  3.102778e+002 -5.054957e+003 -8.966724e+000
      vertex  2.897424e+002 -4.693889e+003 -1.078609e+001
      vertex  3.114093e+002 -5.054957e+003 -1.031089e+001
    endloop
  endfacet
  facet normal -7.240618e-001 -4.435514e-002 -6.883073e-001
    outer loop
      vertex  3.114093e+002 -5.054957e+003 -1.031089e+001
      vertex  2.897424e+002 -4.693889e+003 -1.078609e+001
      vertex  2.910214e+002 -4.693889e+003 -1.213145e+001
    endloop
  endfacet
  facet normal -7.232110e-001 -4.431162e-002 -6.892041e-001
    outer loop
      vertex  3.114093e+002 -5.054957e+003 -1.031089e+001
      vertex  2.910214e+002 -4.693889e+003 -1.213145e+001
      vertex  3.126342e+002 -5.054957e+003 -1.159624e+001
    endloop
  endfacet
  facet normal -6.851412e-001 -4.208915e-002 -7.271932e-001
    outer loop
      vertex  3.126342e+002 -5.054957e+003 -1.159624e+001
      vertex  2.910214e+002 -4.693889e+003 -1.213145e+001
      vertex  2.923796e+002 -4.693889e+003 -1.341113e+001
    endloop
  endfacet
  facet normal -6.842374e-001 -4.204273e-002 -7.280465e-001
    outer loop
      vertex  3.126342e+002 -5.054957e+003 -1.159624e+001
      vertex  2.923796e+002 -4.693889e+003 -1.341113e+001
      vertex  3.139349e+002 -5.054957e+003 -1.281867e+001
    endloop
  endfacet
  facet normal -6.536302e-001 -4.026097e-002 -7.557425e-001
    outer loop
      vertex  3.139349e+002 -5.054957e+003 -1.281867e+001
      vertex  2.923796e+002 -4.693889e+003 -1.341113e+001
      vertex  2.933708e+002 -4.693889e+003 -1.426846e+001
    endloop
  endfacet
  facet normal -6.518323e-001 -4.016482e-002 -7.572986e-001
    outer loop
      vertex  3.139349e+002 -5.054957e+003 -1.281867e+001
      vertex  2.933708e+002 -4.693889e+003 -1.426846e+001
      vertex  3.149499e+002 -5.054957e+003 -1.369232e+001
    endloop
  endfacet
  facet normal -6.288289e-001 -3.882079e-002 -7.765740e-001
    outer loop
      vertex  3.149499e+002 -5.054957e+003 -1.369232e+001
      vertex  2.933708e+002 -4.693889e+003 -1.426846e+001
      vertex  2.943868e+002 -4.693889e+003 -1.509111e+001
    endloop
  endfacet
  facet normal -6.253853e-001 -3.863546e-002 -7.793590e-001
    outer loop
      vertex  3.149499e+002 -5.054957e+003 -1.369232e+001
      vertex  2.943868e+002 -4.693889e+003 -1.509111e+001
      vertex  3.159914e+002 -5.054957e+003 -1.452804e+001
    endloop
  endfacet
  facet normal -9.181858e-001 -5.570503e-002 -3.922139e-001
    outer loop
      vertex  2.860021e+002 -4.693889e+003 -5.319192e+000
      vertex  3.074223e+002 -5.054957e+003 -4.182995e+000
      vertex  2.853948e+002 -4.693889e+003 -3.897554e+000
    endloop
  endfacet
  facet normal -9.395766e-001 -5.705322e-002 -3.375510e-001
    outer loop
      vertex  2.853948e+002 -4.693889e+003 -3.897554e+000
      vertex  3.074223e+002 -5.054957e+003 -4.182995e+000
      vertex  3.069280e+002 -5.054957e+003 -2.807210e+000
    endloop
  endfacet
  facet normal -9.445908e-001 -5.730894e-002 -3.232088e-001
    outer loop
      vertex  2.853948e+002 -4.693889e+003 -3.897554e+000
      vertex  3.069280e+002 -5.054957e+003 -2.807210e+000
      vertex  2.850808e+002 -4.693889e+003 -2.979712e+000
    endloop
  endfacet
  facet normal -9.673970e-001 -5.865217e-002 -2.463800e-001
    outer loop
      vertex  2.850808e+002 -4.693889e+003 -2.979712e+000
      vertex  3.069280e+002 -5.054957e+003 -2.807210e+000
      vertex  3.065724e+002 -5.054957e+003 -1.411003e+000
    endloop
  endfacet
  facet normal -9.623934e-001 -5.843655e-002 -2.653002e-001
    outer loop
      vertex  2.850808e+002 -4.693889e+003 -2.979712e+000
      vertex  3.065724e+002 -5.054957e+003 -1.411003e+000
      vertex  2.848254e+002 -4.693889e+003 -2.053226e+000
    endloop
  endfacet
  facet normal  2.134800e-002 -6.528490e-003 -9.997507e-001
    outer loop
      vertex  6.723123e+002 -5.416025e+003 -4.102914e+001
      vertex  6.908248e+002 -5.054957e+003 -4.299166e+001
      vertex  6.952891e+002 -5.416025e+003 -4.053851e+001
    endloop
  endfacet
  facet normal  2.362993e-002 -6.499928e-003 -9.996996e-001
    outer loop
      vertex  6.952891e+002 -5.416025e+003 -4.053851e+001
      vertex  6.908248e+002 -5.054957e+003 -4.299166e+001
      vertex  7.149096e+002 -5.054957e+003 -4.242237e+001
    endloop
  endfacet
  facet normal  2.498947e-002 -6.573631e-003 -9.996661e-001
    outer loop
      vertex  6.952891e+002 -5.416025e+003 -4.053851e+001
      vertex  7.149096e+002 -5.054957e+003 -4.242237e+001
      vertex  7.182785e+002 -5.416025e+003 -3.996383e+001
    endloop
  endfacet
  facet normal  2.748716e-002 -6.549882e-003 -9.996008e-001
    outer loop
      vertex  7.182785e+002 -5.416025e+003 -3.996383e+001
      vertex  7.149096e+002 -5.054957e+003 -4.242237e+001
      vertex  7.389958e+002 -5.054957e+003 -4.176004e+001
    endloop
  endfacet
  facet normal  2.884655e-002 -6.627687e-003 -9.995619e-001
    outer loop
      vertex  7.182785e+002 -5.416025e+003 -3.996383e+001
      vertex  7.389958e+002 -5.054957e+003 -4.176004e+001
      vertex  7.412691e+002 -5.416025e+003 -3.930034e+001
    endloop
  endfacet
  facet normal  3.130001e-002 -6.611739e-003 -9.994882e-001
    outer loop
      vertex  7.412691e+002 -5.416025e+003 -3.930034e+001
      vertex  7.389958e+002 -5.054957e+003 -4.176004e+001
      vertex  7.630823e+002 -5.054957e+003 -4.100575e+001
    endloop
  endfacet
  facet normal  3.265927e-002 -6.693647e-003 -9.994441e-001
    outer loop
      vertex  7.412691e+002 -5.416025e+003 -3.930034e+001
      vertex  7.630823e+002 -5.054957e+003 -4.100575e+001
      vertex  7.642598e+002 -5.416025e+003 -3.854906e+001
    endloop
  endfacet
  facet normal  3.485473e-002 -6.685983e-003 -9.993700e-001
    outer loop
      vertex  7.642598e+002 -5.416025e+003 -3.854906e+001
      vertex  7.630823e+002 -5.054957e+003 -4.100575e+001
      vertex  7.871667e+002 -5.054957e+003 -4.016576e+001
    endloop
  endfacet
  facet normal  3.621393e-002 -6.771995e-003 -9.993211e-001
    outer loop
      vertex  7.642598e+002 -5.416025e+003 -3.854906e+001
      vertex  7.871667e+002 -5.054957e+003 -4.016576e+001
      vertex  7.872484e+002 -5.416025e+003 -3.771599e+001
    endloop
  endfacet
  facet normal  3.798707e-002 -6.771147e-003 -9.992553e-001
    outer loop
      vertex  7.872484e+002 -5.416025e+003 -3.771599e+001
      vertex  7.871667e+002 -5.054957e+003 -4.016576e+001
      vertex  8.112622e+002 -5.054957e+003 -3.924976e+001
    endloop
  endfacet
  facet normal  3.934591e-002 -6.861293e-003 -9.992021e-001
    outer loop
      vertex  7.872484e+002 -5.416025e+003 -3.771599e+001
      vertex  8.112622e+002 -5.054957e+003 -3.924976e+001
      vertex  8.102476e+002 -5.416025e+003 -3.681034e+001
    endloop
  endfacet
  facet normal  4.058070e-002 -6.864430e-003 -9.991527e-001
    outer loop
      vertex  8.102476e+002 -5.416025e+003 -3.681034e+001
      vertex  8.112622e+002 -5.054957e+003 -3.924976e+001
      vertex  8.353536e+002 -5.054957e+003 -3.827129e+001
    endloop
  endfacet
  facet normal  4.193971e-002 -6.958695e-003 -9.990959e-001
    outer loop
      vertex  8.102476e+002 -5.416025e+003 -3.681034e+001
      vertex  8.353536e+002 -5.054957e+003 -3.827129e+001
      vertex  8.332427e+002 -5.416025e+003 -3.584506e+001
    endloop
  endfacet
  facet normal  4.229936e-002 -6.960696e-003 -9.990808e-001
    outer loop
      vertex  8.332427e+002 -5.416025e+003 -3.584506e+001
      vertex  8.353536e+002 -5.054957e+003 -3.827129e+001
      vertex  8.514125e+002 -5.054957e+003 -3.759138e+001
    endloop
  endfacet
  facet normal  4.365775e-002 -7.028769e-003 -9.990219e-001
    outer loop
      vertex  8.332427e+002 -5.416025e+003 -3.584506e+001
      vertex  8.514125e+002 -5.054957e+003 -3.759138e+001
      vertex  8.485709e+002 -5.416025e+003 -3.517521e+001
    endloop
  endfacet
  facet normal  4.375956e-002 -7.029540e-003 -9.990174e-001
    outer loop
      vertex  8.485709e+002 -5.416025e+003 -3.517521e+001
      vertex  8.514125e+002 -5.054957e+003 -3.759138e+001
      vertex  8.835278e+002 -5.054957e+003 -3.618465e+001
    endloop
  endfacet
  facet normal  4.511819e-002 -7.160905e-003 -9.989560e-001
    outer loop
      vertex  8.485709e+002 -5.416025e+003 -3.517521e+001
      vertex  8.835278e+002 -5.054957e+003 -3.618465e+001
      vertex  8.792246e+002 -5.416025e+003 -3.379073e+001
    endloop
  endfacet
  facet normal  4.504218e-002 -7.160021e-003 -9.989594e-001
    outer loop
      vertex  8.792246e+002 -5.416025e+003 -3.379073e+001
      vertex  8.835278e+002 -5.054957e+003 -3.618465e+001
      vertex  9.317110e+002 -5.054957e+003 -3.401211e+001
    endloop
  endfacet
  facet normal  4.640067e-002 -7.357457e-003 -9.988958e-001
    outer loop
      vertex  8.792246e+002 -5.416025e+003 -3.379073e+001
      vertex  9.317110e+002 -5.054957e+003 -3.401211e+001
      vertex  9.252150e+002 -5.416025e+003 -3.165438e+001
    endloop
  endfacet
  facet normal  4.547787e-002 -7.341132e-003 -9.989383e-001
    outer loop
      vertex  9.252150e+002 -5.416025e+003 -3.165438e+001
      vertex  9.317110e+002 -5.054957e+003 -3.401211e+001
      vertex  9.798953e+002 -5.054957e+003 -3.181846e+001
    endloop
  endfacet
  facet normal  4.683641e-002 -7.546841e-003 -9.988740e-001
    outer loop
      vertex  9.252150e+002 -5.416025e+003 -3.165438e+001
      vertex  9.798953e+002 -5.054957e+003 -3.181846e+001
      vertex  9.712064e+002 -5.416025e+003 -2.949788e+001
    endloop
  endfacet
  facet normal  4.614828e-002 -7.530488e-003 -9.989061e-001
    outer loop
      vertex  9.712064e+002 -5.416025e+003 -2.949788e+001
      vertex  9.798953e+002 -5.054957e+003 -3.181846e+001
      vertex  1.028084e+003 -5.054957e+003 -2.959222e+001
    endloop
  endfacet
  facet normal  4.750663e-002 -7.744445e-003 -9.988409e-001
    outer loop
      vertex  9.712064e+002 -5.416025e+003 -2.949788e+001
      vertex  1.028084e+003 -5.054957e+003 -2.959222e+001
      vertex  1.017202e+003 -5.416025e+003 -2.731027e+001
    endloop
  endfacet
  facet normal  4.835135e-002 -7.769645e-003 -9.988002e-001
    outer loop
      vertex  1.017202e+003 -5.416025e+003 -2.731027e+001
      vertex  1.028084e+003 -5.054957e+003 -2.959222e+001
      vertex  1.076266e+003 -5.054957e+003 -2.725974e+001
    endloop
  endfacet
  facet normal  4.970960e-002 -7.991840e-003 -9.987318e-001
    outer loop
      vertex  1.017202e+003 -5.416025e+003 -2.731027e+001
      vertex  1.076266e+003 -5.054957e+003 -2.725974e+001
      vertex  1.063191e+003 -5.416025e+003 -2.502125e+001
    endloop
  endfacet
  facet normal  5.094943e-002 -8.036347e-003 -9.986688e-001
    outer loop
      vertex  1.063191e+003 -5.416025e+003 -2.502125e+001
      vertex  1.076266e+003 -5.054957e+003 -2.725974e+001
      vertex  1.124455e+003 -5.054957e+003 -2.480126e+001
    endloop
  endfacet
  facet normal  5.230751e-002 -8.266822e-003 -9.985968e-001
    outer loop
      vertex  1.063191e+003 -5.416025e+003 -2.502125e+001
      vertex  1.124455e+003 -5.054957e+003 -2.480126e+001
      vertex  1.109187e+003 -5.416025e+003 -2.261195e+001
    endloop
  endfacet
  facet normal  5.135784e-002 -8.226965e-003 -9.986464e-001
    outer loop
      vertex  1.109187e+003 -5.416025e+003 -2.261195e+001
      vertex  1.124455e+003 -5.054957e+003 -2.480126e+001
      vertex  1.196738e+003 -5.054957e+003 -2.108395e+001
    endloop
  endfacet
  facet normal  5.271583e-002 -8.556556e-003 -9.985729e-001
    outer loop
      vertex  1.109187e+003 -5.416025e+003 -2.261195e+001
      vertex  1.196738e+003 -5.054957e+003 -2.108395e+001
      vertex  1.178179e+003 -5.416025e+003 -1.896976e+001
    endloop
  endfacet
  facet normal  5.193523e-002 -8.516676e-003 -9.986142e-001
    outer loop
      vertex  1.178179e+003 -5.416025e+003 -1.896976e+001
      vertex  1.196738e+003 -5.054957e+003 -2.108395e+001
      vertex  1.244928e+003 -5.054957e+003 -1.857771e+001
    endloop
  endfacet
  facet normal  5.329324e-002 -8.767804e-003 -9.985405e-001
    outer loop
      vertex  1.178179e+003 -5.416025e+003 -1.896976e+001
      vertex  1.244928e+003 -5.054957e+003 -1.857771e+001
      vertex  1.224176e+003 -5.416025e+003 -1.651488e+001
    endloop
  endfacet
  facet normal  1.998832e-002 -6.458934e-003 -9.997794e-001
    outer loop
      vertex  6.908248e+002 -5.054957e+003 -4.299166e+001
      vertex  6.723123e+002 -5.416025e+003 -4.102914e+001
      vertex  6.667533e+002 -5.054957e+003 -4.347292e+001
    endloop
  endfacet
  facet normal  1.812709e-002 -6.487829e-003 -9.998146e-001
    outer loop
      vertex  6.667533e+002 -5.054957e+003 -4.347292e+001
      vertex  6.723123e+002 -5.416025e+003 -4.102914e+001
      vertex  6.493319e+002 -5.416025e+003 -4.144579e+001
    endloop
  endfacet
  facet normal  1.676725e-002 -6.422353e-003 -9.998388e-001
    outer loop
      vertex  6.667533e+002 -5.054957e+003 -4.347292e+001
      vertex  6.493319e+002 -5.416025e+003 -4.144579e+001
      vertex  6.426781e+002 -5.054957e+003 -4.387666e+001
    endloop
  endfacet
  facet normal  1.522254e-002 -6.450984e-003 -9.998633e-001
    outer loop
      vertex  6.426781e+002 -5.054957e+003 -4.387666e+001
      vertex  6.493319e+002 -5.416025e+003 -4.144579e+001
      vertex  6.263442e+002 -5.416025e+003 -4.179577e+001
    endloop
  endfacet
  facet normal  1.386261e-002 -6.389580e-003 -9.998835e-001
    outer loop
      vertex  6.426781e+002 -5.054957e+003 -4.387666e+001
      vertex  6.263442e+002 -5.416025e+003 -4.179577e+001
      vertex  6.185953e+002 -5.054957e+003 -4.421054e+001
    endloop
  endfacet
  facet normal  1.212109e-002 -6.427106e-003 -9.999059e-001
    outer loop
      vertex  6.185953e+002 -5.054957e+003 -4.421054e+001
      vertex  6.263442e+002 -5.416025e+003 -4.179577e+001
      vertex  6.033494e+002 -5.416025e+003 -4.207452e+001
    endloop
  endfacet
  facet normal  1.076124e-002 -6.369781e-003 -9.999219e-001
    outer loop
      vertex  6.185953e+002 -5.054957e+003 -4.421054e+001
      vertex  6.033494e+002 -5.416025e+003 -4.207452e+001
      vertex  5.945054e+002 -5.054957e+003 -4.446980e+001
    endloop
  endfacet
  facet normal  7.904523e-003 -6.439927e-003 -9.999480e-001
    outer loop
      vertex  5.945054e+002 -5.054957e+003 -4.446980e+001
      vertex  6.033494e+002 -5.416025e+003 -4.207452e+001
      vertex  5.803626e+002 -5.416025e+003 -4.225623e+001
    endloop
  endfacet
  facet normal  6.544633e-003 -6.386724e-003 -9.999582e-001
    outer loop
      vertex  5.945054e+002 -5.054957e+003 -4.446980e+001
      vertex  5.803626e+002 -5.416025e+003 -4.225623e+001
      vertex  5.704238e+002 -5.054957e+003 -4.462741e+001
    endloop
  endfacet
  facet normal  3.444351e-003 -6.472162e-003 -9.999732e-001
    outer loop
      vertex  5.704238e+002 -5.054957e+003 -4.462741e+001
      vertex  5.803626e+002 -5.416025e+003 -4.225623e+001
      vertex  5.688735e+002 -5.416025e+003 -4.229580e+001
    endloop
  endfacet
  facet normal  2.084426e-003 -6.466346e-003 -9.999769e-001
    outer loop
      vertex  5.704238e+002 -5.054957e+003 -4.462741e+001
      vertex  5.688735e+002 -5.416025e+003 -4.229580e+001
      vertex  5.583875e+002 -5.054957e+003 -4.465250e+001
    endloop
  endfacet
  facet normal -4.048607e-004 -6.538650e-003 -9.999785e-001
    outer loop
      vertex  5.583875e+002 -5.054957e+003 -4.465250e+001
      vertex  5.688735e+002 -5.416025e+003 -4.229580e+001
      vertex  5.573880e+002 -5.416025e+003 -4.229115e+001
    endloop
  endfacet
  facet normal -1.765229e-003 -6.534874e-003 -9.999771e-001
    outer loop
      vertex  5.583875e+002 -5.054957e+003 -4.465250e+001
      vertex  5.573880e+002 -5.416025e+003 -4.229115e+001
      vertex  5.463552e+002 -5.054957e+003 -4.463126e+001
    endloop
  endfacet
  facet normal -4.932861e-003 -6.631591e-003 -9.999658e-001
    outer loop
      vertex  5.463552e+002 -5.054957e+003 -4.463126e+001
      vertex  5.573880e+002 -5.416025e+003 -4.229115e+001
      vertex  5.459069e+002 -5.416025e+003 -4.223451e+001
    endloop
  endfacet
  facet normal -6.292490e-003 -6.629853e-003 -9.999583e-001
    outer loop
      vertex  5.463552e+002 -5.054957e+003 -4.463126e+001
      vertex  5.459069e+002 -5.416025e+003 -4.223451e+001
      vertex  5.343275e+002 -5.054957e+003 -4.455558e+001
    endloop
  endfacet
  facet normal -1.010165e-002 -6.751805e-003 -9.999261e-001
    outer loop
      vertex  5.343275e+002 -5.054957e+003 -4.455558e+001
      vertex  5.459069e+002 -5.416025e+003 -4.223451e+001
      vertex  5.344240e+002 -5.416025e+003 -4.211851e+001
    endloop
  endfacet
  facet normal -1.146159e-002 -6.752069e-003 -9.999115e-001
    outer loop
      vertex  5.343275e+002 -5.054957e+003 -4.455558e+001
      vertex  5.344240e+002 -5.416025e+003 -4.211851e+001
      vertex  5.222980e+002 -5.054957e+003 -4.441769e+001
    endloop
  endfacet
  facet normal -1.587065e-002 -6.899751e-003 -9.998502e-001
    outer loop
      vertex  5.222980e+002 -5.054957e+003 -4.441769e+001
      vertex  5.344240e+002 -5.416025e+003 -4.211851e+001
      vertex  5.229352e+002 -5.416025e+003 -4.193615e+001
    endloop
  endfacet
  facet normal -1.723041e-002 -6.901996e-003 -9.998277e-001
    outer loop
      vertex  5.222980e+002 -5.054957e+003 -4.441769e+001
      vertex  5.229352e+002 -5.416025e+003 -4.193615e+001
      vertex  5.102625e+002 -5.054957e+003 -4.421027e+001
    endloop
  endfacet
  facet normal -2.221203e-002 -7.076214e-003 -9.997282e-001
    outer loop
      vertex  5.102625e+002 -5.054957e+003 -4.421027e+001
      vertex  5.229352e+002 -5.416025e+003 -4.193615e+001
      vertex  5.114393e+002 -5.416025e+003 -4.168073e+001
    endloop
  endfacet
  facet normal -2.357175e-002 -7.080427e-003 -9.996971e-001
    outer loop
      vertex  5.102625e+002 -5.054957e+003 -4.421027e+001
      vertex  5.114393e+002 -5.416025e+003 -4.168073e+001
      vertex  4.982195e+002 -5.054957e+003 -4.392632e+001
    endloop
  endfacet
  facet normal -2.912587e-002 -7.282860e-003 -9.995492e-001
    outer loop
      vertex  4.982195e+002 -5.054957e+003 -4.392632e+001
      vertex  5.114393e+002 -5.416025e+003 -4.168073e+001
      vertex  4.999364e+002 -5.416025e+003 -4.134555e+001
    endloop
  endfacet
  facet normal -3.048537e-002 -7.289034e-003 -9.995087e-001
    outer loop
      vertex  4.982195e+002 -5.054957e+003 -4.392632e+001
      vertex  4.999364e+002 -5.416025e+003 -4.134555e+001
      vertex  4.861695e+002 -5.054957e+003 -4.355878e+001
    endloop
  endfacet
  facet normal -3.666379e-002 -7.523323e-003 -9.992993e-001
    outer loop
      vertex  4.861695e+002 -5.054957e+003 -4.355878e+001
      vertex  4.999364e+002 -5.416025e+003 -4.134555e+001
      vertex  4.884406e+002 -5.416025e+003 -4.092377e+001
    endloop
  endfacet
  facet normal -3.802239e-002 -7.531499e-003 -9.992486e-001
    outer loop
      vertex  4.861695e+002 -5.054957e+003 -4.355878e+001
      vertex  4.884406e+002 -5.416025e+003 -4.092377e+001
      vertex  4.741269e+002 -5.054957e+003 -4.310055e+001
    endloop
  endfacet
  facet normal -4.497918e-002 -7.805529e-003 -9.989574e-001
    outer loop
      vertex  4.741269e+002 -5.054957e+003 -4.310055e+001
      vertex  4.884406e+002 -5.416025e+003 -4.092377e+001
      vertex  4.769632e+002 -5.416025e+003 -4.040699e+001
    endloop
  endfacet
  facet normal -4.633804e-002 -7.815739e-003 -9.988952e-001
    outer loop
      vertex  4.741269e+002 -5.054957e+003 -4.310055e+001
      vertex  4.769632e+002 -5.416025e+003 -4.040699e+001
      vertex  4.621038e+002 -5.054957e+003 -4.254281e+001
    endloop
  endfacet
  facet normal -5.433183e-002 -8.142318e-003 -9.984897e-001
    outer loop
      vertex  4.621038e+002 -5.054957e+003 -4.254281e+001
      vertex  4.769632e+002 -5.416025e+003 -4.040699e+001
      vertex  4.655102e+002 -5.416025e+003 -3.978378e+001
    endloop
  endfacet
  facet normal -5.568995e-002 -8.154557e-003 -9.984148e-001
    outer loop
      vertex  4.621038e+002 -5.054957e+003 -4.254281e+001
      vertex  4.655102e+002 -5.416025e+003 -3.978378e+001
      vertex  4.501063e+002 -5.054957e+003 -4.187361e+001
    endloop
  endfacet
  facet normal -6.506435e-002 -8.551186e-003 -9.978443e-001
    outer loop
      vertex  4.501063e+002 -5.054957e+003 -4.187361e+001
      vertex  4.655102e+002 -5.416025e+003 -3.978378e+001
      vertex  4.540508e+002 -5.416025e+003 -3.903658e+001
    endloop
  endfacet
  facet normal -6.642094e-002 -8.565303e-003 -9.977549e-001
    outer loop
      vertex  4.501063e+002 -5.054957e+003 -4.187361e+001
      vertex  4.540508e+002 -5.416025e+003 -3.903658e+001
      vertex  4.381024e+002 -5.054957e+003 -4.107450e+001
    endloop
  endfacet
  facet normal -7.743102e-002 -9.047114e-003 -9.969566e-001
    outer loop
      vertex  4.381024e+002 -5.054957e+003 -4.107450e+001
      vertex  4.540508e+002 -5.416025e+003 -3.903658e+001
      vertex  4.425898e+002 -5.416025e+003 -3.814643e+001
    endloop
  endfacet
  facet normal -7.878695e-002 -9.063102e-003 -9.968502e-001
    outer loop
      vertex  4.381024e+002 -5.054957e+003 -4.107450e+001
      vertex  4.425898e+002 -5.416025e+003 -3.814643e+001
      vertex  4.260970e+002 -5.054957e+003 -4.012564e+001
    endloop
  endfacet
  facet normal -1.047529e-001 -1.024847e-002 -9.944455e-001
    outer loop
      vertex  4.371956e+002 -5.777094e+003 -3.402730e+001
      vertex  4.253607e+002 -5.416025e+003 -3.650171e+001
      vertex  4.481469e+002 -5.777094e+003 -3.518089e+001
    endloop
  endfacet
  facet normal -1.024264e-001 -1.010254e-002 -9.946893e-001
    outer loop
      vertex  4.481469e+002 -5.777094e+003 -3.518089e+001
      vertex  4.253607e+002 -5.416025e+003 -3.650171e+001
      vertex  4.311089e+002 -5.416025e+003 -3.709361e+001
    endloop
  endfacet
  facet normal -1.024264e-001 -1.007787e-002 -9.946895e-001
    outer loop
      vertex  4.253607e+002 -5.416025e+003 -3.650171e+001
      vertex  4.079217e+002 -5.054957e+003 -3.836418e+001
      vertex  4.311089e+002 -5.416025e+003 -3.709361e+001
    endloop
  endfacet
  facet normal -1.040206e-001 -1.017966e-002 -9.945230e-001
    outer loop
      vertex  4.311089e+002 -5.416025e+003 -3.709361e+001
      vertex  4.079217e+002 -5.054957e+003 -3.836418e+001
      vertex  4.138147e+002 -5.054957e+003 -3.898054e+001
    endloop
  endfacet
  facet normal -2.099901e-001 -1.536047e-002 -9.775829e-001
    outer loop
      vertex  3.600282e+002 -5.054957e+003 -3.120642e+001
      vertex  3.630300e+002 -5.054957e+003 -3.185123e+001
      vertex  3.795124e+002 -5.416025e+003 -2.971837e+001
    endloop
  endfacet
  facet normal -1.966954e-001 -1.476994e-002 -9.803533e-001
    outer loop
      vertex  3.795124e+002 -5.416025e+003 -2.971837e+001
      vertex  3.630300e+002 -5.054957e+003 -3.185123e+001
      vertex  3.660272e+002 -5.054957e+003 -3.245258e+001
    endloop
  endfacet
  facet normal -2.020302e-001 -1.496095e-002 -9.792650e-001
    outer loop
      vertex  3.795124e+002 -5.416025e+003 -2.971837e+001
      vertex  3.660272e+002 -5.054957e+003 -3.245258e+001
      vertex  3.852404e+002 -5.416025e+003 -3.090011e+001
    endloop
  endfacet
  facet normal -1.788974e-001 -1.374938e-002 -9.837716e-001
    outer loop
      vertex  3.852404e+002 -5.416025e+003 -3.090011e+001
      vertex  3.660272e+002 -5.054957e+003 -3.245258e+001
      vertex  3.720141e+002 -5.054957e+003 -3.354128e+001
    endloop
  endfacet
  facet normal -1.775590e-001 -1.370213e-002 -9.840147e-001
    outer loop
      vertex  3.852404e+002 -5.416025e+003 -3.090011e+001
      vertex  3.720141e+002 -5.054957e+003 -3.354128e+001
      vertex  3.909565e+002 -5.416025e+003 -3.193155e+001
    endloop
  endfacet
  facet normal -1.596393e-001 -1.277574e-002 -9.870927e-001
    outer loop
      vertex  3.909565e+002 -5.416025e+003 -3.193155e+001
      vertex  3.720141e+002 -5.054957e+003 -3.354128e+001
      vertex  3.780077e+002 -5.054957e+003 -3.451062e+001
    endloop
  endfacet
  facet normal -1.582970e-001 -1.272915e-002 -9.873095e-001
    outer loop
      vertex  3.909565e+002 -5.416025e+003 -3.193155e+001
      vertex  3.780077e+002 -5.054957e+003 -3.451062e+001
      vertex  3.966790e+002 -5.416025e+003 -3.284904e+001
    endloop
  endfacet
  facet normal -1.456864e-001 -1.208601e-002 -9.892570e-001
    outer loop
      vertex  3.966790e+002 -5.416025e+003 -3.284904e+001
      vertex  3.780077e+002 -5.054957e+003 -3.451062e+001
      vertex  3.839710e+002 -5.054957e+003 -3.538882e+001
    endloop
  endfacet
  facet normal -1.443409e-001 -1.204004e-002 -9.894547e-001
    outer loop
      vertex  3.966790e+002 -5.416025e+003 -3.284904e+001
      vertex  3.839710e+002 -5.054957e+003 -3.538882e+001
      vertex  4.023724e+002 -5.416025e+003 -3.367959e+001
    endloop
  endfacet
  facet normal -1.353752e-001 -1.158914e-002 -9.907266e-001
    outer loop
      vertex  4.023724e+002 -5.416025e+003 -3.367959e+001
      vertex  3.839710e+002 -5.054957e+003 -3.538882e+001
      vertex  3.899658e+002 -5.054957e+003 -3.620797e+001
    endloop
  endfacet
  facet normal -1.340288e-001 -1.154416e-002 -9.909101e-001
    outer loop
      vertex  4.023724e+002 -5.416025e+003 -3.367959e+001
      vertex  3.899658e+002 -5.054957e+003 -3.620797e+001
      vertex  4.080958e+002 -5.416025e+003 -3.445373e+001
    endloop
  endfacet
  facet normal -1.269010e-001 -1.119084e-002 -9.918522e-001
    outer loop
      vertex  4.080958e+002 -5.416025e+003 -3.445373e+001
      vertex  3.899658e+002 -5.054957e+003 -3.620797e+001
      vertex  3.959882e+002 -5.054957e+003 -3.697849e+001
    endloop
  endfacet
  facet normal -1.255511e-001 -1.114677e-002 -9.920245e-001
    outer loop
      vertex  4.080958e+002 -5.416025e+003 -3.445373e+001
      vertex  3.959882e+002 -5.054957e+003 -3.697849e+001
      vertex  4.138455e+002 -5.416025e+003 -3.518141e+001
    endloop
  endfacet
  facet normal -1.190900e-001 -1.083121e-002 -9.928244e-001
    outer loop
      vertex  4.138455e+002 -5.416025e+003 -3.518141e+001
      vertex  3.959882e+002 -5.054957e+003 -3.697849e+001
      vertex  4.020283e+002 -5.054957e+003 -3.770300e+001
    endloop
  endfacet
  facet normal -1.177396e-001 -1.078814e-002 -9.929858e-001
    outer loop
      vertex  4.138455e+002 -5.416025e+003 -3.518141e+001
      vertex  4.020283e+002 -5.054957e+003 -3.770300e+001
      vertex  4.196120e+002 -5.416025e+003 -3.586515e+001
    endloop
  endfacet
  facet normal -1.114828e-001 -1.048714e-002 -9.937110e-001
    outer loop
      vertex  4.196120e+002 -5.416025e+003 -3.586515e+001
      vertex  4.020283e+002 -5.054957e+003 -3.770300e+001
      vertex  4.079217e+002 -5.054957e+003 -3.836418e+001
    endloop
  endfacet
  facet normal -1.100500e-001 -1.044185e-002 -9.938712e-001
    outer loop
      vertex  4.196120e+002 -5.416025e+003 -3.586515e+001
      vertex  4.079217e+002 -5.054957e+003 -3.836418e+001
      vertex  4.253607e+002 -5.416025e+003 -3.650171e+001
    endloop
  endfacet
  facet normal -2.778313e-001 -1.895597e-002 -9.604427e-001
    outer loop
      vertex  3.448758e+002 -5.054957e+003 -2.726442e+001
      vertex  3.480196e+002 -5.054957e+003 -2.817384e+001
      vertex  3.678833e+002 -5.416025e+003 -2.679358e+001
    endloop
  endfacet
  facet normal -2.650844e-001 -1.826852e-002 -9.640521e-001
    outer loop
      vertex  3.678833e+002 -5.416025e+003 -2.679358e+001
      vertex  3.480196e+002 -5.054957e+003 -2.817384e+001
      vertex  3.510118e+002 -5.054957e+003 -2.899661e+001
    endloop
  endfacet
  facet normal -2.643163e-001 -1.823391e-002 -9.642637e-001
    outer loop
      vertex  3.678833e+002 -5.416025e+003 -2.679358e+001
      vertex  3.510118e+002 -5.054957e+003 -2.899661e+001
      vertex  3.708214e+002 -5.416025e+003 -2.759896e+001
    endloop
  endfacet
  facet normal -2.519224e-001 -1.756681e-002 -9.675879e-001
    outer loop
      vertex  3.708214e+002 -5.416025e+003 -2.759896e+001
      vertex  3.510118e+002 -5.054957e+003 -2.899661e+001
      vertex  3.540128e+002 -5.054957e+003 -2.977794e+001
    endloop
  endfacet
  facet normal -2.507969e-001 -1.751618e-002 -9.678813e-001
    outer loop
      vertex  3.708214e+002 -5.416025e+003 -2.759896e+001
      vertex  3.540128e+002 -5.054957e+003 -2.977794e+001
      vertex  3.737686e+002 -5.416025e+003 -2.836263e+001
    endloop
  endfacet
  facet normal -4.671531e-001 -2.953726e-002 -8.836829e-001
    outer loop
      vertex  3.432612e+002 -5.416025e+003 -1.764960e+001
      vertex  3.240545e+002 -5.054957e+003 -1.956487e+001
      vertex  3.451586e+002 -5.416025e+003 -1.865265e+001
    endloop
  endfacet
  facet normal -4.393777e-001 -2.794965e-002 -8.978675e-001
    outer loop
      vertex  3.451586e+002 -5.416025e+003 -1.865265e+001
      vertex  3.240545e+002 -5.054957e+003 -1.956487e+001
      vertex  3.255484e+002 -5.054957e+003 -2.029592e+001
    endloop
  endfacet
  facet normal -4.381500e-001 -2.788571e-002 -8.984692e-001
    outer loop
      vertex  3.451586e+002 -5.416025e+003 -1.865265e+001
      vertex  3.255484e+002 -5.054957e+003 -2.029592e+001
      vertex  3.465856e+002 -5.416025e+003 -1.934853e+001
    endloop
  endfacet
  facet normal -4.168884e-001 -2.667342e-002 -9.085663e-001
    outer loop
      vertex  3.465856e+002 -5.416025e+003 -1.934853e+001
      vertex  3.255484e+002 -5.054957e+003 -2.029592e+001
      vertex  3.270468e+002 -5.054957e+003 -2.098344e+001
    endloop
  endfacet
  facet normal -4.156579e-001 -2.660940e-002 -9.091318e-001
    outer loop
      vertex  3.465856e+002 -5.416025e+003 -1.934853e+001
      vertex  3.270468e+002 -5.054957e+003 -2.098344e+001
      vertex  3.480168e+002 -5.416025e+003 -2.000286e+001
    endloop
  endfacet
  facet normal -3.878062e-001 -2.502516e-002 -9.214011e-001
    outer loop
      vertex  3.480168e+002 -5.416025e+003 -2.000286e+001
      vertex  3.270468e+002 -5.054957e+003 -2.098344e+001
      vertex  3.300643e+002 -5.054957e+003 -2.225348e+001
    endloop
  endfacet
  facet normal -3.865525e-001 -2.496612e-002 -9.219294e-001
    outer loop
      vertex  3.480168e+002 -5.416025e+003 -2.000286e+001
      vertex  3.300643e+002 -5.054957e+003 -2.225348e+001
      vertex  3.508988e+002 -5.416025e+003 -2.121126e+001
    endloop
  endfacet
  facet normal -3.577169e-001 -2.333575e-002 -9.335385e-001
    outer loop
      vertex  3.508988e+002 -5.416025e+003 -2.121126e+001
      vertex  3.300643e+002 -5.054957e+003 -2.225348e+001
      vertex  3.328410e+002 -5.054957e+003 -2.331747e+001
    endloop
  endfacet
  facet normal -3.567448e-001 -2.328931e-002 -9.339115e-001
    outer loop
      vertex  3.508988e+002 -5.416025e+003 -2.121126e+001
      vertex  3.328410e+002 -5.054957e+003 -2.331747e+001
      vertex  3.534843e+002 -5.416025e+003 -2.219888e+001
    endloop
  endfacet
  facet normal -3.358059e-001 -2.211622e-002 -9.416716e-001
    outer loop
      vertex  3.534843e+002 -5.416025e+003 -2.219888e+001
      vertex  3.328410e+002 -5.054957e+003 -2.331747e+001
      vertex  3.356599e+002 -5.054957e+003 -2.432269e+001
    endloop
  endfacet
  facet normal -3.352377e-001 -2.208936e-002 -9.418746e-001
    outer loop
      vertex  3.534843e+002 -5.416025e+003 -2.219888e+001
      vertex  3.356599e+002 -5.054957e+003 -2.432269e+001
      vertex  3.561078e+002 -5.416025e+003 -2.313266e+001
    endloop
  endfacet
  facet normal -3.182521e-001 -2.114687e-002 -9.477702e-001
    outer loop
      vertex  3.561078e+002 -5.416025e+003 -2.313266e+001
      vertex  3.356599e+002 -5.054957e+003 -2.432269e+001
      vertex  3.386876e+002 -5.054957e+003 -2.533937e+001
    endloop
  endfacet
  facet normal -3.175403e-001 -2.111399e-002 -9.480097e-001
    outer loop
      vertex  3.561078e+002 -5.416025e+003 -2.313266e+001
      vertex  3.386876e+002 -5.054957e+003 -2.533937e+001
      vertex  3.590656e+002 -5.416025e+003 -2.412338e+001
    endloop
  endfacet
  facet normal -3.035240e-001 -2.033842e-002 -9.526067e-001
    outer loop
      vertex  3.590656e+002 -5.416025e+003 -2.412338e+001
      vertex  3.386876e+002 -5.054957e+003 -2.533937e+001
      vertex  3.417619e+002 -5.054957e+003 -2.631893e+001
    endloop
  endfacet
  facet normal -3.023913e-001 -2.028633e-002 -9.529680e-001
    outer loop
      vertex  3.590656e+002 -5.416025e+003 -2.412338e+001
      vertex  3.417619e+002 -5.054957e+003 -2.631893e+001
      vertex  3.620700e+002 -5.416025e+003 -2.507674e+001
    endloop
  endfacet
  facet normal -2.904833e-001 -1.962934e-002 -9.566787e-001
    outer loop
      vertex  3.620700e+002 -5.416025e+003 -2.507674e+001
      vertex  3.417619e+002 -5.054957e+003 -2.631893e+001
      vertex  3.448758e+002 -5.054957e+003 -2.726442e+001
    endloop
  endfacet
  facet normal -2.831862e-001 -1.929513e-002 -9.588708e-001
    outer loop
      vertex  3.620700e+002 -5.416025e+003 -2.507674e+001
      vertex  3.448758e+002 -5.054957e+003 -2.726442e+001
      vertex  3.678833e+002 -5.416025e+003 -2.679358e+001
    endloop
  endfacet
  facet normal -4.683504e-001 -2.959758e-002 -8.830469e-001
    outer loop
      vertex  3.240545e+002 -5.054957e+003 -1.956487e+001
      vertex  3.432612e+002 -5.416025e+003 -1.764960e+001
      vertex  3.220682e+002 -5.054957e+003 -1.851136e+001
    endloop
  endfacet
  facet normal -5.033041e-001 -3.160262e-002 -8.635313e-001
    outer loop
      vertex  3.220682e+002 -5.054957e+003 -1.851136e+001
      vertex  3.432612e+002 -5.416025e+003 -1.764960e+001
      vertex  3.413719e+002 -5.416025e+003 -1.654841e+001
    endloop
  endfacet
  facet normal -5.044793e-001 -3.166171e-002 -8.628430e-001
    outer loop
      vertex  3.220682e+002 -5.054957e+003 -1.851136e+001
      vertex  3.413719e+002 -5.416025e+003 -1.654841e+001
      vertex  3.200905e+002 -5.054957e+003 -1.735504e+001
    endloop
  endfacet
  facet normal -5.424234e-001 -3.384582e-002 -8.394232e-001
    outer loop
      vertex  3.200905e+002 -5.054957e+003 -1.735504e+001
      vertex  3.413719e+002 -5.416025e+003 -1.654841e+001
      vertex  3.394991e+002 -5.416025e+003 -1.533821e+001
    endloop
  endfacet
  facet normal -5.435606e-001 -3.390283e-002 -8.386851e-001
    outer loop
      vertex  3.200905e+002 -5.054957e+003 -1.735504e+001
      vertex  3.394991e+002 -5.416025e+003 -1.533821e+001
      vertex  3.181302e+002 -5.054957e+003 -1.608455e+001
    endloop
  endfacet
  facet normal -5.869411e-001 -3.640844e-002 -8.088106e-001
    outer loop
      vertex  3.181302e+002 -5.054957e+003 -1.608455e+001
      vertex  3.394991e+002 -5.416025e+003 -1.533821e+001
      vertex  3.374555e+002 -5.416025e+003 -1.385522e+001
    endloop
  endfacet
  facet normal -5.880401e-001 -3.646231e-002 -8.080094e-001
    outer loop
      vertex  3.181302e+002 -5.054957e+003 -1.608455e+001
      vertex  3.374555e+002 -5.416025e+003 -1.385522e+001
      vertex  3.159914e+002 -5.054957e+003 -1.452804e+001
    endloop
  endfacet
  facet normal -6.243200e-001 -3.856722e-002 -7.802160e-001
    outer loop
      vertex  3.159914e+002 -5.054957e+003 -1.452804e+001
      vertex  3.374555e+002 -5.416025e+003 -1.385522e+001
      vertex  3.364602e+002 -5.416025e+003 -1.305884e+001
    endloop
  endfacet
  facet normal -6.253856e-001 -3.862414e-002 -7.793593e-001
    outer loop
      vertex  3.159914e+002 -5.054957e+003 -1.452804e+001
      vertex  3.364602e+002 -5.416025e+003 -1.305884e+001
      vertex  3.149499e+002 -5.054957e+003 -1.369232e+001
    endloop
  endfacet
  facet normal -6.508087e-001 -4.010154e-002 -7.581820e-001
    outer loop
      vertex  3.149499e+002 -5.054957e+003 -1.369232e+001
      vertex  3.364602e+002 -5.416025e+003 -1.305884e+001
      vertex  3.354902e+002 -5.416025e+003 -1.222621e+001
    endloop
  endfacet
  facet normal -6.518326e-001 -4.015621e-002 -7.572989e-001
    outer loop
      vertex  3.149499e+002 -5.054957e+003 -1.369232e+001
      vertex  3.354902e+002 -5.416025e+003 -1.222621e+001
      vertex  3.139349e+002 -5.054957e+003 -1.281867e+001
    endloop
  endfacet
  facet normal -6.832467e-001 -4.198512e-002 -7.289796e-001
    outer loop
      vertex  3.139349e+002 -5.054957e+003 -1.281867e+001
      vertex  3.354902e+002 -5.416025e+003 -1.222621e+001
      vertex  3.342471e+002 -5.416025e+003 -1.106103e+001
    endloop
  endfacet
  facet normal -6.842375e-001 -4.203631e-002 -7.280467e-001
    outer loop
      vertex  3.139349e+002 -5.054957e+003 -1.281867e+001
      vertex  3.342471e+002 -5.416025e+003 -1.106103e+001
      vertex  3.126342e+002 -5.054957e+003 -1.159624e+001
    endloop
  endfacet
  facet normal -7.222778e-001 -4.425721e-002 -6.901855e-001
    outer loop
      vertex  3.126342e+002 -5.054957e+003 -1.159624e+001
      vertex  3.342471e+002 -5.416025e+003 -1.106103e+001
      vertex  3.330762e+002 -5.416025e+003 -9.835690e+000
    endloop
  endfacet
  facet normal -7.232112e-001 -4.430528e-002 -6.892043e-001
    outer loop
      vertex  3.126342e+002 -5.054957e+003 -1.159624e+001
      vertex  3.330762e+002 -5.416025e+003 -9.835690e+000
      vertex  3.114093e+002 -5.054957e+003 -1.031089e+001
    endloop
  endfacet
  facet normal -7.633133e-001 -4.665266e-002 -6.443418e-001
    outer loop
      vertex  3.114093e+002 -5.054957e+003 -1.031089e+001
      vertex  3.330762e+002 -5.416025e+003 -9.835690e+000
      vertex  3.319943e+002 -5.416025e+003 -8.554089e+000
    endloop
  endfacet
  facet normal -7.641878e-001 -4.669746e-002 -6.433010e-001
    outer loop
      vertex  3.114093e+002 -5.054957e+003 -1.031089e+001
      vertex  3.319943e+002 -5.416025e+003 -8.554089e+000
      vertex  3.102778e+002 -5.054957e+003 -8.966724e+000
    endloop
  endfacet
  facet normal -7.975859e-001 -4.865812e-002 -6.012397e-001
    outer loop
      vertex  3.102778e+002 -5.054957e+003 -8.966724e+000
      vertex  3.319943e+002 -5.416025e+003 -8.554089e+000
      vertex  3.313778e+002 -5.416025e+003 -7.736278e+000
    endloop
  endfacet
  facet normal -7.980888e-001 -4.868523e-002 -6.005698e-001
    outer loop
      vertex  3.102778e+002 -5.054957e+003 -8.966724e+000
      vertex  3.313778e+002 -5.416025e+003 -7.736278e+000
      vertex  3.096474e+002 -5.054957e+003 -8.129033e+000
    endloop
  endfacet
  facet normal -8.242518e-001 -5.022002e-002 -5.639920e-001
    outer loop
      vertex  3.096474e+002 -5.054957e+003 -8.129033e+000
      vertex  3.313778e+002 -5.416025e+003 -7.736278e+000
      vertex  3.308057e+002 -5.416025e+003 -6.900113e+000
    endloop
  endfacet
  facet normal -8.241026e-001 -5.021203e-002 -5.642104e-001
    outer loop
      vertex  3.096474e+002 -5.054957e+003 -8.129033e+000
      vertex  3.308057e+002 -5.416025e+003 -6.900113e+000
      vertex  3.090613e+002 -5.054957e+003 -7.273017e+000
    endloop
  endfacet
  facet normal -9.054541e-001 -5.499751e-002 -4.208660e-001
    outer loop
      vertex  3.292624e+002 -5.416025e+003 -3.991494e+000
      vertex  3.080475e+002 -5.054957e+003 -5.532866e+000
      vertex  3.298610e+002 -5.416025e+003 -5.279200e+000
    endloop
  endfacet
  facet normal -9.060221e-001 -5.502564e-002 -4.196381e-001
    outer loop
      vertex  3.080475e+002 -5.054957e+003 -5.532866e+000
      vertex  3.292624e+002 -5.416025e+003 -3.991494e+000
      vertex  3.074223e+002 -5.054957e+003 -4.182995e+000
    endloop
  endfacet
  facet normal -9.391161e-001 -5.698457e-002 -3.388416e-001
    outer loop
      vertex  3.074223e+002 -5.054957e+003 -4.182995e+000
      vertex  3.292624e+002 -5.416025e+003 -3.991494e+000
      vertex  3.287888e+002 -5.416025e+003 -2.678882e+000
    endloop
  endfacet
  facet normal -9.395792e-001 -5.700660e-002 -3.375519e-001
    outer loop
      vertex  3.074223e+002 -5.054957e+003 -4.182995e+000
      vertex  3.287888e+002 -5.416025e+003 -2.678882e+000
      vertex  3.069280e+002 -5.054957e+003 -2.807210e+000
    endloop
  endfacet
  facet normal -9.670606e-001 -5.863852e-002 -2.477000e-001
    outer loop
      vertex  3.069280e+002 -5.054957e+003 -2.807210e+000
      vertex  3.287888e+002 -5.416025e+003 -2.678882e+000
      vertex  3.284476e+002 -5.416025e+003 -1.346597e+000
    endloop
  endfacet
  facet normal -9.673969e-001 -5.865322e-002 -2.463800e-001
    outer loop
      vertex  3.069280e+002 -5.054957e+003 -2.807210e+000
      vertex  3.284476e+002 -5.416025e+003 -1.346597e+000
      vertex  3.065724e+002 -5.054957e+003 -1.411003e+000
    endloop
  endfacet
  facet normal  4.365777e-002 -6.968226e-003 -9.990222e-001
    outer loop
      vertex  8.332427e+002 -5.416025e+003 -3.584506e+001
      vertex  8.485709e+002 -5.416025e+003 -3.517521e+001
      vertex  8.311318e+002 -5.777094e+003 -3.341884e+001
    endloop
  endfacet
  facet normal  4.511824e-002 -7.038447e-003 -9.989569e-001
    outer loop
      vertex  8.311318e+002 -5.777094e+003 -3.341884e+001
      vertex  8.485709e+002 -5.416025e+003 -3.517521e+001
      vertex  8.792246e+002 -5.416025e+003 -3.379073e+001
    endloop
  endfacet
  facet normal  4.612590e-002 -7.172614e-003 -9.989098e-001
    outer loop
      vertex  8.311318e+002 -5.777094e+003 -3.341884e+001
      vertex  8.792246e+002 -5.416025e+003 -3.379073e+001
      vertex  8.749214e+002 -5.777094e+003 -3.139680e+001
    endloop
  endfacet
  facet normal  4.640073e-002 -7.175806e-003 -9.988971e-001
    outer loop
      vertex  8.749214e+002 -5.777094e+003 -3.139680e+001
      vertex  8.792246e+002 -5.416025e+003 -3.379073e+001
      vertex  9.252150e+002 -5.416025e+003 -3.165438e+001
    endloop
  endfacet
  facet normal  4.789489e-002 -7.383877e-003 -9.988251e-001
    outer loop
      vertex  8.749214e+002 -5.777094e+003 -3.139680e+001
      vertex  9.252150e+002 -5.416025e+003 -3.165438e+001
      vertex  9.187191e+002 -5.777094e+003 -2.929665e+001
    endloop
  endfacet
  facet normal  4.683648e-002 -7.365165e-003 -9.988755e-001
    outer loop
      vertex  9.187191e+002 -5.777094e+003 -2.929665e+001
      vertex  9.252150e+002 -5.416025e+003 -3.165438e+001
      vertex  9.712064e+002 -5.416025e+003 -2.949788e+001
    endloop
  endfacet
  facet normal  4.833064e-002 -7.582326e-003 -9.988025e-001
    outer loop
      vertex  9.187191e+002 -5.777094e+003 -2.929665e+001
      vertex  9.712064e+002 -5.416025e+003 -2.949788e+001
      vertex  9.625176e+002 -5.777094e+003 -2.717730e+001
    endloop
  endfacet
  facet normal  4.750670e-002 -7.562754e-003 -9.988424e-001
    outer loop
      vertex  9.625176e+002 -5.777094e+003 -2.717730e+001
      vertex  9.712064e+002 -5.416025e+003 -2.949788e+001
      vertex  1.017202e+003 -5.416025e+003 -2.731027e+001
    endloop
  endfacet
  facet normal  4.900082e-002 -7.789013e-003 -9.987684e-001
    outer loop
      vertex  9.625176e+002 -5.777094e+003 -2.717730e+001
      vertex  1.017202e+003 -5.416025e+003 -2.731027e+001
      vertex  1.006320e+003 -5.777094e+003 -2.502831e+001
    endloop
  endfacet
  facet normal  4.970967e-002 -7.810154e-003 -9.987332e-001
    outer loop
      vertex  1.006320e+003 -5.777094e+003 -2.502831e+001
      vertex  1.017202e+003 -5.416025e+003 -2.731027e+001
      vertex  1.063191e+003 -5.416025e+003 -2.502125e+001
    endloop
  endfacet
  facet normal  5.120367e-002 -8.045474e-003 -9.986559e-001
    outer loop
      vertex  1.006320e+003 -5.777094e+003 -2.502831e+001
      vertex  1.063191e+003 -5.416025e+003 -2.502125e+001
      vertex  1.050116e+003 -5.777094e+003 -2.278276e+001
    endloop
  endfacet
  facet normal  5.230758e-002 -8.085091e-003 -9.985983e-001
    outer loop
      vertex  1.050116e+003 -5.777094e+003 -2.278276e+001
      vertex  1.063191e+003 -5.416025e+003 -2.502125e+001
      vertex  1.109187e+003 -5.416025e+003 -2.261195e+001
    endloop
  endfacet
  facet normal  5.380134e-002 -8.329507e-003 -9.985169e-001
    outer loop
      vertex  1.050116e+003 -5.777094e+003 -2.278276e+001
      vertex  1.109187e+003 -5.416025e+003 -2.261195e+001
      vertex  1.093918e+003 -5.777094e+003 -2.042265e+001
    endloop
  endfacet
  facet normal  5.271595e-002 -8.283962e-003 -9.985752e-001
    outer loop
      vertex  1.093918e+003 -5.777094e+003 -2.042265e+001
      vertex  1.109187e+003 -5.416025e+003 -2.261195e+001
      vertex  1.178179e+003 -5.416025e+003 -1.896976e+001
    endloop
  endfacet
  facet normal  5.420959e-002 -8.632862e-003 -9.984922e-001
    outer loop
      vertex  1.093918e+003 -5.777094e+003 -2.042265e+001
      vertex  1.178179e+003 -5.416025e+003 -1.896976e+001
      vertex  1.159620e+003 -5.777094e+003 -1.685558e+001
    endloop
  endfacet
  facet normal  5.329332e-002 -8.586057e-003 -9.985420e-001
    outer loop
      vertex  1.159620e+003 -5.777094e+003 -1.685558e+001
      vertex  1.178179e+003 -5.416025e+003 -1.896976e+001
      vertex  1.224176e+003 -5.416025e+003 -1.651488e+001
    endloop
  endfacet
  facet normal  5.478704e-002 -8.853195e-003 -9.984588e-001
    outer loop
      vertex  1.159620e+003 -5.777094e+003 -1.685558e+001
      vertex  1.224176e+003 -5.416025e+003 -1.651488e+001
      vertex  1.203423e+003 -5.777094e+003 -1.445204e+001
    endloop
  endfacet
  facet normal  4.940222e-003 -6.430946e-003 -9.999672e-001
    outer loop
      vertex  5.793594e+002 -5.777094e+003 -3.993909e+001
      vertex  5.803626e+002 -5.416025e+003 -4.225623e+001
      vertex  5.903015e+002 -5.777094e+003 -3.988504e+001
    endloop
  endfacet
  facet normal  7.904529e-003 -6.349228e-003 -9.999486e-001
    outer loop
      vertex  5.903015e+002 -5.777094e+003 -3.988504e+001
      vertex  5.803626e+002 -5.416025e+003 -4.225623e+001
      vertex  6.033494e+002 -5.416025e+003 -4.207452e+001
    endloop
  endfacet
  facet normal  9.400355e-003 -6.403202e-003 -9.999353e-001
    outer loop
      vertex  5.903015e+002 -5.777094e+003 -3.988504e+001
      vertex  6.033494e+002 -5.416025e+003 -4.207452e+001
      vertex  6.121935e+002 -5.777094e+003 -3.967923e+001
    endloop
  endfacet
  facet normal  1.212109e-002 -6.336369e-003 -9.999065e-001
    outer loop
      vertex  6.121935e+002 -5.777094e+003 -3.967923e+001
      vertex  6.033494e+002 -5.416025e+003 -4.207452e+001
      vertex  6.263442e+002 -5.416025e+003 -4.179577e+001
    endloop
  endfacet
  facet normal  1.361708e-002 -6.394882e-003 -9.998868e-001
    outer loop
      vertex  6.121935e+002 -5.777094e+003 -3.967923e+001
      vertex  6.263442e+002 -5.416025e+003 -4.179577e+001
      vertex  6.340930e+002 -5.777094e+003 -3.938099e+001
    endloop
  endfacet
  facet normal  1.522254e-002 -6.360275e-003 -9.998639e-001
    outer loop
      vertex  6.340930e+002 -5.777094e+003 -3.938099e+001
      vertex  6.263442e+002 -5.416025e+003 -4.179577e+001
      vertex  6.493319e+002 -5.416025e+003 -4.144579e+001
    endloop
  endfacet
  facet normal  1.671828e-002 -6.423263e-003 -9.998395e-001
    outer loop
      vertex  6.340930e+002 -5.777094e+003 -3.938099e+001
      vertex  6.493319e+002 -5.416025e+003 -4.144579e+001
      vertex  6.559857e+002 -5.777094e+003 -3.901492e+001
    endloop
  endfacet
  facet normal  1.812710e-002 -6.397138e-003 -9.998153e-001
    outer loop
      vertex  6.559857e+002 -5.777094e+003 -3.901492e+001
      vertex  6.493319e+002 -5.416025e+003 -4.144579e+001
      vertex  6.723123e+002 -5.416025e+003 -4.102914e+001
    endloop
  endfacet
  facet normal  1.962280e-002 -6.464610e-003 -9.997865e-001
    outer loop
      vertex  6.559857e+002 -5.777094e+003 -3.901492e+001
      vertex  6.723123e+002 -5.416025e+003 -4.102914e+001
      vertex  6.778713e+002 -5.777094e+003 -3.858537e+001
    endloop
  endfacet
  facet normal  2.134801e-002 -6.437810e-003 -9.997513e-001
    outer loop
      vertex  6.778713e+002 -5.777094e+003 -3.858537e+001
      vertex  6.723123e+002 -5.416025e+003 -4.102914e+001
      vertex  6.952891e+002 -5.416025e+003 -4.053851e+001
    endloop
  endfacet
  facet normal  2.284347e-002 -6.509769e-003 -9.997178e-001
    outer loop
      vertex  6.778713e+002 -5.777094e+003 -3.858537e+001
      vertex  6.952891e+002 -5.416025e+003 -4.053851e+001
      vertex  6.997534e+002 -5.777094e+003 -3.808537e+001
    endloop
  endfacet
  facet normal  2.498948e-002 -6.482889e-003 -9.996668e-001
    outer loop
      vertex  6.997534e+002 -5.777094e+003 -3.808537e+001
      vertex  6.952891e+002 -5.416025e+003 -4.053851e+001
      vertex  7.182785e+002 -5.416025e+003 -3.996383e+001
    endloop
  endfacet
  facet normal  2.648508e-002 -6.559419e-003 -9.996276e-001
    outer loop
      vertex  6.997534e+002 -5.777094e+003 -3.808537e+001
      vertex  7.182785e+002 -5.416025e+003 -3.996383e+001
      vertex  7.216473e+002 -5.777094e+003 -3.750529e+001
    endloop
  endfacet
  facet normal  2.884657e-002 -6.536942e-003 -9.995624e-001
    outer loop
      vertex  7.216473e+002 -5.777094e+003 -3.750529e+001
      vertex  7.182785e+002 -5.416025e+003 -3.996383e+001
      vertex  7.412691e+002 -5.416025e+003 -3.930034e+001
    endloop
  endfacet
  facet normal  3.034193e-002 -6.617982e-003 -9.995177e-001
    outer loop
      vertex  7.216473e+002 -5.777094e+003 -3.750529e+001
      vertex  7.412691e+002 -5.416025e+003 -3.930034e+001
      vertex  7.435424e+002 -5.777094e+003 -3.684063e+001
    endloop
  endfacet
  facet normal  3.265929e-002 -6.602895e-003 -9.994447e-001
    outer loop
      vertex  7.435424e+002 -5.777094e+003 -3.684063e+001
      vertex  7.412691e+002 -5.416025e+003 -3.930034e+001
      vertex  7.642598e+002 -5.416025e+003 -3.854906e+001
    endloop
  endfacet
  facet normal  3.415431e-002 -6.688438e-003 -9.993942e-001
    outer loop
      vertex  7.435424e+002 -5.777094e+003 -3.684063e+001
      vertex  7.642598e+002 -5.416025e+003 -3.854906e+001
      vertex  7.654373e+002 -5.777094e+003 -3.609237e+001
    endloop
  endfacet
  facet normal  3.621395e-002 -6.681228e-003 -9.993217e-001
    outer loop
      vertex  7.654373e+002 -5.777094e+003 -3.609237e+001
      vertex  7.642598e+002 -5.416025e+003 -3.854906e+001
      vertex  7.872484e+002 -5.416025e+003 -3.771599e+001
    endloop
  endfacet
  facet normal  3.770878e-002 -6.771274e-003 -9.992658e-001
    outer loop
      vertex  7.654373e+002 -5.777094e+003 -3.609237e+001
      vertex  7.872484e+002 -5.416025e+003 -3.771599e+001
      vertex  7.873302e+002 -5.777094e+003 -3.526621e+001
    endloop
  endfacet
  facet normal  3.934593e-002 -6.770475e-003 -9.992027e-001
    outer loop
      vertex  7.873302e+002 -5.777094e+003 -3.526621e+001
      vertex  7.872484e+002 -5.416025e+003 -3.771599e+001
      vertex  8.102476e+002 -5.416025e+003 -3.681034e+001
    endloop
  endfacet
  facet normal  4.084095e-002 -6.865107e-003 -9.991421e-001
    outer loop
      vertex  7.873302e+002 -5.777094e+003 -3.526621e+001
      vertex  8.102476e+002 -5.416025e+003 -3.681034e+001
      vertex  8.092330e+002 -5.777094e+003 -3.437091e+001
    endloop
  endfacet
  facet normal  4.193974e-002 -6.867887e-003 -9.990966e-001
    outer loop
      vertex  8.092330e+002 -5.777094e+003 -3.437091e+001
      vertex  8.102476e+002 -5.416025e+003 -3.681034e+001
      vertex  8.332427e+002 -5.416025e+003 -3.584506e+001
    endloop
  endfacet
  facet normal  4.343395e-002 -6.966983e-003 -9.990320e-001
    outer loop
      vertex  8.092330e+002 -5.777094e+003 -3.437091e+001
      vertex  8.332427e+002 -5.416025e+003 -3.584506e+001
      vertex  8.311318e+002 -5.777094e+003 -3.341884e+001
    endloop
  endfacet
  facet normal  3.444351e-003 -6.426830e-003 -9.999734e-001
    outer loop
      vertex  5.803626e+002 -5.416025e+003 -4.225623e+001
      vertex  5.793594e+002 -5.777094e+003 -3.993909e+001
      vertex  5.688735e+002 -5.416025e+003 -4.229580e+001
    endloop
  endfacet
  facet normal  1.091181e-003 -6.495201e-003 -9.999784e-001
    outer loop
      vertex  5.688735e+002 -5.416025e+003 -4.229580e+001
      vertex  5.793594e+002 -5.777094e+003 -3.993909e+001
      vertex  5.684208e+002 -5.777094e+003 -3.995103e+001
    endloop
  endfacet
  facet normal -4.048608e-004 -6.493329e-003 -9.999788e-001
    outer loop
      vertex  5.688735e+002 -5.416025e+003 -4.229580e+001
      vertex  5.684208e+002 -5.777094e+003 -3.995103e+001
      vertex  5.573880e+002 -5.416025e+003 -4.229115e+001
    endloop
  endfacet
  facet normal -3.436582e-003 -6.585925e-003 -9.999725e-001
    outer loop
      vertex  5.573880e+002 -5.416025e+003 -4.229115e+001
      vertex  5.684208e+002 -5.777094e+003 -3.995103e+001
      vertex  5.574863e+002 -5.777094e+003 -3.991345e+001
    endloop
  endfacet
  facet normal -4.932863e-003 -6.586290e-003 -9.999660e-001
    outer loop
      vertex  5.573880e+002 -5.416025e+003 -4.229115e+001
      vertex  5.574863e+002 -5.777094e+003 -3.991345e+001
      vertex  5.459069e+002 -5.416025e+003 -4.223451e+001
    endloop
  endfacet
  facet normal -8.605961e-003 -6.703922e-003 -9.999405e-001
    outer loop
      vertex  5.459069e+002 -5.416025e+003 -4.223451e+001
      vertex  5.574863e+002 -5.777094e+003 -3.991345e+001
      vertex  5.465499e+002 -5.777094e+003 -3.981933e+001
    endloop
  endfacet
  facet normal -1.010166e-002 -6.706492e-003 -9.999265e-001
    outer loop
      vertex  5.459069e+002 -5.416025e+003 -4.223451e+001
      vertex  5.465499e+002 -5.777094e+003 -3.981933e+001
      vertex  5.344240e+002 -5.416025e+003 -4.211851e+001
    endloop
  endfacet
  facet normal -1.437491e-002 -6.849663e-003 -9.998732e-001
    outer loop
      vertex  5.344240e+002 -5.416025e+003 -4.211851e+001
      vertex  5.465499e+002 -5.777094e+003 -3.981933e+001
      vertex  5.356078e+002 -5.777094e+003 -3.966202e+001
    endloop
  endfacet
  facet normal -1.587066e-002 -6.854414e-003 -9.998506e-001
    outer loop
      vertex  5.344240e+002 -5.416025e+003 -4.211851e+001
      vertex  5.356078e+002 -5.777094e+003 -3.966202e+001
      vertex  5.229352e+002 -5.416025e+003 -4.193615e+001
    endloop
  endfacet
  facet normal -2.071642e-002 -7.023923e-003 -9.997607e-001
    outer loop
      vertex  5.229352e+002 -5.416025e+003 -4.193615e+001
      vertex  5.356078e+002 -5.777094e+003 -3.966202e+001
      vertex  5.246590e+002 -5.777094e+003 -3.943514e+001
    endloop
  endfacet
  facet normal -2.221203e-002 -7.030840e-003 -9.997286e-001
    outer loop
      vertex  5.229352e+002 -5.416025e+003 -4.193615e+001
      vertex  5.246590e+002 -5.777094e+003 -3.943514e+001
      vertex  5.114393e+002 -5.416025e+003 -4.168073e+001
    endloop
  endfacet
  facet normal -2.763040e-002 -7.228373e-003 -9.995921e-001
    outer loop
      vertex  5.114393e+002 -5.416025e+003 -4.168073e+001
      vertex  5.246590e+002 -5.777094e+003 -3.943514e+001
      vertex  5.137033e+002 -5.777094e+003 -3.913231e+001
    endloop
  endfacet
  facet normal -2.912588e-002 -7.237450e-003 -9.995496e-001
    outer loop
      vertex  5.114393e+002 -5.416025e+003 -4.168073e+001
      vertex  5.137033e+002 -5.777094e+003 -3.913231e+001
      vertex  4.999364e+002 -5.416025e+003 -4.134555e+001
    endloop
  endfacet
  facet normal -3.516893e-002 -7.466659e-003 -9.993535e-001
    outer loop
      vertex  4.999364e+002 -5.416025e+003 -4.134555e+001
      vertex  5.137033e+002 -5.777094e+003 -3.913231e+001
      vertex  5.027543e+002 -5.777094e+003 -3.874699e+001
    endloop
  endfacet
  facet normal -3.666380e-002 -7.477937e-003 -9.992996e-001
    outer loop
      vertex  4.999364e+002 -5.416025e+003 -4.134555e+001
      vertex  5.027543e+002 -5.777094e+003 -3.874699e+001
      vertex  4.884406e+002 -5.416025e+003 -4.092377e+001
    endloop
  endfacet
  facet normal -4.348472e-002 -7.746675e-003 -9.990240e-001
    outer loop
      vertex  4.884406e+002 -5.416025e+003 -4.092377e+001
      vertex  5.027543e+002 -5.777094e+003 -3.874699e+001
      vertex  4.918227e+002 -5.777094e+003 -3.827117e+001
    endloop
  endfacet
  facet normal -4.497920e-002 -7.760187e-003 -9.989578e-001
    outer loop
      vertex  4.884406e+002 -5.416025e+003 -4.092377e+001
      vertex  4.918227e+002 -5.777094e+003 -3.827117e+001
      vertex  4.769632e+002 -5.416025e+003 -4.040699e+001
    endloop
  endfacet
  facet normal -5.283815e-002 -8.081323e-003 -9.985703e-001
    outer loop
      vertex  4.769632e+002 -5.416025e+003 -4.040699e+001
      vertex  4.918227e+002 -5.777094e+003 -3.827117e+001
      vertex  4.809140e+002 -5.777094e+003 -3.769395e+001
    endloop
  endfacet
  facet normal -5.433185e-002 -8.097065e-003 -9.984901e-001
    outer loop
      vertex  4.769632e+002 -5.416025e+003 -4.040699e+001
      vertex  4.809140e+002 -5.777094e+003 -3.769395e+001
      vertex  4.655102e+002 -5.416025e+003 -3.978378e+001
    endloop
  endfacet
  facet normal -6.357130e-002 -8.488060e-003 -9.979412e-001
    outer loop
      vertex  4.655102e+002 -5.416025e+003 -3.978378e+001
      vertex  4.809140e+002 -5.777094e+003 -3.769395e+001
      vertex  4.699993e+002 -5.777094e+003 -3.699866e+001
    endloop
  endfacet
  facet normal -6.506438e-002 -8.505881e-003 -9.978449e-001
    outer loop
      vertex  4.655102e+002 -5.416025e+003 -3.978378e+001
      vertex  4.699993e+002 -5.777094e+003 -3.699866e+001
      vertex  4.540508e+002 -5.416025e+003 -3.903658e+001
    endloop
  endfacet
  facet normal -7.593958e-002 -8.981876e-003 -9.970719e-001
    outer loop
      vertex  4.540508e+002 -5.416025e+003 -3.903658e+001
      vertex  4.699993e+002 -5.777094e+003 -3.699866e+001
      vertex  4.590827e+002 -5.777094e+003 -3.616722e+001
    endloop
  endfacet
  facet normal -7.743105e-002 -9.001750e-003 -9.969571e-001
    outer loop
      vertex  4.540508e+002 -5.416025e+003 -3.903658e+001
      vertex  4.590827e+002 -5.777094e+003 -3.616722e+001
      vertex  4.425898e+002 -5.416025e+003 -3.814643e+001
    endloop
  endfacet
  facet normal -8.982488e-002 -9.562143e-003 -9.959117e-001
    outer loop
      vertex  4.425898e+002 -5.416025e+003 -3.814643e+001
      vertex  4.590827e+002 -5.777094e+003 -3.616722e+001
      vertex  4.481469e+002 -5.777094e+003 -3.518089e+001
    endloop
  endfacet
  facet normal -9.131441e-002 -9.583953e-003 -9.957760e-001
    outer loop
      vertex  4.425898e+002 -5.416025e+003 -3.814643e+001
      vertex  4.481469e+002 -5.777094e+003 -3.518089e+001
      vertex  4.311089e+002 -5.416025e+003 -3.709361e+001
    endloop
  endfacet
  facet normal -2.507969e-001 -1.751617e-002 -9.678813e-001
    outer loop
      vertex  3.708214e+002 -5.416025e+003 -2.759896e+001
      vertex  3.737686e+002 -5.416025e+003 -2.836263e+001
      vertex  3.935243e+002 -5.777094e+003 -2.694731e+001
    endloop
  endfacet
  facet normal -2.296924e-001 -1.638200e-002 -9.731254e-001
    outer loop
      vertex  3.935243e+002 -5.777094e+003 -2.694731e+001
      vertex  3.737686e+002 -5.416025e+003 -2.836263e+001
      vertex  3.795124e+002 -5.416025e+003 -2.971837e+001
    endloop
  endfacet
  facet normal -2.282367e-001 -1.632814e-002 -9.734688e-001
    outer loop
      vertex  3.935243e+002 -5.777094e+003 -2.694731e+001
      vertex  3.795124e+002 -5.416025e+003 -2.971837e+001
      vertex  3.989966e+002 -5.777094e+003 -2.823032e+001
    endloop
  endfacet
  facet normal -2.020303e-001 -1.493786e-002 -9.792654e-001
    outer loop
      vertex  3.989966e+002 -5.777094e+003 -2.823032e+001
      vertex  3.795124e+002 -5.416025e+003 -2.971837e+001
      vertex  3.852404e+002 -5.416025e+003 -3.090011e+001
    endloop
  endfacet
  facet normal -2.005652e-001 -1.488428e-002 -9.795673e-001
    outer loop
      vertex  3.989966e+002 -5.777094e+003 -2.823032e+001
      vertex  3.852404e+002 -5.416025e+003 -3.090011e+001
      vertex  4.044535e+002 -5.777094e+003 -2.934763e+001
    endloop
  endfacet
  facet normal -1.775590e-001 -1.367920e-002 -9.840151e-001
    outer loop
      vertex  4.044535e+002 -5.777094e+003 -2.934763e+001
      vertex  3.852404e+002 -5.416025e+003 -3.090011e+001
      vertex  3.909565e+002 -5.416025e+003 -3.193155e+001
    endloop
  endfacet
  facet normal -1.760870e-001 -1.362607e-002 -9.842802e-001
    outer loop
      vertex  4.044535e+002 -5.777094e+003 -2.934763e+001
      vertex  3.909565e+002 -5.416025e+003 -3.193155e+001
      vertex  4.098990e+002 -5.777094e+003 -3.032182e+001
    endloop
  endfacet
  facet normal -1.582970e-001 -1.270628e-002 -9.873098e-001
    outer loop
      vertex  4.098990e+002 -5.777094e+003 -3.032182e+001
      vertex  3.909565e+002 -5.416025e+003 -3.193155e+001
      vertex  3.966790e+002 -5.416025e+003 -3.284904e+001
    endloop
  endfacet
  facet normal -1.568197e-001 -1.265384e-002 -9.875462e-001
    outer loop
      vertex  4.098990e+002 -5.777094e+003 -3.032182e+001
      vertex  3.966790e+002 -5.416025e+003 -3.284904e+001
      vertex  4.153503e+002 -5.777094e+003 -3.118748e+001
    endloop
  endfacet
  facet normal -1.443409e-001 -1.201733e-002 -9.894550e-001
    outer loop
      vertex  4.153503e+002 -5.777094e+003 -3.118748e+001
      vertex  3.966790e+002 -5.416025e+003 -3.284904e+001
      vertex  4.023724e+002 -5.416025e+003 -3.367959e+001
    endloop
  endfacet
  facet normal -1.428611e-001 -1.196563e-002 -9.896703e-001
    outer loop
      vertex  4.153503e+002 -5.777094e+003 -3.118748e+001
      vertex  4.023724e+002 -5.416025e+003 -3.367959e+001
      vertex  4.207738e+002 -5.777094e+003 -3.197037e+001
    endloop
  endfacet
  facet normal -1.340288e-001 -1.152137e-002 -9.909105e-001
    outer loop
      vertex  4.207738e+002 -5.777094e+003 -3.197037e+001
      vertex  4.023724e+002 -5.416025e+003 -3.367959e+001
      vertex  4.080958e+002 -5.416025e+003 -3.445373e+001
    endloop
  endfacet
  facet normal -1.325457e-001 -1.147068e-002 -9.911105e-001
    outer loop
      vertex  4.207738e+002 -5.777094e+003 -3.197037e+001
      vertex  4.080958e+002 -5.416025e+003 -3.445373e+001
      vertex  4.262258e+002 -5.777094e+003 -3.269949e+001
    endloop
  endfacet
  facet normal -1.255511e-001 -1.112390e-002 -9.920248e-001
    outer loop
      vertex  4.262258e+002 -5.777094e+003 -3.269949e+001
      vertex  4.080958e+002 -5.416025e+003 -3.445373e+001
      vertex  4.138455e+002 -5.416025e+003 -3.518141e+001
    endloop
  endfacet
  facet normal -1.240673e-001 -1.107431e-002 -9.922119e-001
    outer loop
      vertex  4.262258e+002 -5.777094e+003 -3.269949e+001
      vertex  4.138455e+002 -5.416025e+003 -3.518141e+001
      vertex  4.317027e+002 -5.777094e+003 -3.338433e+001
    endloop
  endfacet
  facet normal -1.177396e-001 -1.076522e-002 -9.929861e-001
    outer loop
      vertex  4.317027e+002 -5.777094e+003 -3.338433e+001
      vertex  4.138455e+002 -5.416025e+003 -3.518141e+001
      vertex  4.196120e+002 -5.416025e+003 -3.586515e+001
    endloop
  endfacet
  facet normal -1.162540e-001 -1.071668e-002 -9.931617e-001
    outer loop
      vertex  4.317027e+002 -5.777094e+003 -3.338433e+001
      vertex  4.196120e+002 -5.416025e+003 -3.586515e+001
      vertex  4.371956e+002 -5.777094e+003 -3.402730e+001
    endloop
  endfacet
  facet normal -4.381501e-001 -2.787942e-002 -8.984694e-001
    outer loop
      vertex  3.451586e+002 -5.416025e+003 -1.865265e+001
      vertex  3.465856e+002 -5.416025e+003 -1.934853e+001
      vertex  3.662628e+002 -5.777094e+003 -1.774043e+001
    endloop
  endfacet
  facet normal -4.156569e-001 -2.670109e-002 -9.091294e-001
    outer loop
      vertex  3.662628e+002 -5.777094e+003 -1.774043e+001
      vertex  3.465856e+002 -5.416025e+003 -1.934853e+001
      vertex  3.480168e+002 -5.416025e+003 -2.000286e+001
    endloop
  endfacet
  facet normal -4.256347e-001 -2.717621e-002 -9.044869e-001
    outer loop
      vertex  3.662628e+002 -5.777094e+003 -1.774043e+001
      vertex  3.480168e+002 -5.416025e+003 -2.000286e+001
      vertex  3.689867e+002 -5.777094e+003 -1.902227e+001
    endloop
  endfacet
  facet normal -3.865527e-001 -2.495380e-002 -9.219297e-001
    outer loop
      vertex  3.689867e+002 -5.777094e+003 -1.902227e+001
      vertex  3.480168e+002 -5.416025e+003 -2.000286e+001
      vertex  3.508988e+002 -5.416025e+003 -2.121126e+001
    endloop
  endfacet
  facet normal -3.851728e-001 -2.488818e-002 -9.225088e-001
    outer loop
      vertex  3.689867e+002 -5.777094e+003 -1.902227e+001
      vertex  3.508988e+002 -5.416025e+003 -2.121126e+001
      vertex  3.717333e+002 -5.777094e+003 -2.016903e+001
    endloop
  endfacet
  facet normal -3.567449e-001 -2.328074e-002 -9.339117e-001
    outer loop
      vertex  3.717333e+002 -5.777094e+003 -2.016903e+001
      vertex  3.508988e+002 -5.416025e+003 -2.121126e+001
      vertex  3.534843e+002 -5.416025e+003 -2.219888e+001
    endloop
  endfacet
  facet normal -3.556695e-001 -2.322870e-002 -9.343231e-001
    outer loop
      vertex  3.717333e+002 -5.777094e+003 -2.016903e+001
      vertex  3.534843e+002 -5.416025e+003 -2.219888e+001
      vertex  3.741291e+002 -5.777094e+003 -2.108104e+001
    endloop
  endfacet
  facet normal -3.352377e-001 -2.208385e-002 -9.418747e-001
    outer loop
      vertex  3.741291e+002 -5.777094e+003 -2.108104e+001
      vertex  3.534843e+002 -5.416025e+003 -2.219888e+001
      vertex  3.561078e+002 -5.416025e+003 -2.313266e+001
    endloop
  endfacet
  facet normal -3.345994e-001 -2.205328e-002 -9.421024e-001
    outer loop
      vertex  3.741291e+002 -5.777094e+003 -2.108104e+001
      vertex  3.561078e+002 -5.416025e+003 -2.313266e+001
      vertex  3.765590e+002 -5.777094e+003 -2.194407e+001
    endloop
  endfacet
  facet normal -3.175404e-001 -2.110649e-002 -9.480098e-001
    outer loop
      vertex  3.765590e+002 -5.777094e+003 -2.194407e+001
      vertex  3.561078e+002 -5.416025e+003 -2.313266e+001
      vertex  3.590656e+002 -5.416025e+003 -2.412338e+001
    endloop
  endfacet
  facet normal -3.167470e-001 -2.106966e-002 -9.482760e-001
    outer loop
      vertex  3.765590e+002 -5.777094e+003 -2.194407e+001
      vertex  3.590656e+002 -5.416025e+003 -2.412338e+001
      vertex  3.794452e+002 -5.777094e+003 -2.290812e+001
    endloop
  endfacet
  facet normal -3.023914e-001 -2.027518e-002 -9.529682e-001
    outer loop
      vertex  3.794452e+002 -5.777094e+003 -2.290812e+001
      vertex  3.590656e+002 -5.416025e+003 -2.412338e+001
      vertex  3.620700e+002 -5.416025e+003 -2.507674e+001
    endloop
  endfacet
  facet normal -3.011430e-001 -2.021749e-002 -9.533647e-001
    outer loop
      vertex  3.794452e+002 -5.777094e+003 -2.290812e+001
      vertex  3.620700e+002 -5.416025e+003 -2.507674e+001
      vertex  3.823781e+002 -5.777094e+003 -2.383455e+001
    endloop
  endfacet
  facet normal -2.831866e-001 -1.922649e-002 -9.588721e-001
    outer loop
      vertex  3.823781e+002 -5.777094e+003 -2.383455e+001
      vertex  3.620700e+002 -5.416025e+003 -2.507674e+001
      vertex  3.678833e+002 -5.416025e+003 -2.679358e+001
    endloop
  endfacet
  facet normal -2.817526e-001 -1.917239e-002 -9.592955e-001
    outer loop
      vertex  3.823781e+002 -5.777094e+003 -2.383455e+001
      vertex  3.678833e+002 -5.416025e+003 -2.679358e+001
      vertex  3.879170e+002 -5.777094e+003 -2.546137e+001
    endloop
  endfacet
  facet normal -2.643164e-001 -1.822328e-002 -9.642639e-001
    outer loop
      vertex  3.879170e+002 -5.777094e+003 -2.546137e+001
      vertex  3.678833e+002 -5.416025e+003 -2.679358e+001
      vertex  3.708214e+002 -5.416025e+003 -2.759896e+001
    endloop
  endfacet
  facet normal -2.561194e-001 -1.784830e-002 -9.664804e-001
    outer loop
      vertex  3.879170e+002 -5.777094e+003 -2.546137e+001
      vertex  3.708214e+002 -5.416025e+003 -2.759896e+001
      vertex  3.935243e+002 -5.777094e+003 -2.694731e+001
    endloop
  endfacet
  facet normal -5.172658e-001 -3.241483e-002 -8.552107e-001
    outer loop
      vertex  3.621739e+002 -5.777094e+003 -1.544479e+001
      vertex  3.413719e+002 -5.416025e+003 -1.654841e+001
      vertex  3.634898e+002 -5.777094e+003 -1.624073e+001
    endloop
  endfacet
  facet normal -5.033046e-001 -3.156671e-002 -8.635322e-001
    outer loop
      vertex  3.634898e+002 -5.777094e+003 -1.624073e+001
      vertex  3.413719e+002 -5.416025e+003 -1.654841e+001
      vertex  3.432612e+002 -5.416025e+003 -1.764960e+001
    endloop
  endfacet
  facet normal -4.889491e-001 -3.079459e-002 -8.717685e-001
    outer loop
      vertex  3.634898e+002 -5.777094e+003 -1.624073e+001
      vertex  3.432612e+002 -5.416025e+003 -1.764960e+001
      vertex  3.648744e+002 -5.777094e+003 -1.701730e+001
    endloop
  endfacet
  facet normal -4.671535e-001 -2.951079e-002 -8.836836e-001
    outer loop
      vertex  3.648744e+002 -5.777094e+003 -1.701730e+001
      vertex  3.432612e+002 -5.416025e+003 -1.764960e+001
      vertex  3.451586e+002 -5.416025e+003 -1.865265e+001
    endloop
  endfacet
  facet normal -4.617451e-001 -2.922837e-002 -8.865310e-001
    outer loop
      vertex  3.648744e+002 -5.777094e+003 -1.701730e+001
      vertex  3.451586e+002 -5.416025e+003 -1.865265e+001
      vertex  3.662628e+002 -5.777094e+003 -1.774043e+001
    endloop
  endfacet
  facet normal -6.496691e-001 -4.003543e-002 -7.591621e-001
    outer loop
      vertex  3.570456e+002 -5.777094e+003 -1.163375e+001
      vertex  3.364602e+002 -5.416025e+003 -1.305884e+001
      vertex  3.579706e+002 -5.777094e+003 -1.242535e+001
    endloop
  endfacet
  facet normal -6.243201e-001 -3.856222e-002 -7.802162e-001
    outer loop
      vertex  3.579706e+002 -5.777094e+003 -1.242535e+001
      vertex  3.364602e+002 -5.416025e+003 -1.305884e+001
      vertex  3.374555e+002 -5.416025e+003 -1.385522e+001
    endloop
  endfacet
  facet normal -6.231588e-001 -3.849992e-002 -7.811472e-001
    outer loop
      vertex  3.579706e+002 -5.777094e+003 -1.242535e+001
      vertex  3.374555e+002 -5.416025e+003 -1.385522e+001
      vertex  3.589196e+002 -5.777094e+003 -1.318239e+001
    endloop
  endfacet
  facet normal -5.869413e-001 -3.639849e-002 -8.088108e-001
    outer loop
      vertex  3.589196e+002 -5.777094e+003 -1.318239e+001
      vertex  3.374555e+002 -5.416025e+003 -1.385522e+001
      vertex  3.394991e+002 -5.416025e+003 -1.533821e+001
    endloop
  endfacet
  facet normal -5.857307e-001 -3.633862e-002 -8.096908e-001
    outer loop
      vertex  3.589196e+002 -5.777094e+003 -1.318239e+001
      vertex  3.394991e+002 -5.416025e+003 -1.533821e+001
      vertex  3.608680e+002 -5.777094e+003 -1.459186e+001
    endloop
  endfacet
  facet normal -5.424235e-001 -3.383706e-002 -8.394234e-001
    outer loop
      vertex  3.608680e+002 -5.777094e+003 -1.459186e+001
      vertex  3.394991e+002 -5.416025e+003 -1.533821e+001
      vertex  3.413719e+002 -5.416025e+003 -1.654841e+001
    endloop
  endfacet
  facet normal -5.465129e-001 -3.404343e-002 -8.367584e-001
    outer loop
      vertex  3.608680e+002 -5.777094e+003 -1.459186e+001
      vertex  3.413719e+002 -5.416025e+003 -1.654841e+001
      vertex  3.621739e+002 -5.777094e+003 -1.544479e+001
    endloop
  endfacet
  facet normal -6.508088e-001 -4.009653e-002 -7.581822e-001
    outer loop
      vertex  3.364602e+002 -5.416025e+003 -1.305884e+001
      vertex  3.570456e+002 -5.777094e+003 -1.163375e+001
      vertex  3.354902e+002 -5.416025e+003 -1.222621e+001
    endloop
  endfacet
  facet normal -6.821552e-001 -4.192164e-002 -7.300047e-001
    outer loop
      vertex  3.354902e+002 -5.416025e+003 -1.222621e+001
      vertex  3.570456e+002 -5.777094e+003 -1.163375e+001
      vertex  3.558599e+002 -5.777094e+003 -1.052582e+001
    endloop
  endfacet
  facet normal -6.832469e-001 -4.197840e-002 -7.289798e-001
    outer loop
      vertex  3.354902e+002 -5.416025e+003 -1.222621e+001
      vertex  3.558599e+002 -5.777094e+003 -1.052582e+001
      vertex  3.342471e+002 -5.416025e+003 -1.106103e+001
    endloop
  endfacet
  facet normal -7.212499e-001 -4.419728e-002 -6.912634e-001
    outer loop
      vertex  3.342471e+002 -5.416025e+003 -1.106103e+001
      vertex  3.558599e+002 -5.777094e+003 -1.052582e+001
      vertex  3.547430e+002 -5.777094e+003 -9.360491e+000
    endloop
  endfacet
  facet normal -7.222779e-001 -4.425056e-002 -6.901858e-001
    outer loop
      vertex  3.342471e+002 -5.416025e+003 -1.106103e+001
      vertex  3.547430e+002 -5.777094e+003 -9.360491e+000
      vertex  3.330762e+002 -5.416025e+003 -9.835690e+000
    endloop
  endfacet
  facet normal -7.623497e-001 -4.659634e-002 -6.454858e-001
    outer loop
      vertex  3.330762e+002 -5.416025e+003 -9.835690e+000
      vertex  3.547430e+002 -5.777094e+003 -9.360491e+000
      vertex  3.537109e+002 -5.777094e+003 -8.141454e+000
    endloop
  endfacet
  facet normal -7.633135e-001 -4.664606e-002 -6.443420e-001
    outer loop
      vertex  3.330762e+002 -5.416025e+003 -9.835690e+000
      vertex  3.537109e+002 -5.777094e+003 -8.141454e+000
      vertex  3.319943e+002 -5.416025e+003 -8.554089e+000
    endloop
  endfacet
  facet normal -7.970091e-001 -4.862431e-002 -6.020068e-001
    outer loop
      vertex  3.319943e+002 -5.416025e+003 -8.554089e+000
      vertex  3.537109e+002 -5.777094e+003 -8.141454e+000
      vertex  3.531086e+002 -5.777094e+003 -7.344023e+000
    endloop
  endfacet
  facet normal -7.975860e-001 -4.865547e-002 -6.012399e-001
    outer loop
      vertex  3.319943e+002 -5.416025e+003 -8.554089e+000
      vertex  3.531086e+002 -5.777094e+003 -7.344023e+000
      vertex  3.313778e+002 -5.416025e+003 -7.736278e+000
    endloop
  endfacet
  facet normal -8.244063e-001 -5.022893e-002 -5.637653e-001
    outer loop
      vertex  3.313778e+002 -5.416025e+003 -7.736278e+000
      vertex  3.531086e+002 -5.777094e+003 -7.344023e+000
      vertex  3.525507e+002 -5.777094e+003 -6.528205e+000
    endloop
  endfacet
  facet normal -8.242518e-001 -5.022062e-002 -5.639920e-001
    outer loop
      vertex  3.313778e+002 -5.416025e+003 -7.736278e+000
      vertex  3.525507e+002 -5.777094e+003 -6.528205e+000
      vertex  3.308057e+002 -5.416025e+003 -6.900113e+000
    endloop
  endfacet
  facet normal -9.048277e-001 -5.496054e-002 -4.222159e-001
    outer loop
      vertex  3.511025e+002 -5.777094e+003 -3.799993e+000
      vertex  3.298610e+002 -5.416025e+003 -5.279200e+000
      vertex  3.516744e+002 -5.777094e+003 -5.025534e+000
    endloop
  endfacet
  facet normal -9.054543e-001 -5.499187e-002 -4.208661e-001
    outer loop
      vertex  3.298610e+002 -5.416025e+003 -5.279200e+000
      vertex  3.511025e+002 -5.777094e+003 -3.799993e+000
      vertex  3.292624e+002 -5.416025e+003 -3.991494e+000
    endloop
  endfacet
  facet normal -9.386124e-001 -5.695476e-002 -3.402393e-001
    outer loop
      vertex  3.292624e+002 -5.416025e+003 -3.991494e+000
      vertex  3.511025e+002 -5.777094e+003 -3.799993e+000
      vertex  3.506496e+002 -5.777094e+003 -2.550554e+000
    endloop
  endfacet
  facet normal -9.391164e-001 -5.697903e-002 -3.388417e-001
    outer loop
      vertex  3.292624e+002 -5.416025e+003 -3.991494e+000
      vertex  3.506496e+002 -5.777094e+003 -2.550554e+000
      vertex  3.287888e+002 -5.416025e+003 -2.678882e+000
    endloop
  endfacet
  facet normal -9.666890e-001 -5.861654e-002 -2.491515e-001
    outer loop
      vertex  3.287888e+002 -5.416025e+003 -2.678882e+000
      vertex  3.506496e+002 -5.777094e+003 -2.550554e+000
      vertex  3.503227e+002 -5.777094e+003 -1.282190e+000
    endloop
  endfacet
  facet normal -9.670610e-001 -5.863311e-002 -2.477001e-001
    outer loop
      vertex  3.287888e+002 -5.416025e+003 -2.678882e+000
      vertex  3.503227e+002 -5.777094e+003 -1.282190e+000
      vertex  3.284476e+002 -5.416025e+003 -1.346597e+000
    endloop
  endfacet
  facet normal -6.496692e-001 -4.003011e-002 -7.591623e-001
    outer loop
      vertex  3.570456e+002 -5.777094e+003 -1.163375e+001
      vertex  3.579706e+002 -5.777094e+003 -1.242535e+001
      vertex  3.786009e+002 -6.138162e+003 -1.104129e+001
    endloop
  endfacet
  facet normal -6.231564e-001 -3.859951e-002 -7.811441e-001
    outer loop
      vertex  3.786009e+002 -6.138162e+003 -1.104129e+001
      vertex  3.579706e+002 -5.777094e+003 -1.242535e+001
      vertex  3.589196e+002 -5.777094e+003 -1.318239e+001
    endloop
  endfacet
  facet normal -6.352546e-001 -3.920063e-002 -7.713072e-001
    outer loop
      vertex  3.786009e+002 -6.138162e+003 -1.104129e+001
      vertex  3.589196e+002 -5.777094e+003 -1.318239e+001
      vertex  3.803836e+002 -6.138162e+003 -1.250957e+001
    endloop
  endfacet
  facet normal -5.857309e-001 -3.632817e-002 -8.096910e-001
    outer loop
      vertex  3.803836e+002 -6.138162e+003 -1.250957e+001
      vertex  3.589196e+002 -5.777094e+003 -1.318239e+001
      vertex  3.608680e+002 -5.777094e+003 -1.459186e+001
    endloop
  endfacet
  facet normal -5.843982e-001 -3.626171e-002 -8.106565e-001
    outer loop
      vertex  3.803836e+002 -6.138162e+003 -1.250957e+001
      vertex  3.608680e+002 -5.777094e+003 -1.459186e+001
      vertex  3.822368e+002 -6.138162e+003 -1.384552e+001
    endloop
  endfacet
  facet normal -5.465123e-001 -3.407348e-002 -8.367575e-001
    outer loop
      vertex  3.822368e+002 -6.138162e+003 -1.384552e+001
      vertex  3.608680e+002 -5.777094e+003 -1.459186e+001
      vertex  3.621739e+002 -5.777094e+003 -1.544479e+001
    endloop
  endfacet
  facet normal -5.455166e-001 -3.402105e-002 -8.374092e-001
    outer loop
      vertex  3.822368e+002 -6.138162e+003 -1.384552e+001
      vertex  3.621739e+002 -5.777094e+003 -1.544479e+001
      vertex  3.834449e+002 -6.138162e+003 -1.463249e+001
    endloop
  endfacet
  facet normal -5.172660e-001 -3.239682e-002 -8.552111e-001
    outer loop
      vertex  3.834449e+002 -6.138162e+003 -1.463249e+001
      vertex  3.621739e+002 -5.777094e+003 -1.544479e+001
      vertex  3.634898e+002 -5.777094e+003 -1.624073e+001
    endloop
  endfacet
  facet normal -5.170164e-001 -3.238370e-002 -8.553627e-001
    outer loop
      vertex  3.834449e+002 -6.138162e+003 -1.463249e+001
      vertex  3.634898e+002 -5.777094e+003 -1.624073e+001
      vertex  3.846620e+002 -6.138162e+003 -1.536814e+001
    endloop
  endfacet
  facet normal -4.889494e-001 -3.077756e-002 -8.717690e-001
    outer loop
      vertex  3.846620e+002 -6.138162e+003 -1.536814e+001
      vertex  3.634898e+002 -5.777094e+003 -1.624073e+001
      vertex  3.648744e+002 -5.777094e+003 -1.701730e+001
    endloop
  endfacet
  facet normal -4.886180e-001 -3.076025e-002 -8.719555e-001
    outer loop
      vertex  3.846620e+002 -6.138162e+003 -1.536814e+001
      vertex  3.648744e+002 -5.777094e+003 -1.701730e+001
      vertex  3.860125e+002 -6.138162e+003 -1.612497e+001
    endloop
  endfacet
  facet normal -4.617452e-001 -2.922305e-002 -8.865312e-001
    outer loop
      vertex  3.860125e+002 -6.138162e+003 -1.612497e+001
      vertex  3.648744e+002 -5.777094e+003 -1.701730e+001
      vertex  3.662628e+002 -5.777094e+003 -1.774043e+001
    endloop
  endfacet
  facet normal -4.606198e-001 -2.916412e-002 -8.871183e-001
    outer loop
      vertex  3.860125e+002 -6.138162e+003 -1.612497e+001
      vertex  3.662628e+002 -5.777094e+003 -1.774043e+001
      vertex  3.873669e+002 -6.138162e+003 -1.682820e+001
    endloop
  endfacet
  facet normal -4.256348e-001 -2.716316e-002 -9.044871e-001
    outer loop
      vertex  3.873669e+002 -6.138162e+003 -1.682820e+001
      vertex  3.662628e+002 -5.777094e+003 -1.774043e+001
      vertex  3.689867e+002 -5.777094e+003 -1.902227e+001
    endloop
  endfacet
  facet normal -4.241425e-001 -2.709147e-002 -9.051902e-001
    outer loop
      vertex  3.873669e+002 -6.138162e+003 -1.682820e+001
      vertex  3.689867e+002 -5.777094e+003 -1.902227e+001
      vertex  3.899567e+002 -6.138162e+003 -1.804169e+001
    endloop
  endfacet
  facet normal -3.851729e-001 -2.487524e-002 -9.225091e-001
    outer loop
      vertex  3.899567e+002 -6.138162e+003 -1.804169e+001
      vertex  3.689867e+002 -5.777094e+003 -1.902227e+001
      vertex  3.717333e+002 -5.777094e+003 -2.016903e+001
    endloop
  endfacet
  facet normal -3.836474e-001 -2.480200e-002 -9.231465e-001
    outer loop
      vertex  3.899567e+002 -6.138162e+003 -1.804169e+001
      vertex  3.717333e+002 -5.777094e+003 -2.016903e+001
      vertex  3.925677e+002 -6.138162e+003 -1.912681e+001
    endloop
  endfacet
  facet normal -3.556696e-001 -2.321988e-002 -9.343233e-001
    outer loop
      vertex  3.925677e+002 -6.138162e+003 -1.912681e+001
      vertex  3.717333e+002 -5.777094e+003 -2.016903e+001
      vertex  3.741291e+002 -5.777094e+003 -2.108104e+001
    endloop
  endfacet
  facet normal -3.544712e-001 -2.316115e-002 -9.347800e-001
    outer loop
      vertex  3.925677e+002 -6.138162e+003 -1.912681e+001
      vertex  3.741291e+002 -5.777094e+003 -2.108104e+001
      vertex  3.947756e+002 -6.138162e+003 -1.996404e+001
    endloop
  endfacet
  facet normal -3.345995e-001 -2.204750e-002 -9.421024e-001
    outer loop
      vertex  3.947756e+002 -6.138162e+003 -1.996404e+001
      vertex  3.741291e+002 -5.777094e+003 -2.108104e+001
      vertex  3.765590e+002 -5.777094e+003 -2.194407e+001
    endloop
  endfacet
  facet normal -3.338813e-001 -2.201268e-002 -9.423580e-001
    outer loop
      vertex  3.947756e+002 -6.138162e+003 -1.996404e+001
      vertex  3.765590e+002 -5.777094e+003 -2.194407e+001
      vertex  3.970138e+002 -6.138162e+003 -2.075705e+001
    endloop
  endfacet
  facet normal -3.167471e-001 -2.106146e-002 -9.482762e-001
    outer loop
      vertex  3.970138e+002 -6.138162e+003 -2.075705e+001
      vertex  3.765590e+002 -5.777094e+003 -2.194407e+001
      vertex  3.794452e+002 -5.777094e+003 -2.290812e+001
    endloop
  endfacet
  facet normal -3.158621e-001 -2.102016e-002 -9.485723e-001
    outer loop
      vertex  3.970138e+002 -6.138162e+003 -2.075705e+001
      vertex  3.794452e+002 -5.777094e+003 -2.290812e+001
      vertex  3.998266e+002 -6.138162e+003 -2.169366e+001
    endloop
  endfacet
  facet normal -3.011431e-001 -2.020543e-002 -9.533649e-001
    outer loop
      vertex  3.998266e+002 -6.138162e+003 -2.169366e+001
      vertex  3.794452e+002 -5.777094e+003 -2.290812e+001
      vertex  3.823781e+002 -5.777094e+003 -2.383455e+001
    endloop
  endfacet
  facet normal -2.997576e-001 -2.014107e-002 -9.538028e-001
    outer loop
      vertex  3.998266e+002 -6.138162e+003 -2.169366e+001
      vertex  3.823781e+002 -5.777094e+003 -2.383455e+001
      vertex  4.026862e+002 -6.138162e+003 -2.259235e+001
    endloop
  endfacet
  facet normal -2.817528e-001 -1.914730e-002 -9.592960e-001
    outer loop
      vertex  4.026862e+002 -6.138162e+003 -2.259235e+001
      vertex  3.823781e+002 -5.777094e+003 -2.383455e+001
      vertex  3.879170e+002 -5.777094e+003 -2.546137e+001
    endloop
  endfacet
  facet normal -2.801669e-001 -1.908614e-002 -9.597615e-001
    outer loop
      vertex  4.026862e+002 -6.138162e+003 -2.259235e+001
      vertex  3.879170e+002 -5.777094e+003 -2.546137e+001
      vertex  4.079507e+002 -6.138162e+003 -2.412915e+001
    endloop
  endfacet
  facet normal -2.561197e-001 -1.777668e-002 -9.664816e-001
    outer loop
      vertex  4.079507e+002 -6.138162e+003 -2.412915e+001
      vertex  3.879170e+002 -5.777094e+003 -2.546137e+001
      vertex  3.935243e+002 -5.777094e+003 -2.694731e+001
    endloop
  endfacet
  facet normal -2.545218e-001 -1.771614e-002 -9.669046e-001
    outer loop
      vertex  4.079507e+002 -6.138162e+003 -2.412915e+001
      vertex  3.935243e+002 -5.777094e+003 -2.694731e+001
      vertex  4.132800e+002 -6.138162e+003 -2.553200e+001
    endloop
  endfacet
  facet normal -2.282368e-001 -1.630370e-002 -9.734691e-001
    outer loop
      vertex  4.132800e+002 -6.138162e+003 -2.553200e+001
      vertex  3.935243e+002 -5.777094e+003 -2.694731e+001
      vertex  3.989966e+002 -5.777094e+003 -2.823032e+001
    endloop
  endfacet
  facet normal -2.266267e-001 -1.624282e-002 -9.738463e-001
    outer loop
      vertex  4.132800e+002 -6.138162e+003 -2.553200e+001
      vertex  3.989966e+002 -5.777094e+003 -2.823032e+001
      vertex  4.184807e+002 -6.138162e+003 -2.674228e+001
    endloop
  endfacet
  facet normal -2.005652e-001 -1.486006e-002 -9.795677e-001
    outer loop
      vertex  4.184807e+002 -6.138162e+003 -2.674228e+001
      vertex  3.989966e+002 -5.777094e+003 -2.823032e+001
      vertex  4.044535e+002 -5.777094e+003 -2.934763e+001
    endloop
  endfacet
  facet normal -1.989449e-001 -1.479950e-002 -9.798989e-001
    outer loop
      vertex  4.184807e+002 -6.138162e+003 -2.674228e+001
      vertex  4.044535e+002 -5.777094e+003 -2.934763e+001
      vertex  4.236667e+002 -6.138162e+003 -2.779516e+001
    endloop
  endfacet
  facet normal -1.760871e-001 -1.360203e-002 -9.842806e-001
    outer loop
      vertex  4.236667e+002 -6.138162e+003 -2.779516e+001
      vertex  4.044535e+002 -5.777094e+003 -2.934763e+001
      vertex  4.098990e+002 -5.777094e+003 -3.032182e+001
    endloop
  endfacet
  facet normal -1.744600e-001 -1.354202e-002 -9.845711e-001
    outer loop
      vertex  4.236667e+002 -6.138162e+003 -2.779516e+001
      vertex  4.098990e+002 -5.777094e+003 -3.032182e+001
      vertex  4.288414e+002 -6.138162e+003 -2.871209e+001
    endloop
  endfacet
  facet normal -1.568197e-001 -1.262984e-002 -9.875464e-001
    outer loop
      vertex  4.288414e+002 -6.138162e+003 -2.871209e+001
      vertex  4.098990e+002 -5.777094e+003 -3.032182e+001
      vertex  4.153503e+002 -5.777094e+003 -3.118748e+001
    endloop
  endfacet
  facet normal -1.551874e-001 -1.257062e-002 -9.878051e-001
    outer loop
      vertex  4.288414e+002 -6.138162e+003 -2.871209e+001
      vertex  4.153503e+002 -5.777094e+003 -3.118748e+001
      vertex  4.340216e+002 -6.138162e+003 -2.952591e+001
    endloop
  endfacet
  facet normal -1.428611e-001 -1.194180e-002 -9.896707e-001
    outer loop
      vertex  4.340216e+002 -6.138162e+003 -2.952591e+001
      vertex  4.153503e+002 -5.777094e+003 -3.118748e+001
      vertex  4.207738e+002 -5.777094e+003 -3.197037e+001
    endloop
  endfacet
  facet normal -1.412238e-001 -1.188332e-002 -9.899064e-001
    outer loop
      vertex  4.340216e+002 -6.138162e+003 -2.952591e+001
      vertex  4.207738e+002 -5.777094e+003 -3.197037e+001
      vertex  4.391752e+002 -6.138162e+003 -3.026114e+001
    endloop
  endfacet
  facet normal -1.325458e-001 -1.144675e-002 -9.911107e-001
    outer loop
      vertex  4.391752e+002 -6.138162e+003 -3.026114e+001
      vertex  4.207738e+002 -5.777094e+003 -3.197037e+001
      vertex  4.262258e+002 -5.777094e+003 -3.269949e+001
    endloop
  endfacet
  facet normal -1.309070e-001 -1.138945e-002 -9.913291e-001
    outer loop
      vertex  4.391752e+002 -6.138162e+003 -3.026114e+001
      vertex  4.262258e+002 -5.777094e+003 -3.269949e+001
      vertex  4.443557e+002 -6.138162e+003 -3.094524e+001
    endloop
  endfacet
  facet normal -1.240673e-001 -1.105031e-002 -9.922123e-001
    outer loop
      vertex  4.443557e+002 -6.138162e+003 -3.094524e+001
      vertex  4.262258e+002 -5.777094e+003 -3.269949e+001
      vertex  4.317027e+002 -5.777094e+003 -3.338433e+001
    endloop
  endfacet
  facet normal -1.224273e-001 -1.099422e-002 -9.924166e-001
    outer loop
      vertex  4.443557e+002 -6.138162e+003 -3.094524e+001
      vertex  4.317027e+002 -5.777094e+003 -3.338433e+001
      vertex  4.495599e+002 -6.138162e+003 -3.158725e+001
    endloop
  endfacet
  facet normal -1.162541e-001 -1.069262e-002 -9.931620e-001
    outer loop
      vertex  4.495599e+002 -6.138162e+003 -3.158725e+001
      vertex  4.317027e+002 -5.777094e+003 -3.338433e+001
      vertex  4.371956e+002 -5.777094e+003 -3.402730e+001
    endloop
  endfacet
  facet normal -1.146108e-001 -1.063765e-002 -9.933535e-001
    outer loop
      vertex  4.495599e+002 -6.138162e+003 -3.158725e+001
      vertex  4.371956e+002 -5.777094e+003 -3.402730e+001
      vertex  4.547793e+002 -6.138162e+003 -3.218945e+001
    endloop
  endfacet
  facet normal -1.047530e-001 -1.016314e-002 -9.944463e-001
    outer loop
      vertex  4.547793e+002 -6.138162e+003 -3.218945e+001
      vertex  4.371956e+002 -5.777094e+003 -3.402730e+001
      vertex  4.481469e+002 -5.777094e+003 -3.518089e+001
    endloop
  endfacet
  facet normal -1.031089e-001 -1.013437e-002 -9.946184e-001
    outer loop
      vertex  4.547793e+002 -6.138162e+003 -3.218945e+001
      vertex  4.481469e+002 -5.777094e+003 -3.518089e+001
      vertex  4.651849e+002 -6.138162e+003 -3.326816e+001
    endloop
  endfacet
  facet normal -8.982491e-002 -9.514378e-003 -9.959121e-001
    outer loop
      vertex  4.651849e+002 -6.138162e+003 -3.326816e+001
      vertex  4.481469e+002 -5.777094e+003 -3.518089e+001
      vertex  4.590827e+002 -5.777094e+003 -3.616722e+001
    endloop
  endfacet
  facet normal -8.817802e-002 -9.487730e-003 -9.960595e-001
    outer loop
      vertex  4.651849e+002 -6.138162e+003 -3.326816e+001
      vertex  4.590827e+002 -5.777094e+003 -3.616722e+001
      vertex  4.755755e+002 -6.138162e+003 -3.418801e+001
    endloop
  endfacet
  facet normal -7.593961e-002 -8.934255e-003 -9.970724e-001
    outer loop
      vertex  4.755755e+002 -6.138162e+003 -3.418801e+001
      vertex  4.590827e+002 -5.777094e+003 -3.616722e+001
      vertex  4.699993e+002 -5.777094e+003 -3.699866e+001
    endloop
  endfacet
  facet normal -7.429098e-002 -8.909762e-003 -9.971969e-001
    outer loop
      vertex  4.755755e+002 -6.138162e+003 -3.418801e+001
      vertex  4.699993e+002 -5.777094e+003 -3.699866e+001
      vertex  4.859477e+002 -6.138162e+003 -3.496074e+001
    endloop
  endfacet
  facet normal -6.357133e-002 -8.440479e-003 -9.979417e-001
    outer loop
      vertex  4.859477e+002 -6.138162e+003 -3.496074e+001
      vertex  4.699993e+002 -5.777094e+003 -3.699866e+001
      vertex  4.809140e+002 -5.777094e+003 -3.769395e+001
    endloop
  endfacet
  facet normal -6.192113e-002 -8.418259e-003 -9.980455e-001
    outer loop
      vertex  4.859477e+002 -6.138162e+003 -3.496074e+001
      vertex  4.809140e+002 -5.777094e+003 -3.769395e+001
      vertex  4.963179e+002 -6.138162e+003 -3.560413e+001
    endloop
  endfacet
  facet normal -5.283818e-002 -8.033805e-003 -9.985708e-001
    outer loop
      vertex  4.963179e+002 -6.138162e+003 -3.560413e+001
      vertex  4.809140e+002 -5.777094e+003 -3.769395e+001
      vertex  4.918227e+002 -5.777094e+003 -3.827117e+001
    endloop
  endfacet
  facet normal -5.118714e-002 -8.013885e-003 -9.986569e-001
    outer loop
      vertex  4.963179e+002 -6.138162e+003 -3.560413e+001
      vertex  4.918227e+002 -5.777094e+003 -3.827117e+001
      vertex  5.066821e+002 -6.138162e+003 -3.613535e+001
    endloop
  endfacet
  facet normal -4.348474e-002 -7.699075e-003 -9.990245e-001
    outer loop
      vertex  5.066821e+002 -6.138162e+003 -3.613535e+001
      vertex  4.918227e+002 -5.777094e+003 -3.827117e+001
      vertex  5.027543e+002 -5.777094e+003 -3.874699e+001
    endloop
  endfacet
  facet normal -4.183287e-002 -7.681616e-003 -9.990951e-001
    outer loop
      vertex  5.066821e+002 -6.138162e+003 -3.613535e+001
      vertex  5.027543e+002 -5.777094e+003 -3.874699e+001
      vertex  5.170679e+002 -6.138162e+003 -3.657022e+001
    endloop
  endfacet
  facet normal -3.516894e-002 -7.419001e-003 -9.993538e-001
    outer loop
      vertex  5.170679e+002 -6.138162e+003 -3.657022e+001
      vertex  5.027543e+002 -5.777094e+003 -3.874699e+001
      vertex  5.137033e+002 -5.777094e+003 -3.913231e+001
    endloop
  endfacet
  facet normal -3.351634e-002 -7.404005e-003 -9.994107e-001
    outer loop
      vertex  5.170679e+002 -6.138162e+003 -3.657022e+001
      vertex  5.137033e+002 -5.777094e+003 -3.913231e+001
      vertex  5.274703e+002 -6.138162e+003 -3.691907e+001
    endloop
  endfacet
  facet normal -2.763041e-002 -7.180697e-003 -9.995924e-001
    outer loop
      vertex  5.274703e+002 -6.138162e+003 -3.691907e+001
      vertex  5.137033e+002 -5.777094e+003 -3.913231e+001
      vertex  5.246590e+002 -5.777094e+003 -3.943514e+001
    endloop
  endfacet
  facet normal -2.597777e-002 -7.168139e-003 -9.996368e-001
    outer loop
      vertex  5.274703e+002 -6.138162e+003 -3.691907e+001
      vertex  5.246590e+002 -5.777094e+003 -3.943514e+001
      vertex  5.378787e+002 -6.138162e+003 -3.718956e+001
    endloop
  endfacet
  facet normal -2.071643e-002 -6.976280e-003 -9.997611e-001
    outer loop
      vertex  5.378787e+002 -6.138162e+003 -3.718956e+001
      vertex  5.246590e+002 -5.777094e+003 -3.943514e+001
      vertex  5.356078e+002 -5.777094e+003 -3.966202e+001
    endloop
  endfacet
  facet normal -1.906348e-002 -6.966110e-003 -9.997941e-001
    outer loop
      vertex  5.378787e+002 -6.138162e+003 -3.718956e+001
      vertex  5.356078e+002 -5.777094e+003 -3.966202e+001
      vertex  5.482806e+002 -6.138162e+003 -3.738789e+001
    endloop
  endfacet
  facet normal -1.437492e-002 -6.802053e-003 -9.998736e-001
    outer loop
      vertex  5.482806e+002 -6.138162e+003 -3.738789e+001
      vertex  5.356078e+002 -5.777094e+003 -3.966202e+001
      vertex  5.465499e+002 -5.777094e+003 -3.981933e+001
    endloop
  endfacet
  facet normal -1.272135e-002 -6.794278e-003 -9.998960e-001
    outer loop
      vertex  5.482806e+002 -6.138162e+003 -3.738789e+001
      vertex  5.465499e+002 -5.777094e+003 -3.981933e+001
      vertex  5.586758e+002 -6.138162e+003 -3.752015e+001
    endloop
  endfacet
  facet normal -8.605964e-003 -6.656354e-003 -9.999409e-001
    outer loop
      vertex  5.586758e+002 -6.138162e+003 -3.752015e+001
      vertex  5.465499e+002 -5.777094e+003 -3.981933e+001
      vertex  5.574863e+002 -5.777094e+003 -3.991345e+001
    endloop
  endfacet
  facet normal -6.952567e-003 -6.650992e-003 -9.999537e-001
    outer loop
      vertex  5.586758e+002 -6.138162e+003 -3.752015e+001
      vertex  5.574863e+002 -5.777094e+003 -3.991345e+001
      vertex  5.690656e+002 -6.138162e+003 -3.759239e+001
    endloop
  endfacet
  facet normal -3.436583e-003 -6.538357e-003 -9.999727e-001
    outer loop
      vertex  5.690656e+002 -6.138162e+003 -3.759239e+001
      vertex  5.574863e+002 -5.777094e+003 -3.991345e+001
      vertex  5.684208e+002 -5.777094e+003 -3.995103e+001
    endloop
  endfacet
  facet normal -1.783187e-003 -6.535433e-003 -9.999770e-001
    outer loop
      vertex  5.690656e+002 -6.138162e+003 -3.759239e+001
      vertex  5.684208e+002 -5.777094e+003 -3.995103e+001
      vertex  5.794536e+002 -6.138162e+003 -3.761091e+001
    endloop
  endfacet
  facet normal  1.091182e-003 -6.447614e-003 -9.999785e-001
    outer loop
      vertex  5.794536e+002 -6.138162e+003 -3.761091e+001
      vertex  5.684208e+002 -5.777094e+003 -3.995103e+001
      vertex  5.793594e+002 -5.777094e+003 -3.993909e+001
    endloop
  endfacet
  facet normal  2.744297e-003 -6.447163e-003 -9.999754e-001
    outer loop
      vertex  5.794536e+002 -6.138162e+003 -3.761091e+001
      vertex  5.793594e+002 -5.777094e+003 -3.993909e+001
      vertex  5.898453e+002 -6.138162e+003 -3.758239e+001
    endloop
  endfacet
  facet normal  4.940223e-003 -6.383337e-003 -9.999674e-001
    outer loop
      vertex  5.898453e+002 -6.138162e+003 -3.758239e+001
      vertex  5.793594e+002 -5.777094e+003 -3.993909e+001
      vertex  5.903015e+002 -5.777094e+003 -3.988504e+001
    endloop
  endfacet
  facet normal  6.593909e-003 -6.385366e-003 -9.999579e-001
    outer loop
      vertex  5.898453e+002 -6.138162e+003 -3.758239e+001
      vertex  5.903015e+002 -5.777094e+003 -3.988504e+001
      vertex  6.002403e+002 -6.138162e+003 -3.751385e+001
    endloop
  endfacet
  facet normal  9.400361e-003 -6.307970e-003 -9.999360e-001
    outer loop
      vertex  6.002403e+002 -6.138162e+003 -3.751385e+001
      vertex  5.903015e+002 -5.777094e+003 -3.988504e+001
      vertex  6.121935e+002 -5.777094e+003 -3.967923e+001
    endloop
  endfacet
  facet normal  1.105380e-002 -6.362604e-003 -9.999187e-001
    outer loop
      vertex  6.002403e+002 -6.138162e+003 -3.751385e+001
      vertex  6.121935e+002 -5.777094e+003 -3.967923e+001
      vertex  6.210376e+002 -6.138162e+003 -3.728394e+001
    endloop
  endfacet
  facet normal  1.361709e-002 -6.299612e-003 -9.998875e-001
    outer loop
      vertex  6.210376e+002 -6.138162e+003 -3.728394e+001
      vertex  6.121935e+002 -5.777094e+003 -3.967923e+001
      vertex  6.340930e+002 -5.777094e+003 -3.938099e+001
    endloop
  endfacet
  facet normal  1.527012e-002 -6.359241e-003 -9.998631e-001
    outer loop
      vertex  6.210376e+002 -6.138162e+003 -3.728394e+001
      vertex  6.340930e+002 -5.777094e+003 -3.938099e+001
      vertex  6.418418e+002 -6.138162e+003 -3.696621e+001
    endloop
  endfacet
  facet normal  1.671829e-002 -6.328009e-003 -9.998403e-001
    outer loop
      vertex  6.418418e+002 -6.138162e+003 -3.696621e+001
      vertex  6.340930e+002 -5.777094e+003 -3.938099e+001
      vertex  6.559857e+002 -5.777094e+003 -3.901492e+001
    endloop
  endfacet
  facet normal  1.837149e-002 -6.392601e-003 -9.998108e-001
    outer loop
      vertex  6.418418e+002 -6.138162e+003 -3.696621e+001
      vertex  6.559857e+002 -5.777094e+003 -3.901492e+001
      vertex  6.626395e+002 -6.138162e+003 -3.658406e+001
    endloop
  endfacet
  facet normal  1.962282e-002 -6.369382e-003 -9.997872e-001
    outer loop
      vertex  6.626395e+002 -6.138162e+003 -3.658406e+001
      vertex  6.559857e+002 -5.777094e+003 -3.901492e+001
      vertex  6.778713e+002 -5.777094e+003 -3.858537e+001
    endloop
  endfacet
  facet normal  2.127576e-002 -6.438923e-003 -9.997529e-001
    outer loop
      vertex  6.626395e+002 -6.138162e+003 -3.658406e+001
      vertex  6.778713e+002 -5.777094e+003 -3.858537e+001
      vertex  6.834304e+002 -6.138162e+003 -3.614161e+001
    endloop
  endfacet
  facet normal  2.284349e-002 -6.414553e-003 -9.997185e-001
    outer loop
      vertex  6.834304e+002 -6.138162e+003 -3.614161e+001
      vertex  6.778713e+002 -5.777094e+003 -3.858537e+001
      vertex  6.997534e+002 -5.777094e+003 -3.808537e+001
    endloop
  endfacet
  facet normal  2.449665e-002 -6.489075e-003 -9.996789e-001
    outer loop
      vertex  6.834304e+002 -6.138162e+003 -3.614161e+001
      vertex  6.997534e+002 -5.777094e+003 -3.808537e+001
      vertex  7.042177e+002 -6.138162e+003 -3.563222e+001
    endloop
  endfacet
  facet normal  2.648509e-002 -6.464146e-003 -9.996282e-001
    outer loop
      vertex  7.042177e+002 -6.138162e+003 -3.563222e+001
      vertex  6.997534e+002 -5.777094e+003 -3.808537e+001
      vertex  7.216473e+002 -5.777094e+003 -3.750529e+001
    endloop
  endfacet
  facet normal  2.813777e-002 -6.543688e-003 -9.995826e-001
    outer loop
      vertex  7.042177e+002 -6.138162e+003 -3.563222e+001
      vertex  7.216473e+002 -5.777094e+003 -3.750529e+001
      vertex  7.250162e+002 -6.138162e+003 -3.504675e+001
    endloop
  endfacet
  facet normal  3.034194e-002 -6.522684e-003 -9.995182e-001
    outer loop
      vertex  7.250162e+002 -6.138162e+003 -3.504675e+001
      vertex  7.216473e+002 -5.777094e+003 -3.750529e+001
      vertex  7.435424e+002 -5.777094e+003 -3.684063e+001
    endloop
  endfacet
  facet normal  3.199450e-002 -6.607217e-003 -9.994662e-001
    outer loop
      vertex  7.250162e+002 -6.138162e+003 -3.504675e+001
      vertex  7.435424e+002 -5.777094e+003 -3.684063e+001
      vertex  7.458156e+002 -6.138162e+003 -3.438093e+001
    endloop
  endfacet
  facet normal  3.415433e-002 -6.593132e-003 -9.993948e-001
    outer loop
      vertex  7.458156e+002 -6.138162e+003 -3.438093e+001
      vertex  7.435424e+002 -5.777094e+003 -3.684063e+001
      vertex  7.654373e+002 -5.777094e+003 -3.609237e+001
    endloop
  endfacet
  facet normal  3.580668e-002 -6.682649e-003 -9.993364e-001
    outer loop
      vertex  7.458156e+002 -6.138162e+003 -3.438093e+001
      vertex  7.654373e+002 -5.777094e+003 -3.609237e+001
      vertex  7.666149e+002 -6.138162e+003 -3.363568e+001
    endloop
  endfacet
  facet normal  3.770880e-002 -6.675971e-003 -9.992665e-001
    outer loop
      vertex  7.666149e+002 -6.138162e+003 -3.363568e+001
      vertex  7.654373e+002 -5.777094e+003 -3.609237e+001
      vertex  7.873302e+002 -5.777094e+003 -3.526621e+001
    endloop
  endfacet
  facet normal  3.936096e-002 -6.770468e-003 -9.992021e-001
    outer loop
      vertex  7.666149e+002 -6.138162e+003 -3.363568e+001
      vertex  7.873302e+002 -5.777094e+003 -3.526621e+001
      vertex  7.874120e+002 -6.138162e+003 -3.281644e+001
    endloop
  endfacet
  facet normal  4.084098e-002 -6.769730e-003 -9.991427e-001
    outer loop
      vertex  7.874120e+002 -6.138162e+003 -3.281644e+001
      vertex  7.873302e+002 -5.777094e+003 -3.526621e+001
      vertex  8.092330e+002 -5.777094e+003 -3.437091e+001
    endloop
  endfacet
  facet normal  4.249293e-002 -6.869265e-003 -9.990731e-001
    outer loop
      vertex  7.874120e+002 -6.138162e+003 -3.281644e+001
      vertex  8.092330e+002 -5.777094e+003 -3.437091e+001
      vertex  8.082184e+002 -6.138162e+003 -3.193149e+001
    endloop
  endfacet
  facet normal  4.343398e-002 -6.871636e-003 -9.990327e-001
    outer loop
      vertex  8.082184e+002 -6.138162e+003 -3.193149e+001
      vertex  8.092330e+002 -5.777094e+003 -3.437091e+001
      vertex  8.311318e+002 -5.777094e+003 -3.341884e+001
    endloop
  endfacet
  facet normal  4.508597e-002 -6.976167e-003 -9.989587e-001
    outer loop
      vertex  8.082184e+002 -6.138162e+003 -3.193149e+001
      vertex  8.311318e+002 -5.777094e+003 -3.341884e+001
      vertex  8.290209e+002 -6.138162e+003 -3.099261e+001
    endloop
  endfacet
  facet normal  4.612596e-002 -6.981928e-003 -9.989112e-001
    outer loop
      vertex  8.290209e+002 -6.138162e+003 -3.099261e+001
      vertex  8.311318e+002 -5.777094e+003 -3.341884e+001
      vertex  8.749214e+002 -5.777094e+003 -3.139680e+001
    endloop
  endfacet
  facet normal  4.777743e-002 -7.191782e-003 -9.988322e-001
    outer loop
      vertex  8.290209e+002 -6.138162e+003 -3.099261e+001
      vertex  8.749214e+002 -5.777094e+003 -3.139680e+001
      vertex  8.706183e+002 -6.138162e+003 -2.900287e+001
    endloop
  endfacet
  facet normal  4.789496e-002 -7.193144e-003 -9.988264e-001
    outer loop
      vertex  8.706183e+002 -6.138162e+003 -2.900287e+001
      vertex  8.749214e+002 -5.777094e+003 -3.139680e+001
      vertex  9.187191e+002 -5.777094e+003 -2.929665e+001
    endloop
  endfacet
  facet normal  4.954630e-002 -7.413066e-003 -9.987444e-001
    outer loop
      vertex  8.706183e+002 -6.138162e+003 -2.900287e+001
      vertex  9.187191e+002 -5.777094e+003 -2.929665e+001
      vertex  9.122231e+002 -6.138162e+003 -2.693892e+001
    endloop
  endfacet
  facet normal  4.833071e-002 -7.391586e-003 -9.988040e-001
    outer loop
      vertex  9.122231e+002 -6.138162e+003 -2.693892e+001
      vertex  9.187191e+002 -5.777094e+003 -2.929665e+001
      vertex  9.625176e+002 -5.777094e+003 -2.717730e+001
    endloop
  endfacet
  facet normal  4.998208e-002 -7.621557e-003 -9.987210e-001
    outer loop
      vertex  9.122231e+002 -6.138162e+003 -2.693892e+001
      vertex  9.625176e+002 -5.777094e+003 -2.717730e+001
      vertex  9.538287e+002 -6.138162e+003 -2.485672e+001
    endloop
  endfacet
  facet normal  4.900089e-002 -7.598259e-003 -9.987699e-001
    outer loop
      vertex  9.538287e+002 -6.138162e+003 -2.485672e+001
      vertex  9.625176e+002 -5.777094e+003 -2.717730e+001
      vertex  1.006320e+003 -5.777094e+003 -2.502831e+001
    endloop
  endfacet
  facet normal  5.065214e-002 -7.838272e-003 -9.986856e-001
    outer loop
      vertex  9.538287e+002 -6.138162e+003 -2.485672e+001
      vertex  1.006320e+003 -5.777094e+003 -2.502831e+001
      vertex  9.954377e+002 -6.138162e+003 -2.274636e+001
    endloop
  endfacet
  facet normal  5.120374e-002 -7.854718e-003 -9.986573e-001
    outer loop
      vertex  9.954377e+002 -6.138162e+003 -2.274636e+001
      vertex  1.006320e+003 -5.777094e+003 -2.502831e+001
      vertex  1.050116e+003 -5.777094e+003 -2.278276e+001
    endloop
  endfacet
  facet normal  5.285472e-002 -8.104724e-003 -9.985693e-001
    outer loop
      vertex  9.954377e+002 -6.138162e+003 -2.274636e+001
      vertex  1.050116e+003 -5.777094e+003 -2.278276e+001
      vertex  1.037041e+003 -6.138162e+003 -2.054427e+001
    endloop
  endfacet
  facet normal  5.380142e-002 -8.138691e-003 -9.985184e-001
    outer loop
      vertex  1.037041e+003 -6.138162e+003 -2.054427e+001
      vertex  1.050116e+003 -5.777094e+003 -2.278276e+001
      vertex  1.093918e+003 -5.777094e+003 -2.042265e+001
    endloop
  endfacet
  facet normal  5.545225e-002 -8.398768e-003 -9.984260e-001
    outer loop
      vertex  1.037041e+003 -6.138162e+003 -2.054427e+001
      vertex  1.093918e+003 -5.777094e+003 -2.042265e+001
      vertex  1.078650e+003 -6.138162e+003 -1.823334e+001
    endloop
  endfacet
  facet normal  5.420973e-002 -8.346641e-003 -9.984947e-001
    outer loop
      vertex  1.078650e+003 -6.138162e+003 -1.823334e+001
      vertex  1.093918e+003 -5.777094e+003 -2.042265e+001
      vertex  1.159620e+003 -5.777094e+003 -1.685558e+001
    endloop
  endfacet
  facet normal  5.586044e-002 -8.717177e-003 -9.984006e-001
    outer loop
      vertex  1.078650e+003 -6.138162e+003 -1.823334e+001
      vertex  1.159620e+003 -5.777094e+003 -1.685558e+001
      vertex  1.141062e+003 -6.138162e+003 -1.474139e+001
    endloop
  endfacet
  facet normal  5.478713e-002 -8.662362e-003 -9.984605e-001
    outer loop
      vertex  1.141062e+003 -6.138162e+003 -1.474139e+001
      vertex  1.159620e+003 -5.777094e+003 -1.685558e+001
      vertex  1.203423e+003 -5.777094e+003 -1.445204e+001
    endloop
  endfacet
  facet normal  5.643769e-002 -8.947511e-003 -9.983660e-001
    outer loop
      vertex  1.141062e+003 -6.138162e+003 -1.474139e+001
      vertex  1.203423e+003 -5.777094e+003 -1.445204e+001
      vertex  1.182671e+003 -6.138162e+003 -1.238921e+001
    endloop
  endfacet
  facet normal -8.244066e-001 -5.022078e-002 -5.637655e-001
    outer loop
      vertex  3.525507e+002 -5.777094e+003 -6.528205e+000
      vertex  3.531086e+002 -5.777094e+003 -7.344023e+000
      vertex  3.743761e+002 -6.138162e+003 -6.279657e+000
    endloop
  endfacet
  facet normal -7.970054e-001 -4.871952e-002 -6.020039e-001
    outer loop
      vertex  3.743761e+002 -6.138162e+003 -6.279657e+000
      vertex  3.531086e+002 -5.777094e+003 -7.344023e+000
      vertex  3.537109e+002 -5.777094e+003 -8.141454e+000
    endloop
  endfacet
  facet normal -8.084354e-001 -4.929385e-002 -5.865170e-001
    outer loop
      vertex  3.743761e+002 -6.138162e+003 -6.279657e+000
      vertex  3.537109e+002 -5.777094e+003 -8.141454e+000
      vertex  3.754274e+002 -6.138162e+003 -7.728818e+000
    endloop
  endfacet
  facet normal -7.623498e-001 -4.658941e-002 -6.454859e-001
    outer loop
      vertex  3.754274e+002 -6.138162e+003 -7.728818e+000
      vertex  3.537109e+002 -5.777094e+003 -8.141454e+000
      vertex  3.547430e+002 -5.777094e+003 -9.360491e+000
    endloop
  endfacet
  facet normal -7.666682e-001 -4.681351e-002 -6.403345e-001
    outer loop
      vertex  3.754274e+002 -6.138162e+003 -7.728818e+000
      vertex  3.547430e+002 -5.777094e+003 -9.360491e+000
      vertex  3.761476e+002 -6.138162e+003 -8.591017e+000
    endloop
  endfacet
  facet normal -9.041239e-001 -5.491916e-002 -4.237264e-001
    outer loop
      vertex  3.729427e+002 -6.138162e+003 -3.608492e+000
      vertex  3.516744e+002 -5.777094e+003 -5.025534e+000
      vertex  3.734879e+002 -6.138162e+003 -4.771868e+000
    endloop
  endfacet
  facet normal -9.048280e-001 -5.495471e-002 -4.222160e-001
    outer loop
      vertex  3.516744e+002 -5.777094e+003 -5.025534e+000
      vertex  3.729427e+002 -6.138162e+003 -3.608492e+000
      vertex  3.511025e+002 -5.777094e+003 -3.799993e+000
    endloop
  endfacet
  facet normal -9.380534e-001 -5.692177e-002 -3.417833e-001
    outer loop
      vertex  3.511025e+002 -5.777094e+003 -3.799993e+000
      vertex  3.729427e+002 -6.138162e+003 -3.608492e+000
      vertex  3.725104e+002 -6.138162e+003 -2.422226e+000
    endloop
  endfacet
  facet normal -9.386128e-001 -5.694903e-002 -3.402394e-001
    outer loop
      vertex  3.511025e+002 -5.777094e+003 -3.799993e+000
      vertex  3.725104e+002 -6.138162e+003 -2.422226e+000
      vertex  3.506496e+002 -5.777094e+003 -2.550554e+000
    endloop
  endfacet
  facet normal -9.662758e-001 -5.859209e-002 -2.507551e-001
    outer loop
      vertex  3.506496e+002 -5.777094e+003 -2.550554e+000
      vertex  3.725104e+002 -6.138162e+003 -2.422226e+000
      vertex  3.721979e+002 -6.138162e+003 -1.217783e+000
    endloop
  endfacet
  facet normal -9.666893e-001 -5.861085e-002 -2.491515e-001
    outer loop
      vertex  3.506496e+002 -5.777094e+003 -2.550554e+000
      vertex  3.721979e+002 -6.138162e+003 -1.217783e+000
      vertex  3.503227e+002 -5.777094e+003 -1.282190e+000
    endloop
  endfacet
  facet normal  9.980698e-001 -6.047478e-002 -1.411898e-002
    outer loop
      vertex  1.255366e+003 -5.280625e+003 -1.600404e+001
      vertex  1.230819e+003 -5.686827e+003 -1.141074e+001
      vertex  1.230786e+003 -5.686827e+003 -1.371472e+001
    endloop
  endfacet
  facet normal  9.980693e-001 -6.048433e-002 -1.411897e-002
    outer loop
      vertex  1.230786e+003 -5.686827e+003 -1.371472e+001
      vertex  1.230819e+003 -5.686827e+003 -1.141074e+001
      vertex  1.206233e+003 -6.093029e+003 -9.249355e+000
    endloop
  endfacet
  facet normal  9.980935e-001 -6.046661e-002 -1.237381e-002
    outer loop
      vertex  1.230786e+003 -5.686827e+003 -1.371472e+001
      vertex  1.206233e+003 -6.093029e+003 -9.249355e+000
      vertex  1.206206e+003 -6.093029e+003 -1.142541e+001
    endloop
  endfacet
  facet normal  9.980929e-001 -6.047678e-002 -1.237380e-002
    outer loop
      vertex  1.206206e+003 -6.093029e+003 -1.142541e+001
      vertex  1.206233e+003 -6.093029e+003 -9.249355e+000
      vertex  1.181647e+003 -6.499231e+003 -7.087966e+000
    endloop
  endfacet
  facet normal  9.981179e-001 -6.045604e-002 -1.029152e-002
    outer loop
      vertex  1.206206e+003 -6.093029e+003 -1.142541e+001
      vertex  1.181647e+003 -6.499231e+003 -7.087966e+000
      vertex  1.181626e+003 -6.499231e+003 -9.136100e+000
    endloop
  endfacet
  facet normal  9.980440e-001 -6.049201e-002 -1.578061e-002
    outer loop
      vertex  1.230819e+003 -5.686827e+003 -1.141074e+001
      vertex  1.255366e+003 -5.280625e+003 -1.600404e+001
      vertex  1.255405e+003 -5.280625e+003 -1.357213e+001
    endloop
  endfacet
  facet normal  9.980445e-001 -6.048254e-002 -1.578062e-002
    outer loop
      vertex  1.255405e+003 -5.280625e+003 -1.357213e+001
      vertex  1.255366e+003 -5.280625e+003 -1.600404e+001
      vertex  1.279946e+003 -4.874423e+003 -1.829335e+001
    endloop
  endfacet
  facet normal  9.980196e-001 -6.049787e-002 -1.722848e-002
    outer loop
      vertex  1.255405e+003 -5.280625e+003 -1.357213e+001
      vertex  1.279946e+003 -4.874423e+003 -1.829335e+001
      vertex  1.279991e+003 -4.874423e+003 -1.573352e+001
    endloop
  endfacet
  facet normal  9.980201e-001 -6.048930e-002 -1.722849e-002
    outer loop
      vertex  1.279991e+003 -4.874423e+003 -1.573352e+001
      vertex  1.279946e+003 -4.874423e+003 -1.829335e+001
      vertex  1.304526e+003 -4.468221e+003 -2.058266e+001
    endloop
  endfacet
  facet normal  9.979949e-001 -6.050395e-002 -1.858374e-002
    outer loop
      vertex  1.279991e+003 -4.874423e+003 -1.573352e+001
      vertex  1.304526e+003 -4.468221e+003 -2.058266e+001
      vertex  1.304577e+003 -4.468221e+003 -1.789491e+001
    endloop
  endfacet
  facet normal  9.979955e-001 -6.049541e-002 -1.858375e-002
    outer loop
      vertex  1.304577e+003 -4.468221e+003 -1.789491e+001
      vertex  1.304526e+003 -4.468221e+003 -2.058266e+001
      vertex  1.329107e+003 -4.062019e+003 -2.287197e+001
    endloop
  endfacet
  facet normal  9.979719e-001 -6.050855e-002 -1.977253e-002
    outer loop
      vertex  1.304577e+003 -4.468221e+003 -1.789491e+001
      vertex  1.329107e+003 -4.062019e+003 -2.287197e+001
      vertex  1.329162e+003 -4.062019e+003 -2.005630e+001
    endloop
  endfacet
  facet normal  9.979723e-001 -6.050076e-002 -1.977254e-002
    outer loop
      vertex  1.329162e+003 -4.062019e+003 -2.005630e+001
      vertex  1.329107e+003 -4.062019e+003 -2.287197e+001
      vertex  1.574908e+003 -9.094947e-013 -4.576510e+001
    endloop
  endfacet
  facet normal  9.977816e-001 -6.053935e-002 -2.769178e-002
    outer loop
      vertex  1.329162e+003 -4.062019e+003 -2.005630e+001
      vertex  1.574908e+003 -9.094947e-013 -4.576510e+001
      vertex  1.575021e+003 -4.547474e-013 -4.167019e+001
    endloop
  endfacet
  facet normal -9.959381e-001 -6.033413e-002 -6.683633e-002
    outer loop
      vertex  3.938381e+002 -6.499231e+003  8.149067e-001
      vertex  3.281809e+002 -5.416025e+003  1.357103e+000
      vertex  3.938928e+002 -6.499231e+003  1.118470e-014
    endloop
  endfacet
  facet normal -9.970964e-001 -6.043008e-002 -4.633563e-002
    outer loop
      vertex  3.281809e+002 -5.416025e+003  1.357103e+000
      vertex  1.136868e-013 -4.547474e-013  2.186388e-014
      vertex  3.938928e+002 -6.499231e+003  1.118470e-014
    endloop
  endfacet
  facet normal -9.979975e-001 -6.047772e-002 -1.852652e-002
    outer loop
      vertex  3.281809e+002 -5.416025e+003  1.357103e+000
      vertex  1.968848e+002 -3.249615e+003  2.095030e+000
      vertex  1.136868e-013 -4.547474e-013  2.186388e-014
    endloop
  endfacet
  facet normal -9.976428e-001 -6.046519e-002 -3.244518e-002
    outer loop
      vertex  1.968848e+002 -3.249615e+003  2.095030e+000
      vertex -7.786693e-002 -9.094947e-013  2.394296e+000
      vertex  1.136868e-013 -4.547474e-013  2.186388e-014
    endloop
  endfacet
  facet normal -9.749665e-001 -5.916363e-002  2.143359e-001
    outer loop
      vertex  3.284751e+002 -5.416025e+003  4.076535e+000
      vertex  3.940293e+002 -6.499231e+003  3.268026e+000
      vertex  3.942085e+002 -6.499231e+003  4.083302e+000
    endloop
  endfacet
  facet normal -9.663583e-001 -5.864103e-002  2.504255e-001
    outer loop
      vertex  3.942085e+002 -6.499231e+003  4.083302e+000
      vertex  3.288254e+002 -5.416025e+003  5.428339e+000
      vertex  3.284751e+002 -5.416025e+003  4.076535e+000
    endloop
  endfacet
  facet normal -9.590936e-001 -5.823556e-002  2.770347e-001
    outer loop
      vertex  3.944429e+002 -6.499231e+003  4.894814e+000
      vertex  3.288254e+002 -5.416025e+003  5.428339e+000
      vertex  3.942085e+002 -6.499231e+003  4.083302e+000
    endloop
  endfacet
  facet normal -9.419562e-001 -5.722393e-002  3.308234e-001
    outer loop
      vertex  3.292440e+002 -5.416025e+003  6.619989e+000
      vertex  3.288254e+002 -5.416025e+003  5.428339e+000
      vertex  3.944429e+002 -6.499231e+003  4.894814e+000
    endloop
  endfacet
  facet normal -9.354079e-001 -5.685868e-002  3.489686e-001
    outer loop
      vertex  3.948932e+002 -6.499231e+003  6.101805e+000
      vertex  3.292440e+002 -5.416025e+003  6.619989e+000
      vertex  3.944429e+002 -6.499231e+003  4.894814e+000
    endloop
  endfacet
  facet normal -9.154098e-001 -5.567044e-002  3.986548e-001
    outer loop
      vertex  3.297573e+002 -5.416025e+003  7.798736e+000
      vertex  3.292440e+002 -5.416025e+003  6.619989e+000
      vertex  3.948932e+002 -6.499231e+003  6.101805e+000
    endloop
  endfacet
  facet normal -9.032146e-001 -5.497941e-002  4.256531e-001
    outer loop
      vertex  3.954542e+002 -6.499231e+003  7.292229e+000
      vertex  3.297573e+002 -5.416025e+003  7.798736e+000
      vertex  3.948932e+002 -6.499231e+003  6.101805e+000
    endloop
  endfacet
  facet normal -8.868278e-001 -5.400109e-002  4.589340e-001
    outer loop
      vertex  3.954542e+002 -6.499231e+003  7.292229e+000
      vertex  3.303589e+002 -5.416025e+003  8.961350e+000
      vertex  3.297573e+002 -5.416025e+003  7.798736e+000
    endloop
  endfacet
  facet normal -8.010706e-001 -4.901166e-002  5.965600e-001
    outer loop
      vertex  3.976984e+002 -6.499231e+003  1.072079e+001
      vertex  3.326182e+002 -5.416025e+003  1.232306e+001
      vertex  3.968680e+002 -6.499231e+003  9.605700e+000
    endloop
  endfacet
  facet normal -3.084709e-001 -2.122444e-002  9.509969e-001
    outer loop
      vertex  4.409263e+002 -6.499231e+003  3.469206e+001
      vertex  3.863374e+002 -5.416025e+003  4.116040e+001
      vertex  3.805653e+002 -5.416025e+003  3.928812e+001
    endloop
  endfacet
  facet normal -3.047330e-001 -2.104329e-002  9.522052e-001
    outer loop
      vertex  4.450760e+002 -6.499231e+003  3.602011e+001
      vertex  3.863374e+002 -5.416025e+003  4.116040e+001
      vertex  4.409263e+002 -6.499231e+003  3.469206e+001
    endloop
  endfacet
  facet normal -1.995139e-001 -1.572175e-002  9.797688e-001
    outer loop
      vertex  4.880246e+002 -6.499231e+003  4.672911e+001
      vertex  4.362745e+002 -5.416025e+003  5.357258e+001
      vertex  4.811554e+002 -6.499231e+003  4.533032e+001
    endloop
  endfacet
  facet normal -1.827992e-001 -1.494385e-002  9.830366e-001
    outer loop
      vertex  4.439536e+002 -5.416025e+003  5.500053e+001
      vertex  4.362745e+002 -5.416025e+003  5.357258e+001
      vertex  4.880246e+002 -6.499231e+003  4.672911e+001
    endloop
  endfacet
  facet normal -1.833119e-001 -1.496398e-002  9.829409e-001
    outer loop
      vertex  4.948947e+002 -6.499231e+003  4.801035e+001
      vertex  4.439536e+002 -5.416025e+003  5.500053e+001
      vertex  4.880246e+002 -6.499231e+003  4.672911e+001
    endloop
  endfacet
  facet normal -1.699305e-001 -1.435023e-002  9.853516e-001
    outer loop
      vertex  4.496327e+002 -5.416025e+003  5.597993e+001
      vertex  4.439536e+002 -5.416025e+003  5.500053e+001
      vertex  4.948947e+002 -6.499231e+003  4.801035e+001
    endloop
  endfacet
  facet normal  1.763846e-001 -6.461172e-003  9.843000e-001
    outer loop
      vertex  1.053922e+003 -6.499231e+003  1.804945e+001
      vertex  1.109813e+003 -5.416025e+003  1.514441e+001
      vertex  1.086883e+003 -5.416025e+003  1.925341e+001
    endloop
  endfacet
  facet normal  2.113129e-001 -7.589284e-003  9.773889e-001
    outer loop
      vertex  1.206233e+003 -6.093029e+003 -9.249355e+000
      vertex  1.230819e+003 -5.686827e+003 -1.141074e+001
      vertex  1.162008e+003 -6.499231e+003 -2.841952e+000
    endloop
  endfacet
  facet normal  2.113142e-001 -7.589421e-003  9.773887e-001
    outer loop
      vertex  1.206233e+003 -6.093029e+003 -9.249355e+000
      vertex  1.162008e+003 -6.499231e+003 -2.841952e+000
      vertex  1.181647e+003 -6.499231e+003 -7.087966e+000
    endloop
  endfacet
  facet normal -9.954448e-001 -6.034176e-002  7.381504e-002
    outer loop
      vertex  9.989303e-002 -9.094947e-013  4.791507e+000
      vertex -7.786693e-002 -9.094947e-013  2.394296e+000
      vertex  1.968848e+002 -3.249615e+003  2.095030e+000
    endloop
  endfacet
  facet normal -9.937368e-001 -6.025517e-002  9.410917e-002
    outer loop
      vertex  1.970834e+002 -3.249615e+003  4.192861e+000
      vertex  9.989303e-002 -9.094947e-013  4.791507e+000
      vertex  1.968848e+002 -3.249615e+003  2.095030e+000
    endloop
  endfacet
  facet normal -9.825526e-001 -5.959233e-002  1.761789e-001
    outer loop
      vertex  5.284841e-001 -9.094947e-013  7.181767e+000
      vertex  9.989303e-002 -9.094947e-013  4.791507e+000
      vertex  1.970834e+002 -3.249615e+003  4.192861e+000
    endloop
  endfacet
  facet normal -9.756656e-001 -5.920790e-002  2.111190e-001
    outer loop
      vertex  1.975354e+002 -3.249615e+003  6.281785e+000
      vertex  5.284841e-001 -9.094947e-013  7.181767e+000
      vertex  1.970834e+002 -3.249615e+003  4.192861e+000
    endloop
  endfacet
  facet normal -5.215187e-001 -3.295037e-002  8.526034e-001
    outer loop
      vertex  3.398148e+001  9.094947e-013  4.229069e+001
      vertex  2.954035e+001  4.547474e-013  3.957415e+001
      vertex  2.197579e+002 -3.249615e+003  3.033886e+001
    endloop
  endfacet
  facet normal -5.166379e-001 -3.268229e-002  8.555800e-001
    outer loop
      vertex  2.234926e+002 -3.249615e+003  3.259409e+001
      vertex  3.398148e+001  9.094947e-013  4.229069e+001
      vertex  2.197579e+002 -3.249615e+003  3.033886e+001
    endloop
  endfacet
  facet normal -4.944484e-001 -3.142721e-002  8.686387e-001
    outer loop
      vertex  3.731932e+001  4.547474e-013  4.419066e+001
      vertex  3.398148e+001  9.094947e-013  4.229069e+001
      vertex  2.234926e+002 -3.249615e+003  3.259409e+001
    endloop
  endfacet
  facet normal -3.773692e-001 -2.494385e-002  9.257269e-001
    outer loop
      vertex  2.493144e+002 -3.249615e+003  4.458269e+001
      vertex  6.503529e+001  0.000000e+000  5.702336e+001
      vertex  2.416802e+002 -3.249615e+003  4.147063e+001
    endloop
  endfacet
  facet normal -3.651361e-001 -2.426893e-002  9.306378e-001
    outer loop
      vertex  7.017102e+001  0.000000e+000  5.903837e+001
      vertex  6.503529e+001  0.000000e+000  5.702336e+001
      vertex  2.493144e+002 -3.249615e+003  4.458269e+001
    endloop
  endfacet
  facet normal -3.518796e-001 -2.356087e-002  9.357488e-001
    outer loop
      vertex  7.535142e+001  0.000000e+000  6.098641e+001
      vertex  7.017102e+001  0.000000e+000  5.903837e+001
      vertex  2.493144e+002 -3.249615e+003  4.458269e+001
    endloop
  endfacet
  facet normal -3.507883e-001 -2.350453e-002  9.361598e-001
    outer loop
      vertex  2.570844e+002 -3.249615e+003  4.749418e+001
      vertex  7.535142e+001  0.000000e+000  6.098641e+001
      vertex  2.493144e+002 -3.249615e+003  4.458269e+001
    endloop
  endfacet
  facet normal -3.101279e-001 -2.133249e-002  9.504555e-001
    outer loop
      vertex  2.645508e+002 -3.249615e+003  5.006477e+001
      vertex  9.258790e+001  4.547474e-013  6.689025e+001
      vertex  8.657663e+001  0.000000e+000  6.492881e+001
    endloop
  endfacet
  facet normal  1.493719e-002 -7.502434e-003  9.998602e-001
    outer loop
      vertex  5.927991e+002 -3.249615e+003  8.495119e+001
      vertex  5.179669e+002  9.094947e-013  1.104526e+002
      vertex  5.730991e+002 -3.249615e+003  8.524549e+001
    endloop
  endfacet
  facet normal  2.625281e-002 -7.240044e-003  9.996291e-001
    outer loop
      vertex  5.927991e+002 -3.249615e+003  8.495119e+001
      vertex  5.389742e+002  1.364242e-012  1.099009e+002
      vertex  5.179669e+002  9.094947e-013  1.104526e+002
    endloop
  endfacet
  facet normal  1.245944e-001 -5.988092e-003  9.921898e-001
    outer loop
      vertex  9.281523e+002  9.094947e-013  7.647584e+001
      vertex  9.085359e+002  4.547474e-013  7.893917e+001
      vertex  8.779694e+002 -3.249615e+003  6.316541e+001
    endloop
  endfacet
  facet normal  1.284061e-001 -5.974343e-003  9.917037e-001
    outer loop
      vertex  9.477591e+002  0.000000e+000  7.393715e+001
      vertex  9.281523e+002  9.094947e-013  7.647584e+001
      vertex  9.074070e+002 -3.249615e+003  5.958522e+001
    endloop
  endfacet
  facet normal  1.322140e-001 -6.019414e-003  9.912029e-001
    outer loop
      vertex  9.674161e+002  0.000000e+000  7.131515e+001
      vertex  9.477591e+002  0.000000e+000  7.393715e+001
      vertex  9.074070e+002 -3.249615e+003  5.958522e+001
    endloop
  endfacet
  facet normal -9.965435e-001 -6.041532e-002  5.701904e-002
    outer loop
      vertex  1.968848e+002 -3.249615e+003  2.095030e+000
      vertex  3.281809e+002 -5.416025e+003  1.357103e+000
      vertex  3.282587e+002 -5.416025e+003  2.717723e+000
    endloop
  endfacet
  facet normal -9.937380e-001 -6.023454e-002  9.410930e-002
    outer loop
      vertex  3.282587e+002 -5.416025e+003  2.717723e+000
      vertex  1.970834e+002 -3.249615e+003  4.192861e+000
      vertex  1.968848e+002 -3.249615e+003  2.095030e+000
    endloop
  endfacet
  facet normal -9.857877e-001 -5.979598e-002  1.569935e-001
    outer loop
      vertex  1.970834e+002 -3.249615e+003  4.192861e+000
      vertex  3.282587e+002 -5.416025e+003  2.717723e+000
      vertex  3.284751e+002 -5.416025e+003  4.076535e+000
    endloop
  endfacet
  facet normal -9.756668e-001 -5.918505e-002  2.111193e-001
    outer loop
      vertex  3.284751e+002 -5.416025e+003  4.076535e+000
      vertex  1.975354e+002 -3.249615e+003  6.281785e+000
      vertex  1.970834e+002 -3.249615e+003  4.192861e+000
    endloop
  endfacet
  facet normal -9.663571e-001 -5.866237e-002  2.504251e-001
    outer loop
      vertex  3.288254e+002 -5.416025e+003  5.428339e+000
      vertex  1.975354e+002 -3.249615e+003  6.281785e+000
      vertex  3.284751e+002 -5.416025e+003  4.076535e+000
    endloop
  endfacet
  facet normal -9.466797e-001 -5.749610e-002  3.170043e-001
    outer loop
      vertex  1.982282e+002 -3.249615e+003  8.350517e+000
      vertex  1.975354e+002 -3.249615e+003  6.281785e+000
      vertex  3.288254e+002 -5.416025e+003  5.428339e+000
    endloop
  endfacet
  facet normal -7.769185e-001 -4.760437e-002  6.277991e-001
    outer loop
      vertex  2.035050e+002 -3.249615e+003  1.681517e+001
      vertex  2.022591e+002 -3.249615e+003  1.527340e+001
      vertex  3.326182e+002 -5.416025e+003  1.232306e+001
    endloop
  endfacet
  facet normal -7.658414e-001 -4.697222e-002  6.413116e-001
    outer loop
      vertex  3.339531e+002 -5.416025e+003  1.391717e+001
      vertex  2.035050e+002 -3.249615e+003  1.681517e+001
      vertex  3.326182e+002 -5.416025e+003  1.232306e+001
    endloop
  endfacet
  facet normal -4.304685e-001 -2.786134e-002  9.021755e-001
    outer loop
      vertex  3.589841e+002 -5.416025e+003  3.077176e+001
      vertex  2.337768e+002 -3.249615e+003  3.793367e+001
      vertex  3.552568e+002 -5.416025e+003  2.899333e+001
    endloop
  endfacet
  facet normal -4.172710e-001 -2.711910e-002  9.083773e-001
    outer loop
      vertex  3.589841e+002 -5.416025e+003  3.077176e+001
      vertex  2.376832e+002 -3.249615e+003  3.972813e+001
      vertex  2.337768e+002 -3.249615e+003  3.793367e+001
    endloop
  endfacet
  facet normal -3.507884e-001 -2.348669e-002  9.361601e-001
    outer loop
      vertex  2.570844e+002 -3.249615e+003  4.749418e+001
      vertex  2.493144e+002 -3.249615e+003  4.458269e+001
      vertex  3.707461e+002 -5.416025e+003  3.573277e+001
    endloop
  endfacet
  facet normal -3.526435e-001 -2.358022e-002  9.354606e-001
    outer loop
      vertex  3.747715e+002 -5.416025e+003  3.725021e+001
      vertex  2.570844e+002 -3.249615e+003  4.749418e+001
      vertex  3.707461e+002 -5.416025e+003  3.573277e+001
    endloop
  endfacet
  facet normal  1.160330e-001 -5.827434e-003  9.932283e-001
    outer loop
      vertex  8.805057e+002 -5.416025e+003  5.001726e+001
      vertex  9.074070e+002 -3.249615e+003  5.958522e+001
      vertex  8.690511e+002 -5.416025e+003  5.135543e+001
    endloop
  endfacet
  facet normal -6.549076e-001 -4.055685e-002  7.546200e-001
    outer loop
      vertex  2.092125e+002 -3.249615e+003  2.254524e+001
      vertex  3.374673e+002 -5.416025e+003  1.741988e+001
      vertex  3.387420e+002 -5.416025e+003  1.852616e+001
    endloop
  endfacet
  facet normal -6.325839e-001 -3.925714e-002  7.734963e-001
    outer loop
      vertex  2.092125e+002 -3.249615e+003  2.254524e+001
      vertex  3.387420e+002 -5.416025e+003  1.852616e+001
      vertex  3.400328e+002 -5.416025e+003  1.958179e+001
    endloop
  endfacet
  facet normal -6.369488e-001 -3.951579e-002  7.698926e-001
    outer loop
      vertex  2.092125e+002 -3.249615e+003  2.254524e+001
      vertex  3.400328e+002 -5.416025e+003  1.958179e+001
      vertex  2.122705e+002 -3.249615e+003  2.507518e+001
    endloop
  endfacet
  facet normal -6.369488e-001 -3.951578e-002  7.698926e-001
    outer loop
      vertex  2.092125e+002 -3.249615e+003  2.254524e+001
      vertex  2.122705e+002 -3.249615e+003  2.507518e+001
      vertex  2.062699e+001  4.547474e-013  3.331527e+001
    endloop
  endfacet
  facet normal -6.245945e-001 -3.883226e-002  7.799832e-001
    outer loop
      vertex  2.092125e+002 -3.249615e+003  2.254524e+001
      vertex  2.062699e+001  4.547474e-013  3.331527e+001
      vertex  1.805333e+001 -9.094947e-013  3.125433e+001
    endloop
  endfacet
  facet normal -6.509162e-001 -4.032193e-002  7.580780e-001
    outer loop
      vertex  2.092125e+002 -3.249615e+003  2.254524e+001
      vertex  1.805333e+001 -9.094947e-013  3.125433e+001
      vertex  1.551825e+001 -9.094947e-013  2.907762e+001
    endloop
  endfacet
  facet normal -6.771758e-001 -4.184001e-002  7.346307e-001
    outer loop
      vertex  2.092125e+002 -3.249615e+003  2.254524e+001
      vertex  1.551825e+001 -9.094947e-013  2.907762e+001
      vertex  1.347173e+001 -9.094947e-013  2.719115e+001
    endloop
  endfacet
  facet normal -6.813018e-001 -4.208305e-002  7.307919e-001
    outer loop
      vertex  2.092125e+002 -3.249615e+003  2.254524e+001
      vertex  1.347173e+001 -9.094947e-013  2.719115e+001
      vertex  2.062627e+002 -3.249615e+003  1.979518e+001
    endloop
  endfacet
  facet normal -6.813020e-001 -4.207546e-002  7.307922e-001
    outer loop
      vertex  2.092125e+002 -3.249615e+003  2.254524e+001
      vertex  2.062627e+002 -3.249615e+003  1.979518e+001
      vertex  3.353875e+002 -5.416025e+003  1.544413e+001
    endloop
  endfacet
  facet normal -6.989323e-001 -4.304688e-002  7.138911e-001
    outer loop
      vertex  2.092125e+002 -3.249615e+003  2.254524e+001
      vertex  3.353875e+002 -5.416025e+003  1.544413e+001
      vertex  3.364144e+002 -5.416025e+003  1.644953e+001
    endloop
  endfacet
  facet normal -6.770830e-001 -4.182258e-002  7.347173e-001
    outer loop
      vertex  2.092125e+002 -3.249615e+003  2.254524e+001
      vertex  3.364144e+002 -5.416025e+003  1.644953e+001
      vertex  3.374673e+002 -5.416025e+003  1.741988e+001
    endloop
  endfacet
  facet normal -5.711269e-001 -3.576554e-002  8.200822e-001
    outer loop
      vertex  2.160173e+002 -3.249615e+003  2.784989e+001
      vertex  3.426982e+002 -5.416025e+003  2.159203e+001
      vertex  3.442650e+002 -5.416025e+003  2.268325e+001
    endloop
  endfacet
  facet normal -5.501177e-001 -3.455592e-002  8.343719e-001
    outer loop
      vertex  2.160173e+002 -3.249615e+003  2.784989e+001
      vertex  3.442650e+002 -5.416025e+003  2.268325e+001
      vertex  3.458290e+002 -5.416025e+003  2.371441e+001
    endloop
  endfacet
  facet normal -5.536296e-001 -3.476189e-002  8.320372e-001
    outer loop
      vertex  2.160173e+002 -3.249615e+003  2.784989e+001
      vertex  3.458290e+002 -5.416025e+003  2.371441e+001
      vertex  2.197579e+002 -3.249615e+003  3.033886e+001
    endloop
  endfacet
  facet normal -5.536294e-001 -3.477153e-002  8.320370e-001
    outer loop
      vertex  2.160173e+002 -3.249615e+003  2.784989e+001
      vertex  2.197579e+002 -3.249615e+003  3.033886e+001
      vertex  2.954035e+001  4.547474e-013  3.957415e+001
    endloop
  endfacet
  facet normal -5.552828e-001 -3.486241e-002  8.309307e-001
    outer loop
      vertex  2.160173e+002 -3.249615e+003  2.784989e+001
      vertex  2.954035e+001  4.547474e-013  3.957415e+001
      vertex  2.508670e+001  0.000000e+000  3.659792e+001
    endloop
  endfacet
  facet normal -5.923898e-001 -3.697230e-002  8.048027e-001
    outer loop
      vertex  2.160173e+002 -3.249615e+003  2.784989e+001
      vertex  2.508670e+001  0.000000e+000  3.659792e+001
      vertex  2.062699e+001  4.547474e-013  3.331527e+001
    endloop
  endfacet
  facet normal -5.947235e-001 -3.710971e-002  8.030734e-001
    outer loop
      vertex  2.160173e+002 -3.249615e+003  2.784989e+001
      vertex  2.062699e+001  4.547474e-013  3.331527e+001
      vertex  2.122705e+002 -3.249615e+003  2.507518e+001
    endloop
  endfacet
  facet normal -5.947235e-001 -3.710972e-002  8.030733e-001
    outer loop
      vertex  2.160173e+002 -3.249615e+003  2.784989e+001
      vertex  2.122705e+002 -3.249615e+003  2.507518e+001
      vertex  3.400328e+002 -5.416025e+003  1.958179e+001
    endloop
  endfacet
  facet normal -6.115709e-001 -3.802529e-002  7.902753e-001
    outer loop
      vertex  2.160173e+002 -3.249615e+003  2.784989e+001
      vertex  3.400328e+002 -5.416025e+003  1.958179e+001
      vertex  3.413643e+002 -5.416025e+003  2.061221e+001
    endloop
  endfacet
  facet normal -5.916187e-001 -3.692131e-002  8.053720e-001
    outer loop
      vertex  2.160173e+002 -3.249615e+003  2.784989e+001
      vertex  3.413643e+002 -5.416025e+003  2.061221e+001
      vertex  3.426982e+002 -5.416025e+003  2.159203e+001
    endloop
  endfacet
  facet normal  8.224501e-002 -6.135792e-003  9.965933e-001
    outer loop
      vertex  7.600306e+002 -3.249615e+003  7.526096e+001
      vertex  7.655845e+002 -5.416025e+003  6.146453e+001
      vertex  7.771614e+002 -5.416025e+003  6.050913e+001
    endloop
  endfacet
  facet normal  8.612777e-002 -6.102857e-003  9.962655e-001
    outer loop
      vertex  7.600306e+002 -3.249615e+003  7.526096e+001
      vertex  7.771614e+002 -5.416025e+003  6.050913e+001
      vertex  7.887346e+002 -5.416025e+003  5.950863e+001
    endloop
  endfacet
  facet normal  9.084675e-002 -6.037286e-003  9.958466e-001
    outer loop
      vertex  7.600306e+002 -3.249615e+003  7.526096e+001
      vertex  7.887346e+002 -5.416025e+003  5.950863e+001
      vertex  7.894997e+002 -3.249615e+003  7.257262e+001
    endloop
  endfacet
  facet normal  9.084675e-002 -6.037286e-003  9.958466e-001
    outer loop
      vertex  7.600306e+002 -3.249615e+003  7.526096e+001
      vertex  7.894997e+002 -3.249615e+003  7.257262e+001
      vertex  7.906474e+002  9.094947e-013  9.216860e+001
    endloop
  endfacet
  facet normal  9.855916e-002 -6.106131e-003  9.951124e-001
    outer loop
      vertex  7.600306e+002 -3.249615e+003  7.526096e+001
      vertex  7.906474e+002  9.094947e-013  9.216860e+001
      vertex  7.710151e+002  9.094947e-013  9.411304e+001
    endloop
  endfacet
  facet normal  9.471817e-002 -6.095311e-003  9.954855e-001
    outer loop
      vertex  7.600306e+002 -3.249615e+003  7.526096e+001
      vertex  7.710151e+002  9.094947e-013  9.411304e+001
      vertex  7.513755e+002  4.547474e-013  9.598171e+001
    endloop
  endfacet
  facet normal  9.071663e-002 -6.108345e-003  9.958581e-001
    outer loop
      vertex  7.600306e+002 -3.249615e+003  7.526096e+001
      vertex  7.513755e+002  4.547474e-013  9.598171e+001
      vertex  7.317287e+002  9.094947e-013  9.777142e+001
    endloop
  endfacet
  facet normal  8.281609e-002 -6.181916e-003  9.965456e-001
    outer loop
      vertex  7.600306e+002 -3.249615e+003  7.526096e+001
      vertex  7.317287e+002  9.094947e-013  9.777142e+001
      vertex  7.305416e+002 -3.249615e+003  7.771159e+001
    endloop
  endfacet
  facet normal  8.281608e-002 -6.204405e-003  9.965456e-001
    outer loop
      vertex  7.600306e+002 -3.249615e+003  7.526096e+001
      vertex  7.305416e+002 -3.249615e+003  7.771159e+001
      vertex  7.428525e+002 -5.416025e+003  6.320063e+001
    endloop
  endfacet
  facet normal  7.406060e-002 -6.138818e-003  9.972348e-001
    outer loop
      vertex  7.600306e+002 -3.249615e+003  7.526096e+001
      vertex  7.428525e+002 -5.416025e+003  6.320063e+001
      vertex  7.542202e+002 -5.416025e+003  6.235640e+001
    endloop
  endfacet
  facet normal  7.823734e-002 -6.148120e-003  9.969159e-001
    outer loop
      vertex  7.600306e+002 -3.249615e+003  7.526096e+001
      vertex  7.542202e+002 -5.416025e+003  6.235640e+001
      vertex  7.655845e+002 -5.416025e+003  6.146453e+001
    endloop
  endfacet
  facet normal  2.151033e-001 -7.919081e-003  9.765592e-001
    outer loop
      vertex  1.224323e+003 -5.416025e+003 -7.783953e+000
      vertex  1.162008e+003 -6.499231e+003 -2.841952e+000
      vertex  1.230819e+003 -5.686827e+003 -1.141074e+001
    endloop
  endfacet
  facet normal  2.161851e-001 -7.889935e-003  9.763204e-001
    outer loop
      vertex  1.224323e+003 -5.416025e+003 -7.783953e+000
      vertex  1.230819e+003 -5.686827e+003 -1.141074e+001
      vertex  1.255405e+003 -5.280625e+003 -1.357213e+001
    endloop
  endfacet
  facet normal  2.161847e-001 -7.889835e-003  9.763206e-001
    outer loop
      vertex  1.224323e+003 -5.416025e+003 -7.783953e+000
      vertex  1.255405e+003 -5.280625e+003 -1.357213e+001
      vertex  1.279991e+003 -4.874423e+003 -1.573352e+001
    endloop
  endfacet
  facet normal  2.161864e-001 -7.890018e-003  9.763202e-001
    outer loop
      vertex  1.224323e+003 -5.416025e+003 -7.783953e+000
      vertex  1.279991e+003 -4.874423e+003 -1.573352e+001
      vertex  1.304577e+003 -4.468221e+003 -1.789491e+001
    endloop
  endfacet
  facet normal  2.161835e-001 -7.889763e-003  9.763209e-001
    outer loop
      vertex  1.224323e+003 -5.416025e+003 -7.783953e+000
      vertex  1.304577e+003 -4.468221e+003 -1.789491e+001
      vertex  1.329162e+003 -4.062019e+003 -2.005630e+001
    endloop
  endfacet
  facet normal  2.206088e-001 -8.241415e-003  9.753276e-001
    outer loop
      vertex  1.224323e+003 -5.416025e+003 -7.783953e+000
      vertex  1.329162e+003 -4.062019e+003 -2.005630e+001
      vertex  1.348953e+003 -3.249615e+003 -1.766796e+001
    endloop
  endfacet
  facet normal  1.743972e-001 -6.580546e-003  9.846534e-001
    outer loop
      vertex  1.209387e+003 -4.547474e-013  3.343561e+001
      vertex  1.113601e+003 -3.249615e+003  2.868324e+001
      vertex  1.235508e+003  0.000000e+000  2.880930e+001
    endloop
  endfacet
  facet normal  1.713781e-001 -6.467309e-003  9.851841e-001
    outer loop
      vertex  1.235508e+003  0.000000e+000  2.880930e+001
      vertex  1.113601e+003 -3.249615e+003  2.868324e+001
      vertex  1.143001e+003 -3.249615e+003  2.356891e+001
    endloop
  endfacet
  facet normal  1.780120e-001 -6.654253e-003  9.840058e-001
    outer loop
      vertex  1.235508e+003  0.000000e+000  2.880930e+001
      vertex  1.143001e+003 -3.249615e+003  2.356891e+001
      vertex  1.261611e+003  0.000000e+000  2.408705e+001
    endloop
  endfacet
  facet normal  1.769691e-001 -6.616219e-003  9.841942e-001
    outer loop
      vertex  1.261611e+003  0.000000e+000  2.408705e+001
      vertex  1.143001e+003 -3.249615e+003  2.356891e+001
      vertex  1.172479e+003 -3.249615e+003  1.826843e+001
    endloop
  endfacet
  facet normal  1.826917e-001 -6.771306e-003  9.831469e-001
    outer loop
      vertex  1.261611e+003  0.000000e+000  2.408705e+001
      vertex  1.172479e+003 -3.249615e+003  1.826843e+001
      vertex  1.300875e+003  0.000000e+000  1.679096e+001
    endloop
  endfacet
  facet normal  1.829244e-001 -6.780520e-003  9.831036e-001
    outer loop
      vertex  1.300875e+003  0.000000e+000  1.679096e+001
      vertex  1.172479e+003 -3.249615e+003  1.826843e+001
      vertex  1.201925e+003 -3.249615e+003  1.278955e+001
    endloop
  endfacet
  facet normal  1.886407e-001 -6.953245e-003  9.820216e-001
    outer loop
      vertex  1.300875e+003  0.000000e+000  1.679096e+001
      vertex  1.201925e+003 -3.249615e+003  1.278955e+001
      vertex  1.340093e+003  0.000000e+000  9.257246e+000
    endloop
  endfacet
  facet normal  1.892972e-001 -6.981298e-003  9.818950e-001
    outer loop
      vertex  1.340093e+003  0.000000e+000  9.257246e+000
      vertex  1.201925e+003 -3.249615e+003  1.278955e+001
      vertex  1.231334e+003 -3.249615e+003  7.119772e+000
    endloop
  endfacet
  facet normal  1.950064e-001 -7.171636e-003  9.807757e-001
    outer loop
      vertex  1.340093e+003  0.000000e+000  9.257246e+000
      vertex  1.231334e+003 -3.249615e+003  7.119772e+000
      vertex  1.379263e+003  0.000000e+000  1.469287e+000
    endloop
  endfacet
  facet normal  1.960159e-001 -7.217942e-003  9.805741e-001
    outer loop
      vertex  1.379263e+003  0.000000e+000  1.469287e+000
      vertex  1.231334e+003 -3.249615e+003  7.119772e+000
      vertex  1.260704e+003 -3.249615e+003  1.248811e+000
    endloop
  endfacet
  facet normal  2.017163e-001 -7.425837e-003  9.794158e-001
    outer loop
      vertex  1.379263e+003  0.000000e+000  1.469287e+000
      vertex  1.260704e+003 -3.249615e+003  1.248811e+000
      vertex  1.418377e+003  0.000000e+000 -6.586619e+000
    endloop
  endfacet
  facet normal  2.028835e-001 -7.483052e-003  9.791742e-001
    outer loop
      vertex  1.418377e+003  0.000000e+000 -6.586619e+000
      vertex  1.260704e+003 -3.249615e+003  1.248811e+000
      vertex  1.290138e+003 -3.249615e+003 -4.849813e+000
    endloop
  endfacet
  facet normal  2.085766e-001 -7.708358e-003  9.779756e-001
    outer loop
      vertex  1.418377e+003  0.000000e+000 -6.586619e+000
      vertex  1.290138e+003 -3.249615e+003 -4.849813e+000
      vertex  1.457576e+003 -4.547474e-013 -1.494658e+001
    endloop
  endfacet
  facet normal  2.096471e-001 -7.764230e-003  9.777463e-001
    outer loop
      vertex  1.457576e+003 -4.547474e-013 -1.494658e+001
      vertex  1.290138e+003 -3.249615e+003 -4.849813e+000
      vertex  1.319528e+003 -3.249615e+003 -1.115166e+001
    endloop
  endfacet
  facet normal  2.153309e-001 -8.007131e-003  9.765083e-001
    outer loop
      vertex  1.457576e+003 -4.547474e-013 -1.494658e+001
      vertex  1.319528e+003 -3.249615e+003 -1.115166e+001
      vertex  1.496715e+003  0.000000e+000 -2.357717e+001
    endloop
  endfacet
  facet normal  2.162121e-001 -8.055923e-003  9.763132e-001
    outer loop
      vertex  1.496715e+003  0.000000e+000 -2.357717e+001
      vertex  1.319528e+003 -3.249615e+003 -1.115166e+001
      vertex  1.348953e+003 -3.249615e+003 -1.766796e+001
    endloop
  endfacet
  facet normal  2.218878e-001 -8.316322e-003  9.750368e-001
    outer loop
      vertex  1.496715e+003  0.000000e+000 -2.357717e+001
      vertex  1.348953e+003 -3.249615e+003 -1.766796e+001
      vertex  1.535897e+003  4.547474e-013 -3.249396e+001
    endloop
  endfacet
  facet normal  2.206087e-001 -8.241413e-003  9.753275e-001
    outer loop
      vertex  1.535897e+003  4.547474e-013 -3.249396e+001
      vertex  1.348953e+003 -3.249615e+003 -1.766796e+001
      vertex  1.329162e+003 -4.062019e+003 -2.005630e+001
    endloop
  endfacet
  facet normal  2.283384e-001 -8.640274e-003  9.735435e-001
    outer loop
      vertex  1.535897e+003  4.547474e-013 -3.249396e+001
      vertex  1.329162e+003 -4.062019e+003 -2.005630e+001
      vertex  1.575021e+003 -4.547474e-013 -4.167019e+001
    endloop
  endfacet
  facet normal -9.981503e-001 -6.050464e-002  5.925544e-003
    outer loop
      vertex  3.938381e+002 -6.499231e+003  8.149067e-001
      vertex  3.938429e+002 -6.499231e+003  1.632270e+000
      vertex  3.281809e+002 -5.416025e+003  1.357103e+000
    endloop
  endfacet
  facet normal -9.951382e-001 -6.030377e-002  7.786880e-002
    outer loop
      vertex  3.281809e+002 -5.416025e+003  1.357103e+000
      vertex  3.938429e+002 -6.499231e+003  1.632270e+000
      vertex  3.939070e+002 -6.499231e+003  2.450500e+000
    endloop
  endfacet
  facet normal -9.965438e-001 -6.041011e-002  5.701905e-002
    outer loop
      vertex  3.281809e+002 -5.416025e+003  1.357103e+000
      vertex  3.939070e+002 -6.499231e+003  2.450500e+000
      vertex  3.282587e+002 -5.416025e+003  2.717723e+000
    endloop
  endfacet
  facet normal -9.872181e-001 -5.986730e-002  1.477029e-001
    outer loop
      vertex  3.282587e+002 -5.416025e+003  2.717723e+000
      vertex  3.939070e+002 -6.499231e+003  2.450500e+000
      vertex  3.940293e+002 -6.499231e+003  3.268026e+000
    endloop
  endfacet
  facet normal -9.857889e-001 -5.977580e-002  1.569937e-001
    outer loop
      vertex  3.282587e+002 -5.416025e+003  2.717723e+000
      vertex  3.940293e+002 -6.499231e+003  3.268026e+000
      vertex  3.284751e+002 -5.416025e+003  4.076535e+000
    endloop
  endfacet
  facet normal -8.690361e-001 -5.296806e-002  4.919050e-001
    outer loop
      vertex  3.308637e+002 -5.416025e+003  9.820887e+000
      vertex  3.954542e+002 -6.499231e+003  7.292229e+000
      vertex  3.961161e+002 -6.499231e+003  8.461583e+000
    endloop
  endfacet
  facet normal -8.611023e-001 -5.252720e-002  5.057111e-001
    outer loop
      vertex  3.954542e+002 -6.499231e+003  7.292229e+000
      vertex  3.308637e+002 -5.416025e+003  9.820887e+000
      vertex  3.303589e+002 -5.416025e+003  8.961350e+000
    endloop
  endfacet
  facet normal -8.611031e-001 -5.250993e-002  5.057115e-001
    outer loop
      vertex  3.303589e+002 -5.416025e+003  8.961350e+000
      vertex  3.308637e+002 -5.416025e+003  9.820887e+000
      vertex  2.002535e+002 -3.249615e+003  1.237016e+001
    endloop
  endfacet
  facet normal -8.649148e-001 -5.272851e-002  4.991414e-001
    outer loop
      vertex  3.303589e+002 -5.416025e+003  8.961350e+000
      vertex  2.002535e+002 -3.249615e+003  1.237016e+001
      vertex  1.994792e+002 -3.249615e+003  1.102841e+001
    endloop
  endfacet
  facet normal -8.649144e-001 -5.273525e-002  4.991412e-001
    outer loop
      vertex  1.994792e+002 -3.249615e+003  1.102841e+001
      vertex  2.002535e+002 -3.249615e+003  1.237016e+001
      vertex  4.061782e+000 -4.547474e-013  1.573637e+001
    endloop
  endfacet
  facet normal -8.711882e-001 -5.309649e-002  4.880694e-001
    outer loop
      vertex  1.994792e+002 -3.249615e+003  1.102841e+001
      vertex  4.061782e+000 -4.547474e-013  1.573637e+001
      vertex  3.210664e+000 -9.094947e-013  1.421715e+001
    endloop
  endfacet
  facet normal -8.467099e-001 -5.166766e-002  5.295402e-001
    outer loop
      vertex  2.002535e+002 -3.249615e+003  1.237016e+001
      vertex  5.101867e+000 -9.094947e-013  1.739942e+001
      vertex  4.061782e+000 -4.547474e-013  1.573637e+001
    endloop
  endfacet
  facet normal -8.378503e-001 -5.115721e-002  5.434977e-001
    outer loop
      vertex  5.101867e+000 -9.094947e-013  1.739942e+001
      vertex  2.002535e+002 -3.249615e+003  1.237016e+001
      vertex  2.011091e+002 -3.249615e+003  1.368913e+001
    endloop
  endfacet
  facet normal -8.378505e-001 -5.115253e-002  5.434979e-001
    outer loop
      vertex  2.011091e+002 -3.249615e+003  1.368913e+001
      vertex  2.002535e+002 -3.249615e+003  1.237016e+001
      vertex  3.308637e+002 -5.416025e+003  9.820887e+000
    endloop
  endfacet
  facet normal -8.390633e-001 -5.122181e-002  5.416170e-001
    outer loop
      vertex  2.011091e+002 -3.249615e+003  1.368913e+001
      vertex  3.308637e+002 -5.416025e+003  9.820887e+000
      vertex  3.314108e+002 -5.416025e+003  1.066843e+001
    endloop
  endfacet
  facet normal -8.390633e-001 -5.122488e-002  5.416169e-001
    outer loop
      vertex  3.314108e+002 -5.416025e+003  1.066843e+001
      vertex  3.308637e+002 -5.416025e+003  9.820887e+000
      vertex  3.961161e+002 -6.499231e+003  8.461583e+000
    endloop
  endfacet
  facet normal -8.345941e-001 -5.097194e-002  5.485020e-001
    outer loop
      vertex  3.314108e+002 -5.416025e+003  1.066843e+001
      vertex  3.961161e+002 -6.499231e+003  8.461583e+000
      vertex  3.968680e+002 -6.499231e+003  9.605700e+000
    endloop
  endfacet
  facet normal -6.549079e-001 -4.054695e-002  7.546202e-001
    outer loop
      vertex  3.387420e+002 -5.416025e+003  1.852616e+001
      vertex  3.374673e+002 -5.416025e+003  1.741988e+001
      vertex  4.025253e+002 -6.499231e+003  1.567901e+001
    endloop
  endfacet
  facet normal -6.770823e-001 -4.184677e-002  7.347165e-001
    outer loop
      vertex  4.025253e+002 -6.499231e+003  1.567901e+001
      vertex  3.374673e+002 -5.416025e+003  1.741988e+001
      vertex  3.364144e+002 -5.416025e+003  1.644953e+001
    endloop
  endfacet
  facet normal -6.679696e-001 -4.129652e-002  7.430418e-001
    outer loop
      vertex  4.025253e+002 -6.499231e+003  1.567901e+001
      vertex  3.364144e+002 -5.416025e+003  1.644953e+001
      vertex  4.011625e+002 -6.499231e+003  1.445393e+001
    endloop
  endfacet
  facet normal -6.989310e-001 -4.309352e-002  7.138897e-001
    outer loop
      vertex  4.011625e+002 -6.499231e+003  1.445393e+001
      vertex  3.364144e+002 -5.416025e+003  1.644953e+001
      vertex  3.353875e+002 -5.416025e+003  1.544413e+001
    endloop
  endfacet
  facet normal -6.997448e-001 -4.314220e-002  7.130890e-001
    outer loop
      vertex  4.011625e+002 -6.499231e+003  1.445393e+001
      vertex  3.353875e+002 -5.416025e+003  1.544413e+001
      vertex  3.998450e+002 -6.499231e+003  1.316105e+001
    endloop
  endfacet
  facet normal -7.281315e-001 -4.477002e-002  6.839738e-001
    outer loop
      vertex  3.998450e+002 -6.499231e+003  1.316105e+001
      vertex  3.353875e+002 -5.416025e+003  1.544413e+001
      vertex  3.339531e+002 -5.416025e+003  1.391717e+001
    endloop
  endfacet
  facet normal -7.350309e-001 -4.518452e-002  6.765264e-001
    outer loop
      vertex  3.998450e+002 -6.499231e+003  1.316105e+001
      vertex  3.339531e+002 -5.416025e+003  1.391717e+001
      vertex  3.985955e+002 -6.499231e+003  1.180352e+001
    endloop
  endfacet
  facet normal -7.658420e-001 -4.695452e-002  6.413121e-001
    outer loop
      vertex  3.985955e+002 -6.499231e+003  1.180352e+001
      vertex  3.339531e+002 -5.416025e+003  1.391717e+001
      vertex  3.326182e+002 -5.416025e+003  1.232306e+001
    endloop
  endfacet
  facet normal -7.691728e-001 -4.715547e-002  6.372987e-001
    outer loop
      vertex  3.985955e+002 -6.499231e+003  1.180352e+001
      vertex  3.326182e+002 -5.416025e+003  1.232306e+001
      vertex  3.976984e+002 -6.499231e+003  1.072079e+001
    endloop
  endfacet
  facet normal -6.115698e-001 -3.807074e-002  7.902740e-001
    outer loop
      vertex  3.413643e+002 -5.416025e+003  2.061221e+001
      vertex  3.400328e+002 -5.416025e+003  1.958179e+001
      vertex  4.039140e+002 -6.499231e+003  1.683509e+001
    endloop
  endfacet
  facet normal -6.325836e-001 -3.926747e-002  7.734959e-001
    outer loop
      vertex  4.039140e+002 -6.499231e+003  1.683509e+001
      vertex  3.400328e+002 -5.416025e+003  1.958179e+001
      vertex  3.387420e+002 -5.416025e+003  1.852616e+001
    endloop
  endfacet
  facet normal -6.393061e-001 -3.966324e-002  7.679288e-001
    outer loop
      vertex  4.039140e+002 -6.499231e+003  1.683509e+001
      vertex  3.387420e+002 -5.416025e+003  1.852616e+001
      vertex  4.025253e+002 -6.499231e+003  1.567901e+001
    endloop
  endfacet
  facet normal -5.711269e-001 -3.576283e-002  8.200823e-001
    outer loop
      vertex  3.442650e+002 -5.416025e+003  2.268325e+001
      vertex  3.426982e+002 -5.416025e+003  2.159203e+001
      vertex  4.062866e+002 -6.499231e+003  1.863934e+001
    endloop
  endfacet
  facet normal -5.916187e-001 -3.692568e-002  8.053719e-001
    outer loop
      vertex  4.062866e+002 -6.499231e+003  1.863934e+001
      vertex  3.426982e+002 -5.416025e+003  2.159203e+001
      vertex  3.413643e+002 -5.416025e+003  2.061221e+001
    endloop
  endfacet
  facet normal -6.048832e-001 -3.770257e-002  7.954212e-001
    outer loop
      vertex  4.062866e+002 -6.499231e+003  1.863934e+001
      vertex  3.413643e+002 -5.416025e+003  2.061221e+001
      vertex  4.039140e+002 -6.499231e+003  1.683509e+001
    endloop
  endfacet
  facet normal -3.231972e-001 -2.202418e-002  9.460754e-001
    outer loop
      vertex  4.409263e+002 -6.499231e+003  3.469206e+001
      vertex  3.805653e+002 -5.416025e+003  3.928812e+001
      vertex  4.367627e+002 -6.499231e+003  3.326971e+001
    endloop
  endfacet
  facet normal -3.317264e-001 -2.245019e-002  9.431084e-001
    outer loop
      vertex  4.367627e+002 -6.499231e+003  3.326971e+001
      vertex  3.805653e+002 -5.416025e+003  3.928812e+001
      vertex  3.747715e+002 -5.416025e+003  3.725021e+001
    endloop
  endfacet
  facet normal -3.408277e-001 -2.295906e-002  9.398453e-001
    outer loop
      vertex  4.367627e+002 -6.499231e+003  3.326971e+001
      vertex  3.747715e+002 -5.416025e+003  3.725021e+001
      vertex  4.336150e+002 -6.499231e+003  3.212822e+001
    endloop
  endfacet
  facet normal -3.526435e-001 -2.358020e-002  9.354606e-001
    outer loop
      vertex  4.336150e+002 -6.499231e+003  3.212822e+001
      vertex  3.747715e+002 -5.416025e+003  3.725021e+001
      vertex  3.707461e+002 -5.416025e+003  3.573277e+001
    endloop
  endfacet
  facet normal -3.573024e-001 -2.384470e-002  9.336843e-001
    outer loop
      vertex  4.336150e+002 -6.499231e+003  3.212822e+001
      vertex  3.707461e+002 -5.416025e+003  3.573277e+001
      vertex  4.301711e+002 -6.499231e+003  3.081032e+001
    endloop
  endfacet
  facet normal -3.700849e-001 -2.452318e-002  9.286743e-001
    outer loop
      vertex  4.301711e+002 -6.499231e+003  3.081032e+001
      vertex  3.707461e+002 -5.416025e+003  3.573277e+001
      vertex  3.667523e+002 -5.416025e+003  3.414117e+001
    endloop
  endfacet
  facet normal -3.747071e-001 -2.478807e-002  9.268118e-001
    outer loop
      vertex  4.301711e+002 -6.499231e+003  3.081032e+001
      vertex  3.667523e+002 -5.416025e+003  3.414117e+001
      vertex  4.267545e+002 -6.499231e+003  2.942900e+001
    endloop
  endfacet
  facet normal -3.880500e-001 -2.550314e-002  9.212855e-001
    outer loop
      vertex  4.267545e+002 -6.499231e+003  2.942900e+001
      vertex  3.667523e+002 -5.416025e+003  3.414117e+001
      vertex  3.628218e+002 -5.416025e+003  3.248565e+001
    endloop
  endfacet
  facet normal -3.926367e-001 -2.576834e-002  9.193326e-001
    outer loop
      vertex  4.267545e+002 -6.499231e+003  2.942900e+001
      vertex  3.628218e+002 -5.416025e+003  3.248565e+001
      vertex  4.233926e+002 -6.499231e+003  2.799316e+001
    endloop
  endfacet
  facet normal -4.076286e-001 -2.657941e-002  9.127609e-001
    outer loop
      vertex  4.233926e+002 -6.499231e+003  2.799316e+001
      vertex  3.628218e+002 -5.416025e+003  3.248565e+001
      vertex  3.589841e+002 -5.416025e+003  3.077176e+001
    endloop
  endfacet
  facet normal -4.121719e-001 -2.684430e-002  9.107106e-001
    outer loop
      vertex  4.233926e+002 -6.499231e+003  2.799316e+001
      vertex  3.589841e+002 -5.416025e+003  3.077176e+001
      vertex  4.201104e+002 -6.499231e+003  2.650768e+001
    endloop
  endfacet
  facet normal -4.304687e-001 -2.784321e-002  9.021760e-001
    outer loop
      vertex  4.201104e+002 -6.499231e+003  2.650768e+001
      vertex  3.589841e+002 -5.416025e+003  3.077176e+001
      vertex  3.552568e+002 -5.416025e+003  2.899333e+001
    endloop
  endfacet
  facet normal -4.349594e-001 -2.810710e-002  9.000113e-001
    outer loop
      vertex  4.201104e+002 -6.499231e+003  2.650768e+001
      vertex  3.552568e+002 -5.416025e+003  2.899333e+001
      vertex  4.169232e+002 -6.499231e+003  2.496735e+001
    endloop
  endfacet
  facet normal -4.584425e-001 -2.940022e-002  8.882377e-001
    outer loop
      vertex  4.169232e+002 -6.499231e+003  2.496735e+001
      vertex  3.552568e+002 -5.416025e+003  2.899333e+001
      vertex  3.516376e+002 -5.416025e+003  2.712536e+001
    endloop
  endfacet
  facet normal -4.628634e-001 -2.966209e-002  8.859332e-001
    outer loop
      vertex  4.169232e+002 -6.499231e+003  2.496735e+001
      vertex  3.516376e+002 -5.416025e+003  2.712536e+001
      vertex  4.138289e+002 -6.499231e+003  2.335074e+001
    endloop
  endfacet
  facet normal -4.894859e-001 -3.114014e-002  8.714550e-001
    outer loop
      vertex  4.138289e+002 -6.499231e+003  2.335074e+001
      vertex  3.516376e+002 -5.416025e+003  2.712536e+001
      vertex  3.487221e+002 -5.416025e+003  2.548775e+001
    endloop
  endfacet
  facet normal -4.944825e-001 -3.143487e-002  8.686190e-001
    outer loop
      vertex  4.138289e+002 -6.499231e+003  2.335074e+001
      vertex  3.487221e+002 -5.416025e+003  2.548775e+001
      vertex  4.112332e+002 -6.499231e+003  2.187309e+001
    endloop
  endfacet
  facet normal -5.223106e-001 -3.298575e-002  8.521171e-001
    outer loop
      vertex  4.112332e+002 -6.499231e+003  2.187309e+001
      vertex  3.487221e+002 -5.416025e+003  2.548775e+001
      vertex  3.458290e+002 -5.416025e+003  2.371441e+001
    endloop
  endfacet
  facet normal -5.287599e-001 -3.336835e-002  8.481153e-001
    outer loop
      vertex  4.112332e+002 -6.499231e+003  2.187309e+001
      vertex  3.458290e+002 -5.416025e+003  2.371441e+001
      vertex  4.086579e+002 -6.499231e+003  2.026746e+001
    endloop
  endfacet
  facet normal -5.501176e-001 -3.456342e-002  8.343716e-001
    outer loop
      vertex  4.086579e+002 -6.499231e+003  2.026746e+001
      vertex  3.458290e+002 -5.416025e+003  2.371441e+001
      vertex  3.442650e+002 -5.416025e+003  2.268325e+001
    endloop
  endfacet
  facet normal -5.656644e-001 -3.546420e-002  8.238727e-001
    outer loop
      vertex  4.086579e+002 -6.499231e+003  2.026746e+001
      vertex  3.442650e+002 -5.416025e+003  2.268325e+001
      vertex  4.062866e+002 -6.499231e+003  1.863934e+001
    endloop
  endfacet
  facet normal -1.985543e-001 -1.568347e-002  9.799644e-001
    outer loop
      vertex  4.362745e+002 -5.416025e+003  5.357258e+001
      vertex  4.285967e+002 -5.416025e+003  5.201696e+001
      vertex  4.811554e+002 -6.499231e+003  4.533032e+001
    endloop
  endfacet
  facet normal -2.145985e-001 -1.644097e-002  9.765640e-001
    outer loop
      vertex  4.811554e+002 -6.499231e+003  4.533032e+001
      vertex  4.285967e+002 -5.416025e+003  5.201696e+001
      vertex  4.209295e+002 -5.416025e+003  5.033210e+001
    endloop
  endfacet
  facet normal -2.176827e-001 -1.660929e-002  9.758783e-001
    outer loop
      vertex  4.811554e+002 -6.499231e+003  4.533032e+001
      vertex  4.209295e+002 -5.416025e+003  5.033210e+001
      vertex  4.731239e+002 -6.499231e+003  4.353877e+001
    endloop
  endfacet
  facet normal -2.281951e-001 -1.710070e-002  9.734652e-001
    outer loop
      vertex  4.731239e+002 -6.499231e+003  4.353877e+001
      vertex  4.209295e+002 -5.416025e+003  5.033210e+001
      vertex  4.151066e+002 -5.416025e+003  4.896713e+001
    endloop
  endfacet
  facet normal -2.330443e-001 -1.735464e-002  9.723113e-001
    outer loop
      vertex  4.731239e+002 -6.499231e+003  4.353877e+001
      vertex  4.151066e+002 -5.416025e+003  4.896713e+001
      vertex  4.681385e+002 -6.499231e+003  4.234389e+001
    endloop
  endfacet
  facet normal -2.390468e-001 -1.763956e-002  9.708477e-001
    outer loop
      vertex  4.681385e+002 -6.499231e+003  4.234389e+001
      vertex  4.151066e+002 -5.416025e+003  4.896713e+001
      vertex  4.093146e+002 -5.416025e+003  4.754099e+001
    endloop
  endfacet
  facet normal -2.438838e-001 -1.789644e-002  9.696393e-001
    outer loop
      vertex  4.681385e+002 -6.499231e+003  4.234389e+001
      vertex  4.093146e+002 -5.416025e+003  4.754099e+001
      vertex  4.631800e+002 -6.499231e+003  4.109670e+001
    endloop
  endfacet
  facet normal -2.492682e-001 -1.815601e-002  9.682643e-001
    outer loop
      vertex  4.631800e+002 -6.499231e+003  4.109670e+001
      vertex  4.093146e+002 -5.416025e+003  4.754099e+001
      vertex  4.035650e+002 -5.416025e+003  4.606083e+001
    endloop
  endfacet
  facet normal -2.540925e-001 -1.841575e-002  9.670045e-001
    outer loop
      vertex  4.631800e+002 -6.499231e+003  4.109670e+001
      vertex  4.035650e+002 -5.416025e+003  4.606083e+001
      vertex  4.582580e+002 -6.499231e+003  3.980339e+001
    endloop
  endfacet
  facet normal -2.597723e-001 -1.869377e-002  9.654890e-001
    outer loop
      vertex  4.582580e+002 -6.499231e+003  3.980339e+001
      vertex  4.035650e+002 -5.416025e+003  4.606083e+001
      vertex  3.978617e+002 -5.416025e+003  4.452631e+001
    endloop
  endfacet
  facet normal -2.645827e-001 -1.895626e-002  9.641767e-001
    outer loop
      vertex  4.582580e+002 -6.499231e+003  3.980339e+001
      vertex  3.978617e+002 -5.416025e+003  4.452631e+001
      vertex  4.533759e+002 -6.499231e+003  3.846369e+001
    endloop
  endfacet
  facet normal -2.722269e-001 -1.933607e-002  9.620388e-001
    outer loop
      vertex  4.533759e+002 -6.499231e+003  3.846369e+001
      vertex  3.978617e+002 -5.416025e+003  4.452631e+001
      vertex  3.920940e+002 -5.416025e+003  4.289422e+001
    endloop
  endfacet
  facet normal -2.758697e-001 -1.953789e-002  9.609965e-001
    outer loop
      vertex  4.533759e+002 -6.499231e+003  3.846369e+001
      vertex  3.920940e+002 -5.416025e+003  4.289422e+001
      vertex  4.492210e+002 -6.499231e+003  3.727095e+001
    endloop
  endfacet
  facet normal -2.883348e-001 -2.017619e-002  9.573170e-001
    outer loop
      vertex  4.492210e+002 -6.499231e+003  3.727095e+001
      vertex  3.920940e+002 -5.416025e+003  4.289422e+001
      vertex  3.863374e+002 -5.416025e+003  4.116040e+001
    endloop
  endfacet
  facet normal -2.888471e-001 -2.020537e-002  9.571620e-001
    outer loop
      vertex  4.492210e+002 -6.499231e+003  3.727095e+001
      vertex  3.863374e+002 -5.416025e+003  4.116040e+001
      vertex  4.450760e+002 -6.499231e+003  3.602011e+001
    endloop
  endfacet
  facet normal -1.304963e-001 -1.257620e-002  9.913690e-001
    outer loop
      vertex  5.256841e+002 -6.499231e+003  5.263420e+001
      vertex  4.784716e+002 -5.416025e+003  6.016071e+001
      vertex  5.191290e+002 -6.499231e+003  5.177134e+001
    endloop
  endfacet
  facet normal -1.319520e-001 -1.262934e-002  9.911756e-001
    outer loop
      vertex  5.191290e+002 -6.499231e+003  5.177134e+001
      vertex  4.784716e+002 -5.416025e+003  6.016071e+001
      vertex  4.670145e+002 -5.416025e+003  5.863547e+001
    endloop
  endfacet
  facet normal -1.390654e-001 -1.296538e-002  9.901983e-001
    outer loop
      vertex  5.191290e+002 -6.499231e+003  5.177134e+001
      vertex  4.670145e+002 -5.416025e+003  5.863547e+001
      vertex  5.125905e+002 -6.499231e+003  5.085306e+001
    endloop
  endfacet
  facet normal -1.425323e-001 -1.310770e-002  9.897033e-001
    outer loop
      vertex  5.125905e+002 -6.499231e+003  5.085306e+001
      vertex  4.670145e+002 -5.416025e+003  5.863547e+001
      vertex  4.611602e+002 -5.416025e+003  5.779236e+001
    endloop
  endfacet
  facet normal -1.466276e-001 -1.329829e-002  9.891024e-001
    outer loop
      vertex  5.125905e+002 -6.499231e+003  5.085306e+001
      vertex  4.611602e+002 -5.416025e+003  5.779236e+001
      vertex  5.086467e+002 -6.499231e+003  5.026841e+001
    endloop
  endfacet
  facet normal -1.507928e-001 -1.347652e-002  9.884735e-001
    outer loop
      vertex  5.086467e+002 -6.499231e+003  5.026841e+001
      vertex  4.611602e+002 -5.416025e+003  5.779236e+001
      vertex  4.553137e+002 -5.416025e+003  5.690046e+001
    endloop
  endfacet
  facet normal -1.555228e-001 -1.370490e-002  9.877372e-001
    outer loop
      vertex  5.086467e+002 -6.499231e+003  5.026841e+001
      vertex  4.553137e+002 -5.416025e+003  5.690046e+001
      vertex  5.017670e+002 -6.499231e+003  4.918518e+001
    endloop
  endfacet
  facet normal -1.599345e-001 -1.388905e-002  9.870299e-001
    outer loop
      vertex  5.017670e+002 -6.499231e+003  4.918518e+001
      vertex  4.553137e+002 -5.416025e+003  5.690046e+001
      vertex  4.496327e+002 -5.416025e+003  5.597993e+001
    endloop
  endfacet
  facet normal -1.684911e-001 -1.429191e-002  9.855995e-001
    outer loop
      vertex  5.017670e+002 -6.499231e+003  4.918518e+001
      vertex  4.496327e+002 -5.416025e+003  5.597993e+001
      vertex  4.948947e+002 -6.499231e+003  4.801035e+001
    endloop
  endfacet
  facet normal -1.067649e-001 -1.156402e-002  9.942170e-001
    outer loop
      vertex  5.454317e+002 -6.499231e+003  5.491301e+001
      vertex  5.015023e+002 -5.416025e+003  6.279468e+001
      vertex  5.388386e+002 -6.499231e+003  5.420501e+001
    endloop
  endfacet
  facet normal -1.077255e-001 -1.159631e-002  9.941130e-001
    outer loop
      vertex  5.388386e+002 -6.499231e+003  5.420501e+001
      vertex  5.015023e+002 -5.416025e+003  6.279468e+001
      vertex  4.899703e+002 -5.416025e+003  6.154503e+001
    endloop
  endfacet
  facet normal -1.146451e-001 -1.190321e-002  9.933352e-001
    outer loop
      vertex  5.388386e+002 -6.499231e+003  5.420501e+001
      vertex  4.899703e+002 -5.416025e+003  6.154503e+001
      vertex  5.322548e+002 -6.499231e+003  5.344514e+001
    endloop
  endfacet
  facet normal -1.195179e-001 -1.208911e-002  9.927585e-001
    outer loop
      vertex  5.322548e+002 -6.499231e+003  5.344514e+001
      vertex  4.899703e+002 -5.416025e+003  6.154503e+001
      vertex  4.784716e+002 -5.416025e+003  6.016071e+001
    endloop
  endfacet
  facet normal -1.224789e-001 -1.223389e-002  9.923957e-001
    outer loop
      vertex  5.322548e+002 -6.499231e+003  5.344514e+001
      vertex  4.784716e+002 -5.416025e+003  6.016071e+001
      vertex  5.256841e+002 -6.499231e+003  5.263420e+001
    endloop
  endfacet
  facet normal  9.000820e-003 -7.597053e-003  9.999306e-001
    outer loop
      vertex  6.613816e+002 -6.499231e+003  5.965794e+001
      vertex  6.356841e+002 -5.416025e+003  6.811900e+001
      vertex  6.533351e+002 -6.499231e+003  5.973037e+001
    endloop
  endfacet
  facet normal  8.288861e-003 -7.608702e-003  9.999367e-001
    outer loop
      vertex  6.533351e+002 -6.499231e+003  5.973037e+001
      vertex  6.356841e+002 -5.416025e+003  6.811900e+001
      vertex  6.203607e+002 -5.416025e+003  6.824602e+001
    endloop
  endfacet
  facet normal  2.257157e-003 -7.792555e-003  9.999671e-001
    outer loop
      vertex  6.533351e+002 -6.499231e+003  5.973037e+001
      vertex  6.203607e+002 -5.416025e+003  6.824602e+001
      vertex  6.452874e+002 -6.499231e+003  5.974854e+001
    endloop
  endfacet
  facet normal -1.712440e-004 -7.848455e-003  9.999692e-001
    outer loop
      vertex  6.452874e+002 -6.499231e+003  5.974854e+001
      vertex  6.203607e+002 -5.416025e+003  6.824602e+001
      vertex  6.126979e+002 -5.416025e+003  6.824471e+001
    endloop
  endfacet
  facet normal -4.675107e-003 -7.983864e-003  9.999572e-001
    outer loop
      vertex  6.452874e+002 -6.499231e+003  5.974854e+001
      vertex  6.126979e+002 -5.416025e+003  6.824471e+001
      vertex  6.372391e+002 -6.499231e+003  5.971091e+001
    endloop
  endfacet
  facet normal -5.944594e-003 -8.012571e-003  9.999503e-001
    outer loop
      vertex  6.372391e+002 -6.499231e+003  5.971091e+001
      vertex  6.126979e+002 -5.416025e+003  6.824471e+001
      vertex  6.050350e+002 -5.416025e+003  6.819915e+001
    endloop
  endfacet
  facet normal -1.101217e-002 -8.162886e-003  9.999061e-001
    outer loop
      vertex  6.372391e+002 -6.499231e+003  5.971091e+001
      vertex  6.050350e+002 -5.416025e+003  6.819915e+001
      vertex  6.308551e+002 -6.499231e+003  5.964060e+001
    endloop
  endfacet
  facet normal -1.325783e-002 -8.216197e-003  9.998784e-001
    outer loop
      vertex  6.308551e+002 -6.499231e+003  5.964060e+001
      vertex  6.050350e+002 -5.416025e+003  6.819915e+001
      vertex  5.935323e+002 -5.416025e+003  6.804663e+001
    endloop
  endfacet
  facet normal -1.824343e-002 -8.387360e-003  9.997984e-001
    outer loop
      vertex  6.308551e+002 -6.499231e+003  5.964060e+001
      vertex  5.935323e+002 -5.416025e+003  6.804663e+001
      vertex  6.209962e+002 -6.499231e+003  5.946070e+001
    endloop
  endfacet
  facet normal -2.211588e-002 -8.484917e-003  9.997194e-001
    outer loop
      vertex  6.209962e+002 -6.499231e+003  5.946070e+001
      vertex  5.935323e+002 -5.416025e+003  6.804663e+001
      vertex  5.820338e+002 -5.416025e+003  6.779226e+001
    endloop
  endfacet
  facet normal -2.710111e-002 -8.663277e-003  9.995952e-001
    outer loop
      vertex  6.209962e+002 -6.499231e+003  5.946070e+001
      vertex  5.820338e+002 -5.416025e+003  6.779226e+001
      vertex  6.111412e+002 -6.499231e+003  5.919351e+001
    endloop
  endfacet
  facet normal -3.108605e-002 -8.769429e-003  9.994782e-001
    outer loop
      vertex  6.111412e+002 -6.499231e+003  5.919351e+001
      vertex  5.820338e+002 -5.416025e+003  6.779226e+001
      vertex  5.705419e+002 -5.416025e+003  6.743484e+001
    endloop
  endfacet
  facet normal -3.606915e-002 -8.954913e-003  9.993092e-001
    outer loop
      vertex  6.111412e+002 -6.499231e+003  5.919351e+001
      vertex  5.705419e+002 -5.416025e+003  6.743484e+001
      vertex  6.012924e+002 -6.499231e+003  5.883803e+001
    endloop
  endfacet
  facet normal -4.029688e-002 -9.073641e-003  9.991466e-001
    outer loop
      vertex  6.012924e+002 -6.499231e+003  5.883803e+001
      vertex  5.705419e+002 -5.416025e+003  6.743484e+001
      vertex  5.590581e+002 -5.416025e+003  6.697168e+001
    endloop
  endfacet
  facet normal -4.527901e-002 -9.266280e-003  9.989314e-001
    outer loop
      vertex  6.012924e+002 -6.499231e+003  5.883803e+001
      vertex  5.590581e+002 -5.416025e+003  6.697168e+001
      vertex  5.914509e+002 -6.499231e+003  5.839194e+001
    endloop
  endfacet
  facet normal -5.000451e-002 -9.405798e-003  9.987047e-001
    outer loop
      vertex  5.914509e+002 -6.499231e+003  5.839194e+001
      vertex  5.590581e+002 -5.416025e+003  6.697168e+001
      vertex  5.475532e+002 -5.416025e+003  6.639564e+001
    endloop
  endfacet
  facet normal -5.476088e-002 -9.596697e-003  9.984534e-001
    outer loop
      vertex  5.914509e+002 -6.499231e+003  5.839194e+001
      vertex  5.475532e+002 -5.416025e+003  6.639564e+001
      vertex  5.820227e+002 -6.499231e+003  5.787484e+001
    endloop
  endfacet
  facet normal -6.046676e-002 -9.775663e-003  9.981223e-001
    outer loop
      vertex  5.820227e+002 -6.499231e+003  5.787484e+001
      vertex  5.475532e+002 -5.416025e+003  6.639564e+001
      vertex  5.360524e+002 -5.416025e+003  6.569891e+001
    endloop
  endfacet
  facet normal -6.472826e-002 -9.954574e-003  9.978532e-001
    outer loop
      vertex  5.820227e+002 -6.499231e+003  5.787484e+001
      vertex  5.360524e+002 -5.416025e+003  6.569891e+001
      vertex  5.725984e+002 -6.499231e+003  5.726351e+001
    endloop
  endfacet
  facet normal -7.174518e-002 -1.018756e-002  9.973710e-001
    outer loop
      vertex  5.725984e+002 -6.499231e+003  5.726351e+001
      vertex  5.360524e+002 -5.416025e+003  6.569891e+001
      vertex  5.245525e+002 -5.416025e+003  6.487167e+001
    endloop
  endfacet
  facet normal -7.544735e-002 -1.034984e-002  9.970961e-001
    outer loop
      vertex  5.725984e+002 -6.499231e+003  5.726351e+001
      vertex  5.245525e+002 -5.416025e+003  6.487167e+001
      vertex  5.631754e+002 -6.499231e+003  5.655050e+001
    endloop
  endfacet
  facet normal -8.365080e-002 -1.063729e-002  9.964383e-001
    outer loop
      vertex  5.631754e+002 -6.499231e+003  5.655050e+001
      vertex  5.245525e+002 -5.416025e+003  6.487167e+001
      vertex  5.130532e+002 -5.416025e+003  6.390631e+001
    endloop
  endfacet
  facet normal -8.782951e-002 -1.082819e-002  9.960766e-001
    outer loop
      vertex  5.631754e+002 -6.499231e+003  5.655050e+001
      vertex  5.130532e+002 -5.416025e+003  6.390631e+001
      vertex  5.520305e+002 -6.499231e+003  5.556779e+001
    endloop
  endfacet
  facet normal -9.578896e-002 -1.110893e-002  9.953397e-001
    outer loop
      vertex  5.520305e+002 -6.499231e+003  5.556779e+001
      vertex  5.130532e+002 -5.416025e+003  6.390631e+001
      vertex  5.015023e+002 -5.416025e+003  6.279468e+001
    endloop
  endfacet
  facet normal -9.873684e-002 -1.124450e-002  9.950500e-001
    outer loop
      vertex  5.520305e+002 -6.499231e+003  5.556779e+001
      vertex  5.015023e+002 -5.416025e+003  6.279468e+001
      vertex  5.454317e+002 -6.499231e+003  5.491301e+001
    endloop
  endfacet
  facet normal  2.776836e-002 -7.114438e-003  9.995890e-001
    outer loop
      vertex  6.855107e+002 -6.499231e+003  5.913445e+001
      vertex  6.663143e+002 -5.416025e+003  6.737729e+001
      vertex  6.774695e+002 -6.499231e+003  5.935783e+001
    endloop
  endfacet
  facet normal  2.929332e-002 -7.098413e-003  9.995457e-001
    outer loop
      vertex  6.774695e+002 -6.499231e+003  5.935783e+001
      vertex  6.663143e+002 -5.416025e+003  6.737729e+001
      vertex  6.510024e+002 -5.416025e+003  6.782603e+001
    endloop
  endfacet
  facet normal  2.178248e-002 -7.283422e-003  9.997362e-001
    outer loop
      vertex  6.774695e+002 -6.499231e+003  5.935783e+001
      vertex  6.510024e+002 -5.416025e+003  6.782603e+001
      vertex  6.694265e+002 -6.499231e+003  5.953307e+001
    endloop
  endfacet
  facet normal  1.912140e-002 -7.329099e-003  9.997903e-001
    outer loop
      vertex  6.694265e+002 -6.499231e+003  5.953307e+001
      vertex  6.510024e+002 -5.416025e+003  6.782603e+001
      vertex  6.356841e+002 -5.416025e+003  6.811900e+001
    endloop
  endfacet
  facet normal  1.551886e-002 -7.441808e-003  9.998518e-001
    outer loop
      vertex  6.694265e+002 -6.499231e+003  5.953307e+001
      vertex  6.356841e+002 -5.416025e+003  6.811900e+001
      vertex  6.613816e+002 -6.499231e+003  5.965794e+001
    endloop
  endfacet
  facet normal  5.922736e-002 -6.432783e-003  9.982238e-001
    outer loop
      vertex  7.376356e+002 -6.499231e+003  5.667761e+001
      vertex  7.275466e+002 -5.416025e+003  6.425665e+001
      vertex  7.283002e+002 -6.499231e+003  5.723151e+001
    endloop
  endfacet
  facet normal  6.232449e-002 -6.429406e-003  9.980353e-001
    outer loop
      vertex  7.283002e+002 -6.499231e+003  5.723151e+001
      vertex  7.275466e+002 -5.416025e+003  6.425665e+001
      vertex  7.122352e+002 -5.416025e+003  6.521280e+001
    endloop
  endfacet
  facet normal  5.434984e-002 -6.551106e-003  9.985005e-001
    outer loop
      vertex  7.283002e+002 -6.499231e+003  5.723151e+001
      vertex  7.122352e+002 -5.416025e+003  6.521280e+001
      vertex  7.189626e+002 -6.499231e+003  5.773977e+001
    endloop
  endfacet
  facet normal  5.518506e-002 -6.545602e-003  9.984546e-001
    outer loop
      vertex  7.189626e+002 -6.499231e+003  5.773977e+001
      vertex  7.122352e+002 -5.416025e+003  6.521280e+001
      vertex  6.969185e+002 -5.416025e+003  6.605936e+001
    endloop
  endfacet
  facet normal  4.913159e-002 -6.671217e-003  9.987700e-001
    outer loop
      vertex  7.189626e+002 -6.499231e+003  5.773977e+001
      vertex  6.969185e+002 -5.416025e+003  6.605936e+001
      vertex  7.096230e+002 -6.499231e+003  5.819920e+001
    endloop
  endfacet
  facet normal  4.733410e-002 -6.692929e-003  9.988567e-001
    outer loop
      vertex  7.096230e+002 -6.499231e+003  5.819920e+001
      vertex  6.969185e+002 -5.416025e+003  6.605936e+001
      vertex  6.816195e+002 -5.416025e+003  6.678436e+001
    endloop
  endfacet
  facet normal  4.269034e-002 -6.814633e-003  9.990651e-001
    outer loop
      vertex  7.096230e+002 -6.499231e+003  5.819920e+001
      vertex  6.816195e+002 -5.416025e+003  6.678436e+001
      vertex  6.975688e+002 -6.499231e+003  5.871428e+001
    endloop
  endfacet
  facet normal  3.871062e-002 -6.874437e-003  9.992269e-001
    outer loop
      vertex  6.975688e+002 -6.499231e+003  5.871428e+001
      vertex  6.816195e+002 -5.416025e+003  6.678436e+001
      vertex  6.663143e+002 -5.416025e+003  6.737729e+001
    endloop
  endfacet
  facet normal  3.482327e-002 -6.987739e-003  9.993691e-001
    outer loop
      vertex  6.975688e+002 -6.499231e+003  5.871428e+001
      vertex  6.663143e+002 -5.416025e+003  6.737729e+001
      vertex  6.855107e+002 -6.499231e+003  5.913445e+001
    endloop
  endfacet
  facet normal  9.024621e-002 -5.948875e-003  9.959018e-001
    outer loop
      vertex  8.139014e+002 -6.499231e+003  5.072316e+001
      vertex  8.117050e+002 -5.416025e+003  5.739257e+001
      vertex  8.011296e+002 -6.499231e+003  5.188051e+001
    endloop
  endfacet
  facet normal  9.173107e-002 -5.962681e-003  9.957660e-001
    outer loop
      vertex  8.011296e+002 -6.499231e+003  5.188051e+001
      vertex  8.117050e+002 -5.416025e+003  5.739257e+001
      vertex  7.887346e+002 -5.416025e+003  5.950863e+001
    endloop
  endfacet
  facet normal  8.546893e-002 -6.038258e-003  9.963226e-001
    outer loop
      vertex  8.011296e+002 -6.499231e+003  5.188051e+001
      vertex  7.887346e+002 -5.416025e+003  5.950863e+001
      vertex  7.883520e+002 -6.499231e+003  5.297663e+001
    endloop
  endfacet
  facet normal  8.612780e-002 -6.038148e-003  9.962658e-001
    outer loop
      vertex  7.883520e+002 -6.499231e+003  5.297663e+001
      vertex  7.887346e+002 -5.416025e+003  5.950863e+001
      vertex  7.771614e+002 -5.416025e+003  6.050913e+001
    endloop
  endfacet
  facet normal  8.107849e-002 -6.093256e-003  9.966891e-001
    outer loop
      vertex  7.883520e+002 -6.499231e+003  5.297663e+001
      vertex  7.771614e+002 -5.416025e+003  6.050913e+001
      vertex  7.780110e+002 -6.499231e+003  5.381784e+001
    endloop
  endfacet
  facet normal  8.224503e-002 -6.091751e-003  9.965935e-001
    outer loop
      vertex  7.780110e+002 -6.499231e+003  5.381784e+001
      vertex  7.771614e+002 -5.416025e+003  6.050913e+001
      vertex  7.655845e+002 -5.416025e+003  6.146453e+001
    endloop
  endfacet
  facet normal  7.702436e-002 -6.154584e-003  9.970102e-001
    outer loop
      vertex  7.780110e+002 -6.499231e+003  5.381784e+001
      vertex  7.655845e+002 -5.416025e+003  6.146453e+001
      vertex  7.676667e+002 -6.499231e+003  5.461700e+001
    endloop
  endfacet
  facet normal  7.823734e-002 -6.151655e-003  9.969158e-001
    outer loop
      vertex  7.676667e+002 -6.499231e+003  5.461700e+001
      vertex  7.655845e+002 -5.416025e+003  6.146453e+001
      vertex  7.542202e+002 -5.416025e+003  6.235640e+001
    endloop
  endfacet
  facet normal  7.278894e-002 -6.222236e-003  9.973280e-001
    outer loop
      vertex  7.676667e+002 -6.499231e+003  5.461700e+001
      vertex  7.542202e+002 -5.416025e+003  6.235640e+001
      vertex  7.573193e+002 -6.499231e+003  5.537220e+001
    endloop
  endfacet
  facet normal  7.406056e-002 -6.217993e-003  9.972343e-001
    outer loop
      vertex  7.573193e+002 -6.499231e+003  5.537220e+001
      vertex  7.542202e+002 -5.416025e+003  6.235640e+001
      vertex  7.428525e+002 -5.416025e+003  6.320063e+001
    endloop
  endfacet
  facet normal  6.831557e-002 -6.297680e-003  9.976439e-001
    outer loop
      vertex  7.573193e+002 -6.499231e+003  5.537220e+001
      vertex  7.428525e+002 -5.416025e+003  6.320063e+001
      vertex  7.469689e+002 -6.499231e+003  5.608096e+001
    endloop
  endfacet
  facet normal  6.882920e-002 -6.295496e-003  9.976085e-001
    outer loop
      vertex  7.469689e+002 -6.499231e+003  5.608096e+001
      vertex  7.428525e+002 -5.416025e+003  6.320063e+001
      vertex  7.275466e+002 -5.416025e+003  6.425665e+001
    endloop
  endfacet
  facet normal  6.379612e-002 -6.388261e-003  9.979425e-001
    outer loop
      vertex  7.469689e+002 -6.499231e+003  5.608096e+001
      vertex  7.275466e+002 -5.416025e+003  6.425665e+001
      vertex  7.376356e+002 -6.499231e+003  5.667761e+001
    endloop
  endfacet
  facet normal  1.160330e-001 -5.834327e-003  9.932282e-001
    outer loop
      vertex  8.805057e+002 -5.416025e+003  5.001726e+001
      vertex  8.690511e+002 -5.416025e+003  5.135543e+001
      vertex  8.649240e+002 -6.499231e+003  4.547472e+001
    endloop
  endfacet
  facet normal  1.122157e-001 -5.822164e-003  9.936668e-001
    outer loop
      vertex  8.649240e+002 -6.499231e+003  4.547472e+001
      vertex  8.690511e+002 -5.416025e+003  5.135543e+001
      vertex  8.575916e+002 -5.416025e+003  5.264956e+001
    endloop
  endfacet
  facet normal  1.096823e-001 -5.841185e-003  9.939495e-001
    outer loop
      vertex  8.649240e+002 -6.499231e+003  4.547472e+001
      vertex  8.575916e+002 -5.416025e+003  5.264956e+001
      vertex  8.521785e+002 -6.499231e+003  4.688118e+001
    endloop
  endfacet
  facet normal  1.084174e-001 -5.835603e-003  9.940883e-001
    outer loop
      vertex  8.521785e+002 -6.499231e+003  4.688118e+001
      vertex  8.575916e+002 -5.416025e+003  5.264956e+001
      vertex  8.461271e+002 -5.416025e+003  5.389991e+001
    endloop
  endfacet
  facet normal  1.047381e-001 -5.858712e-003  9.944825e-001
    outer loop
      vertex  8.521785e+002 -6.499231e+003  4.688118e+001
      vertex  8.461271e+002 -5.416025e+003  5.389991e+001
      vertex  8.394261e+002 -6.499231e+003  4.822425e+001
    endloop
  endfacet
  facet normal  1.046553e-001 -5.858245e-003  9.944913e-001
    outer loop
      vertex  8.394261e+002 -6.499231e+003  4.822425e+001
      vertex  8.461271e+002 -5.416025e+003  5.389991e+001
      vertex  8.346577e+002 -5.416025e+003  5.510689e+001
    endloop
  endfacet
  facet normal  9.984630e-002 -5.882555e-003  9.949855e-001
    outer loop
      vertex  8.394261e+002 -6.499231e+003  4.822425e+001
      vertex  8.346577e+002 -5.416025e+003  5.510689e+001
      vertex  8.266670e+002 -6.499231e+003  4.950462e+001
    endloop
  endfacet
  facet normal  9.909023e-002 -5.877368e-003  9.950611e-001
    outer loop
      vertex  8.266670e+002 -6.499231e+003  4.950462e+001
      vertex  8.346577e+002 -5.416025e+003  5.510689e+001
      vertex  8.117050e+002 -5.416025e+003  5.739257e+001
    endloop
  endfacet
  facet normal  9.502136e-002 -5.936457e-003  9.954575e-001
    outer loop
      vertex  8.266670e+002 -6.499231e+003  4.950462e+001
      vertex  8.117050e+002 -5.416025e+003  5.739257e+001
      vertex  8.139014e+002 -6.499231e+003  5.072316e+001
    endloop
  endfacet
  facet normal  1.151153e-001 -5.770682e-003  9.933354e-001
    outer loop
      vertex  8.919901e+002 -5.416025e+003  4.863087e+001
      vertex  8.649240e+002 -6.499231e+003  4.547472e+001
      vertex  8.801872e+002 -6.499231e+003  4.370590e+001
    endloop
  endfacet
  facet normal  1.198478e-001 -5.887301e-003  9.927748e-001
    outer loop
      vertex  8.649240e+002 -6.499231e+003  4.547472e+001
      vertex  8.919901e+002 -5.416025e+003  4.863087e+001
      vertex  8.805057e+002 -5.416025e+003  5.001726e+001
    endloop
  endfacet
  facet normal  1.198479e-001 -5.755416e-003  9.927756e-001
    outer loop
      vertex  8.805057e+002 -5.416025e+003  5.001726e+001
      vertex  8.919901e+002 -5.416025e+003  4.863087e+001
      vertex  9.369069e+002 -3.249615e+003  5.576782e+001
    endloop
  endfacet
  facet normal  1.283314e-001 -5.973458e-003  9.917134e-001
    outer loop
      vertex  8.805057e+002 -5.416025e+003  5.001726e+001
      vertex  9.369069e+002 -3.249615e+003  5.576782e+001
      vertex  9.074070e+002 -3.249615e+003  5.958522e+001
    endloop
  endfacet
  facet normal  1.283315e-001 -5.902454e-003  9.917138e-001
    outer loop
      vertex  9.074070e+002 -3.249615e+003  5.958522e+001
      vertex  9.369069e+002 -3.249615e+003  5.576782e+001
      vertex  9.870633e+002  0.000000e+000  6.861837e+001
    endloop
  endfacet
  facet normal  1.359829e-001 -6.087171e-003  9.906925e-001
    outer loop
      vertex  9.074070e+002 -3.249615e+003  5.958522e+001
      vertex  9.870633e+002  0.000000e+000  6.861837e+001
      vertex  9.674161e+002  0.000000e+000  7.131515e+001
    endloop
  endfacet
  facet normal  1.344032e-001 -5.828172e-003  9.909096e-001
    outer loop
      vertex  9.326396e+002 -6.499231e+003  3.695880e+001
      vertex  9.493337e+002 -5.416025e+003  4.106550e+001
      vertex  9.195381e+002 -6.499231e+003  3.873585e+001
    endloop
  endfacet
  facet normal  1.360556e-001 -5.873140e-003  9.906839e-001
    outer loop
      vertex  9.195381e+002 -6.499231e+003  3.873585e+001
      vertex  9.493337e+002 -5.416025e+003  4.106550e+001
      vertex  9.264120e+002 -5.416025e+003  4.421346e+001
    endloop
  endfacet
  facet normal  1.300046e-001 -5.838849e-003  9.914961e-001
    outer loop
      vertex  9.195381e+002 -6.499231e+003  3.873585e+001
      vertex  9.264120e+002 -5.416025e+003  4.421346e+001
      vertex  9.064288e+002 -6.499231e+003  4.045473e+001
    endloop
  endfacet
  facet normal  1.291161e-001 -5.822862e-003  9.916124e-001
    outer loop
      vertex  9.064288e+002 -6.499231e+003  4.045473e+001
      vertex  9.264120e+002 -5.416025e+003  4.421346e+001
      vertex  9.034693e+002 -5.416025e+003  4.720079e+001
    endloop
  endfacet
  facet normal  1.253717e-001 -5.836084e-003  9.920927e-001
    outer loop
      vertex  9.064288e+002 -6.499231e+003  4.045473e+001
      vertex  9.034693e+002 -5.416025e+003  4.720079e+001
      vertex  8.933118e+002 -6.499231e+003  4.211234e+001
    endloop
  endfacet
  facet normal  1.236216e-001 -5.820704e-003  9.923123e-001
    outer loop
      vertex  8.933118e+002 -6.499231e+003  4.211234e+001
      vertex  9.034693e+002 -5.416025e+003  4.720079e+001
      vertex  8.919901e+002 -5.416025e+003  4.863087e+001
    endloop
  endfacet
  facet normal  1.205305e-001 -5.826764e-003  9.926926e-001
    outer loop
      vertex  8.933118e+002 -6.499231e+003  4.211234e+001
      vertex  8.919901e+002 -5.416025e+003  4.863087e+001
      vertex  8.801872e+002 -6.499231e+003  4.370590e+001
    endloop
  endfacet
  facet normal  1.462272e-001 -5.897818e-003  9.892334e-001
    outer loop
      vertex  9.715375e+002 -6.499231e+003  3.136213e+001
      vertex  9.951885e+002 -5.416025e+003  3.432416e+001
      vertex  9.586392e+002 -6.499231e+003  3.326875e+001
    endloop
  endfacet
  facet normal  1.484143e-001 -5.971294e-003  9.889073e-001
    outer loop
      vertex  9.586392e+002 -6.499231e+003  3.326875e+001
      vertex  9.951885e+002 -5.416025e+003  3.432416e+001
      vertex  9.722346e+002 -5.416025e+003  3.776905e+001
    endloop
  endfacet
  facet normal  1.424940e-001 -5.900607e-003  9.897780e-001
    outer loop
      vertex  9.586392e+002 -6.499231e+003  3.326875e+001
      vertex  9.722346e+002 -5.416025e+003  3.776905e+001
      vertex  9.457336e+002 -6.499231e+003  3.512671e+001
    endloop
  endfacet
  facet normal  1.424732e-001 -5.900105e-003  9.897811e-001
    outer loop
      vertex  9.457336e+002 -6.499231e+003  3.512671e+001
      vertex  9.722346e+002 -5.416025e+003  3.776905e+001
      vertex  9.493337e+002 -5.416025e+003  4.106550e+001
    endloop
  endfacet
  facet normal  1.385666e-001 -5.890161e-003  9.903356e-001
    outer loop
      vertex  9.457336e+002 -6.499231e+003  3.512671e+001
      vertex  9.493337e+002 -5.416025e+003  4.106550e+001
      vertex  9.326396e+002 -6.499231e+003  3.695880e+001
    endloop
  endfacet
  facet normal  1.571404e-001 -6.014085e-003  9.875579e-001
    outer loop
      vertex  1.011190e+003 -6.499231e+003  2.520164e+001
      vertex  1.041036e+003 -5.416025e+003  2.704918e+001
      vertex  9.979800e+002 -6.499231e+003  2.730361e+001
    endloop
  endfacet
  facet normal  1.594202e-001 -6.104790e-003  9.871919e-001
    outer loop
      vertex  9.979800e+002 -6.499231e+003  2.730361e+001
      vertex  1.041036e+003 -5.416025e+003  2.704918e+001
      vertex  1.018122e+003 -5.416025e+003  3.074944e+001
    endloop
  endfacet
  facet normal  1.535234e-001 -5.998115e-003  9.881268e-001
    outer loop
      vertex  9.979800e+002 -6.499231e+003  2.730361e+001
      vertex  1.018122e+003 -5.416025e+003  3.074944e+001
      vertex  9.847626e+002 -6.499231e+003  2.935718e+001
    endloop
  endfacet
  facet normal  1.540103e-001 -6.013012e-003  9.880509e-001
    outer loop
      vertex  9.847626e+002 -6.499231e+003  2.935718e+001
      vertex  1.018122e+003 -5.416025e+003  3.074944e+001
      vertex  9.951885e+002 -5.416025e+003  3.432416e+001
    endloop
  endfacet
  facet normal  1.498875e-001 -5.976236e-003  9.886850e-001
    outer loop
      vertex  9.847626e+002 -6.499231e+003  2.935718e+001
      vertex  9.951885e+002 -5.416025e+003  3.432416e+001
      vertex  9.715375e+002 -6.499231e+003  3.136213e+001
    endloop
  endfacet
  facet normal  1.691794e-001 -6.243333e-003  9.855656e-001
    outer loop
      vertex  1.053922e+003 -6.499231e+003  1.804945e+001
      vertex  1.086883e+003 -5.416025e+003  1.925341e+001
      vertex  1.039163e+003 -6.499231e+003  2.058304e+001
    endloop
  endfacet
  facet normal  1.704215e-001 -6.298316e-003  9.853511e-001
    outer loop
      vertex  1.039163e+003 -6.499231e+003  2.058304e+001
      vertex  1.086883e+003 -5.416025e+003  1.925341e+001
      vertex  1.063928e+003 -5.416025e+003  2.322348e+001
    endloop
  endfacet
  facet normal  1.647811e-001 -6.171698e-003  9.863108e-001
    outer loop
      vertex  1.039163e+003 -6.499231e+003  2.058304e+001
      vertex  1.063928e+003 -5.416025e+003  2.322348e+001
      vertex  1.024392e+003 -6.499231e+003  2.305077e+001
    endloop
  endfacet
  facet normal  1.648237e-001 -6.173251e-003  9.863037e-001
    outer loop
      vertex  1.024392e+003 -6.499231e+003  2.305077e+001
      vertex  1.063928e+003 -5.416025e+003  2.322348e+001
      vertex  1.041036e+003 -5.416025e+003  2.704918e+001
    endloop
  endfacet
  facet normal  1.607973e-001 -6.113839e-003  9.869685e-001
    outer loop
      vertex  1.024392e+003 -6.499231e+003  2.305077e+001
      vertex  1.041036e+003 -5.416025e+003  2.704918e+001
      vertex  1.011190e+003 -6.499231e+003  2.520164e+001
    endloop
  endfacet
  facet normal  1.738129e-001 -6.327252e-003  9.847584e-001
    outer loop
      vertex  1.053922e+003 -6.499231e+003  1.804945e+001
      vertex  1.068670e+003 -6.499231e+003  1.544646e+001
      vertex  1.109813e+003 -5.416025e+003  1.514441e+001
    endloop
  endfacet
  facet normal  1.786797e-001 -6.512345e-003  9.838857e-001
    outer loop
      vertex  1.109813e+003 -5.416025e+003  1.514441e+001
      vertex  1.068670e+003 -6.499231e+003  1.544646e+001
      vertex  1.083404e+003 -6.499231e+003  1.277058e+001
    endloop
  endfacet
  facet normal  1.827652e-001 -6.610305e-003  9.831343e-001
    outer loop
      vertex  1.109813e+003 -5.416025e+003  1.514441e+001
      vertex  1.083404e+003 -6.499231e+003  1.277058e+001
      vertex  1.132716e+003 -5.416025e+003  1.088676e+001
    endloop
  endfacet
  facet normal  1.845929e-001 -6.694102e-003  9.827923e-001
    outer loop
      vertex  1.132716e+003 -5.416025e+003  1.088676e+001
      vertex  1.083404e+003 -6.499231e+003  1.277058e+001
      vertex  1.103031e+003 -6.499231e+003  9.084241e+000
    endloop
  endfacet
  facet normal  1.894916e-001 -6.826794e-003  9.818587e-001
    outer loop
      vertex  1.132716e+003 -5.416025e+003  1.088676e+001
      vertex  1.103031e+003 -6.499231e+003  9.084241e+000
      vertex  1.155589e+003 -5.416025e+003  6.472431e+000
    endloop
  endfacet
  facet normal  1.914781e-001 -6.924110e-003  9.814724e-001
    outer loop
      vertex  1.155589e+003 -5.416025e+003  6.472431e+000
      vertex  1.103031e+003 -6.499231e+003  9.084241e+000
      vertex  1.122700e+003 -6.499231e+003  5.246951e+000
    endloop
  endfacet
  facet normal  1.963694e-001 -7.071527e-003  9.805045e-001
    outer loop
      vertex  1.155589e+003 -5.416025e+003  6.472431e+000
      vertex  1.122700e+003 -6.499231e+003  5.246951e+000
      vertex  1.178513e+003 -5.416025e+003  1.881363e+000
    endloop
  endfacet
  facet normal  1.982570e-001 -7.169968e-003  9.801239e-001
    outer loop
      vertex  1.178513e+003 -5.416025e+003  1.881363e+000
      vertex  1.122700e+003 -6.499231e+003  5.246951e+000
      vertex  1.142342e+003 -6.499231e+003  1.273848e+000
    endloop
  endfacet
  facet normal  2.031419e-001 -7.332525e-003  9.791219e-001
    outer loop
      vertex  1.178513e+003 -5.416025e+003  1.881363e+000
      vertex  1.142342e+003 -6.499231e+003  1.273848e+000
      vertex  1.201404e+003 -5.416025e+003 -2.867988e+000
    endloop
  endfacet
  facet normal  2.048387e-001 -7.426398e-003  9.787676e-001
    outer loop
      vertex  1.201404e+003 -5.416025e+003 -2.867988e+000
      vertex  1.142342e+003 -6.499231e+003  1.273848e+000
      vertex  1.162008e+003 -6.499231e+003 -2.841952e+000
    endloop
  endfacet
  facet normal  2.097162e-001 -7.603817e-003  9.777327e-001
    outer loop
      vertex  1.201404e+003 -5.416025e+003 -2.867988e+000
      vertex  1.162008e+003 -6.499231e+003 -2.841952e+000
      vertex  1.224323e+003 -5.416025e+003 -7.783953e+000
    endloop
  endfacet
  facet normal -9.607251e-001 -5.831881e-002  2.713046e-001
    outer loop
      vertex  5.284841e-001 -9.094947e-013  7.181767e+000
      vertex  1.975354e+002 -3.249615e+003  6.281785e+000
      vertex  1.198829e+000 -9.094947e-013  9.555507e+000
    endloop
  endfacet
  facet normal -9.466786e-001 -5.751618e-002  3.170039e-001
    outer loop
      vertex  1.198829e+000 -9.094947e-013  9.555507e+000
      vertex  1.975354e+002 -3.249615e+003  6.281785e+000
      vertex  1.982282e+002 -3.249615e+003  8.350517e+000
    endloop
  endfacet
  facet normal -9.373848e-001 -5.696255e-002  3.436062e-001
    outer loop
      vertex  1.198829e+000 -9.094947e-013  9.555507e+000
      vertex  1.982282e+002 -3.249615e+003  8.350517e+000
      vertex  1.773866e+000 -9.094947e-013  1.112427e+001
    endloop
  endfacet
  facet normal -9.170792e-001 -5.577866e-002  3.947842e-001
    outer loop
      vertex  1.773866e+000 -9.094947e-013  1.112427e+001
      vertex  1.982282e+002 -3.249615e+003  8.350517e+000
      vertex  1.988081e+002 -3.249615e+003  9.697642e+000
    endloop
  endfacet
  facet normal -9.164284e-001 -5.573987e-002  3.962978e-001
    outer loop
      vertex  1.773866e+000 -9.094947e-013  1.112427e+001
      vertex  1.988081e+002 -3.249615e+003  9.697642e+000
      vertex  2.446176e+000 -9.094947e-013  1.267899e+001
    endloop
  endfacet
  facet normal -8.915645e-001 -5.428636e-002  4.496286e-001
    outer loop
      vertex  2.446176e+000 -9.094947e-013  1.267899e+001
      vertex  1.988081e+002 -3.249615e+003  9.697642e+000
      vertex  1.994792e+002 -3.249615e+003  1.102841e+001
    endloop
  endfacet
  facet normal -8.941683e-001 -5.444158e-002  4.444089e-001
    outer loop
      vertex  2.446176e+000 -9.094947e-013  1.267899e+001
      vertex  1.994792e+002 -3.249615e+003  1.102841e+001
      vertex  3.210664e+000 -9.094947e-013  1.421715e+001
    endloop
  endfacet
  facet normal -8.068234e-001 -4.933324e-002  5.887293e-001
    outer loop
      vertex  3.968680e+002 -6.499231e+003  9.605700e+000
      vertex  3.326182e+002 -5.416025e+003  1.232306e+001
      vertex  3.314108e+002 -5.416025e+003  1.066843e+001
    endloop
  endfacet
  facet normal -8.068227e-001 -4.935059e-002  5.887288e-001
    outer loop
      vertex  3.314108e+002 -5.416025e+003  1.066843e+001
      vertex  3.326182e+002 -5.416025e+003  1.232306e+001
      vertex  2.022591e+002 -3.249615e+003  1.527340e+001
    endloop
  endfacet
  facet normal -8.082762e-001 -4.943297e-002  5.867247e-001
    outer loop
      vertex  3.314108e+002 -5.416025e+003  1.066843e+001
      vertex  2.022591e+002 -3.249615e+003  1.527340e+001
      vertex  2.011091e+002 -3.249615e+003  1.368913e+001
    endloop
  endfacet
  facet normal -8.082761e-001 -4.943639e-002  5.867247e-001
    outer loop
      vertex  2.011091e+002 -3.249615e+003  1.368913e+001
      vertex  2.022591e+002 -3.249615e+003  1.527340e+001
      vertex  6.233055e+000 -9.094947e-013  1.903336e+001
    endloop
  endfacet
  facet normal -8.211571e-001 -5.017887e-002  5.684921e-001
    outer loop
      vertex  2.011091e+002 -3.249615e+003  1.368913e+001
      vertex  6.233055e+000 -9.094947e-013  1.903336e+001
      vertex  5.101867e+000 -9.094947e-013  1.739942e+001
    endloop
  endfacet
  facet normal -7.962147e-001 -4.872771e-002  6.030486e-001
    outer loop
      vertex  6.233055e+000 -9.094947e-013  1.903336e+001
      vertex  2.022591e+002 -3.249615e+003  1.527340e+001
      vertex  7.446499e+000 -9.094947e-013  2.063550e+001
    endloop
  endfacet
  facet normal -7.769181e-001 -4.761172e-002  6.277988e-001
    outer loop
      vertex  7.446499e+000 -9.094947e-013  2.063550e+001
      vertex  2.022591e+002 -3.249615e+003  1.527340e+001
      vertex  2.035050e+002 -3.249615e+003  1.681517e+001
    endloop
  endfacet
  facet normal -7.721630e-001 -4.733172e-002  6.336592e-001
    outer loop
      vertex  7.446499e+000 -9.094947e-013  2.063550e+001
      vertex  2.035050e+002 -3.249615e+003  1.681517e+001
      vertex  8.733175e+000 -9.094947e-013  2.220341e+001
    endloop
  endfacet
  facet normal -7.471019e-001 -4.587850e-002  6.631243e-001
    outer loop
      vertex  8.733175e+000 -9.094947e-013  2.220341e+001
      vertex  2.035050e+002 -3.249615e+003  1.681517e+001
      vertex  2.048500e+002 -3.249615e+003  1.833053e+001
    endloop
  endfacet
  facet normal -7.383016e-001 -4.535909e-002  6.729437e-001
    outer loop
      vertex  8.733175e+000 -9.094947e-013  2.220341e+001
      vertex  2.048500e+002 -3.249615e+003  1.833053e+001
      vertex  1.149003e+001 -9.094947e-013  2.522803e+001
    endloop
  endfacet
  facet normal -7.190636e-001 -4.425810e-002  6.935335e-001
    outer loop
      vertex  1.149003e+001 -9.094947e-013  2.522803e+001
      vertex  2.048500e+002 -3.249615e+003  1.833053e+001
      vertex  2.062627e+002 -3.249615e+003  1.979518e+001
    endloop
  endfacet
  facet normal -7.031101e-001 -4.332901e-002  7.097597e-001
    outer loop
      vertex  1.149003e+001 -9.094947e-013  2.522803e+001
      vertex  2.062627e+002 -3.249615e+003  1.979518e+001
      vertex  1.347173e+001 -9.094947e-013  2.719115e+001
    endloop
  endfacet
  facet normal -3.788562e-001 -2.502176e-002  9.251173e-001
    outer loop
      vertex  6.503529e+001  0.000000e+000  5.702336e+001
      vertex  5.996778e+001  0.000000e+000  5.494810e+001
      vertex  2.416802e+002 -3.249615e+003  4.147063e+001
    endloop
  endfacet
  facet normal -3.941582e-001 -2.585072e-002  9.186790e-001
    outer loop
      vertex  2.416802e+002 -3.249615e+003  4.147063e+001
      vertex  5.996778e+001  0.000000e+000  5.494810e+001
      vertex  5.462499e+001  0.000000e+000  5.265578e+001
    endloop
  endfacet
  facet normal -3.994944e-001 -2.614992e-002  9.163626e-001
    outer loop
      vertex  2.416802e+002 -3.249615e+003  4.147063e+001
      vertex  5.462499e+001  0.000000e+000  5.265578e+001
      vertex  2.376832e+002 -3.249615e+003  3.972813e+001
    endloop
  endfacet
  facet normal -4.119831e-001 -2.683129e-002  9.107963e-001
    outer loop
      vertex  2.376832e+002 -3.249615e+003  3.972813e+001
      vertex  5.462499e+001  0.000000e+000  5.265578e+001
      vertex  4.940246e+001  4.547474e-013  5.029346e+001
    endloop
  endfacet
  facet normal -4.172709e-001 -2.712979e-002  9.083772e-001
    outer loop
      vertex  2.376832e+002 -3.249615e+003  3.972813e+001
      vertex  4.940246e+001  4.547474e-013  5.029346e+001
      vertex  2.337768e+002 -3.249615e+003  3.793367e+001
    endloop
  endfacet
  facet normal -4.312229e-001 -2.789643e-002  9.018140e-001
    outer loop
      vertex  2.337768e+002 -3.249615e+003  3.793367e+001
      vertex  4.940246e+001  4.547474e-013  5.029346e+001
      vertex  4.499969e+001  0.000000e+000  4.818818e+001
    endloop
  endfacet
  facet normal -4.364594e-001 -2.819264e-002  8.992822e-001
    outer loop
      vertex  2.337768e+002 -3.249615e+003  3.793367e+001
      vertex  4.499969e+001  0.000000e+000  4.818818e+001
      vertex  2.304841e+002 -3.249615e+003  3.633561e+001
    endloop
  endfacet
  facet normal -4.520503e-001 -2.905424e-002  8.915191e-001
    outer loop
      vertex  2.304841e+002 -3.249615e+003  3.633561e+001
      vertex  4.499969e+001  0.000000e+000  4.818818e+001
      vertex  4.068127e+001  0.000000e+000  4.599850e+001
    endloop
  endfacet
  facet normal -4.572254e-001 -2.934861e-002  8.888665e-001
    outer loop
      vertex  2.304841e+002 -3.249615e+003  3.633561e+001
      vertex  4.068127e+001  0.000000e+000  4.599850e+001
      vertex  2.272551e+002 -3.249615e+003  3.467462e+001
    endloop
  endfacet
  facet normal -4.733867e-001 -3.024677e-002  8.803353e-001
    outer loop
      vertex  2.272551e+002 -3.249615e+003  3.467462e+001
      vertex  4.068127e+001  0.000000e+000  4.599850e+001
      vertex  3.731932e+001  4.547474e-013  4.419066e+001
    endloop
  endfacet
  facet normal -4.836846e-001 -3.083216e-002  8.746991e-001
    outer loop
      vertex  2.272551e+002 -3.249615e+003  3.467462e+001
      vertex  3.731932e+001  4.547474e-013  4.419066e+001
      vertex  2.234926e+002 -3.249615e+003  3.259409e+001
    endloop
  endfacet
  facet normal -3.387736e-001 -2.285101e-002  9.405904e-001
    outer loop
      vertex  7.535142e+001  0.000000e+000  6.098641e+001
      vertex  2.570844e+002 -3.249615e+003  4.749418e+001
      vertex  8.055376e+001  0.000000e+000  6.286015e+001
    endloop
  endfacet
  facet normal -3.254514e-001 -2.214957e-002  9.452993e-001
    outer loop
      vertex  8.055376e+001  0.000000e+000  6.286015e+001
      vertex  2.570844e+002 -3.249615e+003  4.749418e+001
      vertex  2.645508e+002 -3.249615e+003  5.006477e+001
    endloop
  endfacet
  facet normal -3.247621e-001 -2.211147e-002  9.455372e-001
    outer loop
      vertex  8.055376e+001  0.000000e+000  6.286015e+001
      vertex  2.645508e+002 -3.249615e+003  5.006477e+001
      vertex  8.657663e+001  0.000000e+000  6.492881e+001
    endloop
  endfacet
  facet normal -2.676835e-001 -1.912735e-002  9.633170e-001
    outer loop
      vertex  1.136716e+002  4.547474e-013  7.307280e+001
      vertex  1.070679e+002  0.000000e+000  7.123777e+001
      vertex  2.794039e+002 -3.249615e+003  5.460251e+001
    endloop
  endfacet
  facet normal -2.799913e-001 -1.976206e-002  9.597991e-001
    outer loop
      vertex  2.794039e+002 -3.249615e+003  5.460251e+001
      vertex  1.070679e+002  0.000000e+000  7.123777e+001
      vertex  9.983673e+001  4.547474e-013  6.912831e+001
    endloop
  endfacet
  facet normal -2.819656e-001 -1.986856e-002  9.592189e-001
    outer loop
      vertex  2.794039e+002 -3.249615e+003  5.460251e+001
      vertex  9.983673e+001  4.547474e-013  6.912831e+001
      vertex  2.719880e+002 -3.249615e+003  5.242258e+001
    endloop
  endfacet
  facet normal -2.949444e-001 -2.053594e-002  9.552937e-001
    outer loop
      vertex  2.719880e+002 -3.249615e+003  5.242258e+001
      vertex  9.983673e+001  4.547474e-013  6.912831e+001
      vertex  9.258790e+001  4.547474e-013  6.689025e+001
    endloop
  endfacet
  facet normal -3.021422e-001 -2.092325e-002  9.530333e-001
    outer loop
      vertex  2.719880e+002 -3.249615e+003  5.242258e+001
      vertex  9.258790e+001  4.547474e-013  6.689025e+001
      vertex  2.645508e+002 -3.249615e+003  5.006477e+001
    endloop
  endfacet
  facet normal -2.428256e-001 -1.786121e-002  9.699054e-001
    outer loop
      vertex  3.015839e+002 -3.249615e+003  6.042957e+001
      vertex  1.333873e+002 -4.547474e-013  7.816286e+001
      vertex  2.941791e+002 -3.249615e+003  5.857570e+001
    endloop
  endfacet
  facet normal -2.459289e-001 -1.801003e-002  9.691206e-001
    outer loop
      vertex  2.941791e+002 -3.249615e+003  5.857570e+001
      vertex  1.333873e+002 -4.547474e-013  7.816286e+001
      vertex  1.202907e+002 -4.547474e-013  7.483942e+001
    endloop
  endfacet
  facet normal -2.533488e-001 -1.839746e-002  9.672000e-001
    outer loop
      vertex  2.941791e+002 -3.249615e+003  5.857570e+001
      vertex  1.202907e+002 -4.547474e-013  7.483942e+001
      vertex  2.868333e+002 -3.249615e+003  5.665155e+001
    endloop
  endfacet
  facet normal -2.578252e-001 -1.862023e-002  9.660122e-001
    outer loop
      vertex  2.868333e+002 -3.249615e+003  5.665155e+001
      vertex  1.202907e+002 -4.547474e-013  7.483942e+001
      vertex  1.136716e+002  4.547474e-013  7.307280e+001
    endloop
  endfacet
  facet normal -2.658260e-001 -1.903555e-002  9.638331e-001
    outer loop
      vertex  2.868333e+002 -3.249615e+003  5.665155e+001
      vertex  1.136716e+002  4.547474e-013  7.307280e+001
      vertex  2.794039e+002 -3.249615e+003  5.460251e+001
    endloop
  endfacet
  facet normal -1.382760e-001 -1.296614e-002  9.903089e-001
    outer loop
      vertex  2.292193e+002 -4.547474e-013  9.624608e+001
      vertex  2.193160e+002 -4.547474e-013  9.486330e+001
      vertex  3.610111e+002 -3.249615e+003  7.210076e+001
    endloop
  endfacet
  facet normal -1.474179e-001 -1.335548e-002  9.889840e-001
    outer loop
      vertex  3.610111e+002 -3.249615e+003  7.210076e+001
      vertex  2.193160e+002 -4.547474e-013  9.486330e+001
      vertex  2.094197e+002 -9.094947e-013  9.338815e+001
    endloop
  endfacet
  facet normal -1.531695e-001 -1.361804e-002  9.881061e-001
    outer loop
      vertex  3.610111e+002 -3.249615e+003  7.210076e+001
      vertex  2.094197e+002 -9.094947e-013  9.338815e+001
      vertex  3.535957e+002 -3.249615e+003  7.095127e+001
    endloop
  endfacet
  facet normal -1.575615e-001 -1.380811e-002  9.874126e-001
    outer loop
      vertex  3.535957e+002 -3.249615e+003  7.095127e+001
      vertex  2.094197e+002 -9.094947e-013  9.338815e+001
      vertex  1.995255e+002 -4.547474e-013  9.180933e+001
    endloop
  endfacet
  facet normal -1.633030e-001 -1.407431e-002  9.864756e-001
    outer loop
      vertex  3.535957e+002 -3.249615e+003  7.095127e+001
      vertex  1.995255e+002 -4.547474e-013  9.180933e+001
      vertex  3.461823e+002 -3.249615e+003  6.972404e+001
    endloop
  endfacet
  facet normal -1.705319e-001 -1.439220e-002  9.852471e-001
    outer loop
      vertex  3.461823e+002 -3.249615e+003  6.972404e+001
      vertex  1.995255e+002 -4.547474e-013  9.180933e+001
      vertex  1.863314e+002 -9.094947e-013  8.952563e+001
    endloop
  endfacet
  facet normal -1.762595e-001 -1.466778e-002  9.842345e-001
    outer loop
      vertex  3.461823e+002 -3.249615e+003  6.972404e+001
      vertex  1.863314e+002 -9.094947e-013  8.952563e+001
      vertex  3.362973e+002 -3.249615e+003  6.795380e+001
    endloop
  endfacet
  facet normal -1.863238e-001 -1.511987e-002  9.823720e-001
    outer loop
      vertex  3.362973e+002 -3.249615e+003  6.795380e+001
      vertex  1.863314e+002 -9.094947e-013  8.952563e+001
      vertex  1.731370e+002 -4.547474e-013  8.702308e+001
    endloop
  endfacet
  facet normal -1.920352e-001 -1.540015e-002  9.812673e-001
    outer loop
      vertex  3.362973e+002 -3.249615e+003  6.795380e+001
      vertex  1.731370e+002 -4.547474e-013  8.702308e+001
      vertex  3.264128e+002 -3.249615e+003  6.601941e+001
    endloop
  endfacet
  facet normal -2.024094e-001 -1.587594e-002  9.791722e-001
    outer loop
      vertex  3.264128e+002 -3.249615e+003  6.601941e+001
      vertex  1.731370e+002 -4.547474e-013  8.702308e+001
      vertex  1.599577e+002 -9.094947e-013  8.429874e+001
    endloop
  endfacet
  facet normal -2.081017e-001 -1.616077e-002  9.779737e-001
    outer loop
      vertex  3.264128e+002 -3.249615e+003  6.601941e+001
      vertex  1.599577e+002 -9.094947e-013  8.429874e+001
      vertex  3.165408e+002 -3.249615e+003  6.391875e+001
    endloop
  endfacet
  facet normal -2.178890e-001 -1.661894e-002  9.758320e-001
    outer loop
      vertex  3.165408e+002 -3.249615e+003  6.391875e+001
      vertex  1.599577e+002 -9.094947e-013  8.429874e+001
      vertex  1.466203e+002 -4.547474e-013  8.132069e+001
    endloop
  endfacet
  facet normal -2.217176e-001 -1.681450e-002  9.749659e-001
    outer loop
      vertex  3.165408e+002 -3.249615e+003  6.391875e+001
      vertex  1.466203e+002 -4.547474e-013  8.132069e+001
      vertex  3.090428e+002 -3.249615e+003  6.221362e+001
    endloop
  endfacet
  facet normal -2.320793e-001 -1.731815e-002  9.725427e-001
    outer loop
      vertex  3.090428e+002 -3.249615e+003  6.221362e+001
      vertex  1.466203e+002 -4.547474e-013  8.132069e+001
      vertex  1.333873e+002 -4.547474e-013  7.816286e+001
    endloop
  endfacet
  facet normal -2.325878e-001 -1.734504e-002  9.724208e-001
    outer loop
      vertex  3.090428e+002 -3.249615e+003  6.221362e+001
      vertex  1.333873e+002 -4.547474e-013  7.816286e+001
      vertex  3.015839e+002 -3.249615e+003  6.042957e+001
    endloop
  endfacet
  facet normal -6.554148e-002 -1.001778e-002  9.977996e-001
    outer loop
      vertex  3.437155e+002  4.547474e-013  1.073776e+002
      vertex  3.309412e+002  4.547474e-013  1.065386e+002
      vertex  4.498913e+002 -3.249615e+003  8.172619e+001
    endloop
  endfacet
  facet normal -7.335623e-002 -1.029966e-002  9.972526e-001
    outer loop
      vertex  4.498913e+002 -3.249615e+003  8.172619e+001
      vertex  3.309412e+002  4.547474e-013  1.065386e+002
      vertex  3.181668e+002  9.094947e-013  1.055989e+002
    endloop
  endfacet
  facet normal -7.702367e-002 -1.044628e-002  9.969746e-001
    outer loop
      vertex  4.498913e+002 -3.249615e+003  8.172619e+001
      vertex  3.181668e+002  9.094947e-013  1.055989e+002
      vertex  4.350986e+002 -3.249615e+003  8.058334e+001
    endloop
  endfacet
  facet normal -8.337386e-002 -1.067083e-002  9.964613e-001
    outer loop
      vertex  4.350986e+002 -3.249615e+003  8.058334e+001
      vertex  3.181668e+002  9.094947e-013  1.055989e+002
      vertex  2.983424e+002  4.547474e-013  1.039402e+002
    endloop
  endfacet
  facet normal -8.916902e-002 -1.091108e-002  9.959568e-001
    outer loop
      vertex  4.350986e+002 -3.249615e+003  8.058334e+001
      vertex  2.983424e+002  4.547474e-013  1.039402e+002
      vertex  4.202383e+002 -3.249615e+003  7.925288e+001
    endloop
  endfacet
  facet normal -9.532423e-002 -1.113762e-002  9.953840e-001
    outer loop
      vertex  4.202383e+002 -3.249615e+003  7.925288e+001
      vertex  2.983424e+002  4.547474e-013  1.039402e+002
      vertex  2.785475e+002  0.000000e+000  1.020445e+002
    endloop
  endfacet
  facet normal -1.011137e-001 -1.138603e-002  9.948097e-001
    outer loop
      vertex  4.202383e+002 -3.249615e+003  7.925288e+001
      vertex  2.785475e+002  0.000000e+000  1.020445e+002
      vertex  4.054012e+002 -3.249615e+003  7.774482e+001
    endloop
  endfacet
  facet normal -1.071328e-001 -1.161626e-002  9.941768e-001
    outer loop
      vertex  4.054012e+002 -3.249615e+003  7.774482e+001
      vertex  2.785475e+002  0.000000e+000  1.020445e+002
      vertex  2.588067e+002  4.547474e-013  9.991723e+001
    endloop
  endfacet
  facet normal -1.129141e-001 -1.187267e-002  9.935338e-001
    outer loop
      vertex  4.054012e+002 -3.249615e+003  7.774482e+001
      vertex  2.588067e+002  4.547474e-013  9.991723e+001
      vertex  3.906056e+002 -3.249615e+003  7.606332e+001
    endloop
  endfacet
  facet normal -1.195867e-001 -1.213755e-002  9.927496e-001
    outer loop
      vertex  3.906056e+002 -3.249615e+003  7.606332e+001
      vertex  2.588067e+002  4.547474e-013  9.991723e+001
      vertex  2.391344e+002 -4.547474e-013  9.754750e+001
    endloop
  endfacet
  facet normal -1.253600e-001 -1.240192e-002  9.920338e-001
    outer loop
      vertex  3.906056e+002 -3.249615e+003  7.606332e+001
      vertex  2.391344e+002 -4.547474e-013  9.754750e+001
      vertex  3.758625e+002 -3.249615e+003  7.420028e+001
    endloop
  endfacet
  facet normal -1.301296e-001 -1.259817e-002  9.914170e-001
    outer loop
      vertex  3.758625e+002 -3.249615e+003  7.420028e+001
      vertex  2.391344e+002 -4.547474e-013  9.754750e+001
      vertex  2.292193e+002 -4.547474e-013  9.624608e+001
    endloop
  endfacet
  facet normal -1.399651e-001 -1.303288e-002  9.900707e-001
    outer loop
      vertex  3.758625e+002 -3.249615e+003  7.420028e+001
      vertex  2.292193e+002 -4.547474e-013  9.624608e+001
      vertex  3.610111e+002 -3.249615e+003  7.210076e+001
    endloop
  endfacet
  facet normal -4.266071e-002 -9.219646e-003  9.990470e-001
    outer loop
      vertex  3.839373e+002  0.000000e+000  1.093981e+002
      vertex  3.707834e+002  4.547474e-013  1.088365e+002
      vertex  4.794760e+002 -3.249615e+003  8.348890e+001
    endloop
  endfacet
  facet normal -4.993314e-002 -9.460246e-003  9.987077e-001
    outer loop
      vertex  4.794760e+002 -3.249615e+003  8.348890e+001
      vertex  3.707834e+002  4.547474e-013  1.088365e+002
      vertex  3.572498e+002  4.547474e-013  1.081598e+002
    endloop
  endfacet
  facet normal -5.382875e-002 -9.605222e-003  9.985039e-001
    outer loop
      vertex  4.794760e+002 -3.249615e+003  8.348890e+001
      vertex  3.572498e+002  4.547474e-013  1.081598e+002
      vertex  4.646836e+002 -3.249615e+003  8.269145e+001
    endloop
  endfacet
  facet normal -5.769166e-002 -9.731233e-003  9.982871e-001
    outer loop
      vertex  4.646836e+002 -3.249615e+003  8.269145e+001
      vertex  3.572498e+002  4.547474e-013  1.081598e+002
      vertex  3.437155e+002  4.547474e-013  1.073776e+002
    endloop
  endfacet
  facet normal -6.511272e-002 -1.000400e-002  9.978278e-001
    outer loop
      vertex  4.646836e+002 -3.249615e+003  8.269145e+001
      vertex  3.437155e+002  4.547474e-013  1.073776e+002
      vertex  4.498913e+002 -3.249615e+003  8.172619e+001
    endloop
  endfacet
  facet normal -2.317988e-002 -8.588970e-003  9.996944e-001
    outer loop
      vertex  4.233575e+002  0.000000e+000  1.105611e+002
      vertex  4.102233e+002  0.000000e+000  1.102566e+002
      vertex  5.090410e+002 -3.249615e+003  8.462846e+001
    endloop
  endfacet
  facet normal -2.940195e-002 -8.776873e-003  9.995291e-001
    outer loop
      vertex  5.090410e+002 -3.249615e+003  8.462846e+001
      vertex  4.102233e+002  0.000000e+000  1.102566e+002
      vertex  3.970943e+002  4.547474e-013  1.098704e+002
    endloop
  endfacet
  facet normal -3.365367e-002 -8.922290e-003  9.993937e-001
    outer loop
      vertex  5.090410e+002 -3.249615e+003  8.462846e+001
      vertex  3.970943e+002  4.547474e-013  1.098704e+002
      vertex  4.942726e+002 -3.249615e+003  8.413115e+001
    endloop
  endfacet
  facet normal -3.586636e-002 -8.987846e-003  9.993162e-001
    outer loop
      vertex  4.942726e+002 -3.249615e+003  8.413115e+001
      vertex  3.970943e+002  4.547474e-013  1.098704e+002
      vertex  3.839373e+002  0.000000e+000  1.093981e+002
    endloop
  endfacet
  facet normal -4.336256e-002 -9.240039e-003  9.990167e-001
    outer loop
      vertex  4.942726e+002 -3.249615e+003  8.413115e+001
      vertex  3.839373e+002  0.000000e+000  1.093981e+002
      vertex  4.794760e+002 -3.249615e+003  8.348890e+001
    endloop
  endfacet
  facet normal -5.210089e-003 -8.055161e-003  9.999540e-001
    outer loop
      vertex  4.627865e+002  4.547474e-013  1.110008e+002
      vertex  4.496401e+002  4.547474e-013  1.109323e+002
      vertex  5.386046e+002 -3.249615e+003  8.521849e+001
    endloop
  endfacet
  facet normal -1.113413e-002 -8.216949e-003  9.999043e-001
    outer loop
      vertex  5.386046e+002 -3.249615e+003  8.521849e+001
      vertex  4.496401e+002  4.547474e-013  1.109323e+002
      vertex  4.364967e+002  4.547474e-013  1.107860e+002
    endloop
  endfacet
  facet normal -1.546832e-002 -8.352673e-003  9.998454e-001
    outer loop
      vertex  5.386046e+002 -3.249615e+003  8.521849e+001
      vertex  4.364967e+002  4.547474e-013  1.107860e+002
      vertex  5.238189e+002 -3.249615e+003  8.498975e+001
    endloop
  endfacet
  facet normal -1.711179e-002 -8.396620e-003  9.998183e-001
    outer loop
      vertex  5.238189e+002 -3.249615e+003  8.498975e+001
      vertex  4.364967e+002  4.547474e-013  1.107860e+002
      vertex  4.233575e+002  0.000000e+000  1.105611e+002
    endloop
  endfacet
  facet normal -2.443933e-002 -8.621937e-003  9.996642e-001
    outer loop
      vertex  5.238189e+002 -3.249615e+003  8.498975e+001
      vertex  4.233575e+002  0.000000e+000  1.105611e+002
      vertex  5.090410e+002 -3.249615e+003  8.462846e+001
    endloop
  endfacet
  facet normal  1.740334e-002 -7.460288e-003  9.998208e-001
    outer loop
      vertex  5.179669e+002  9.094947e-013  1.104526e+002
      vertex  4.969527e+002  9.094947e-013  1.108183e+002
      vertex  5.730991e+002 -3.249615e+003  8.524549e+001
    endloop
  endfacet
  facet normal  8.257065e-003 -7.675518e-003  9.999364e-001
    outer loop
      vertex  5.730991e+002 -3.249615e+003  8.524549e+001
      vertex  4.969527e+002  9.094947e-013  1.108183e+002
      vertex  4.759343e+002  1.364242e-012  1.109919e+002
    endloop
  endfacet
  facet normal  3.591076e-003 -7.815243e-003  9.999630e-001
    outer loop
      vertex  5.730991e+002 -3.249615e+003  8.524549e+001
      vertex  4.759343e+002  1.364242e-012  1.109919e+002
      vertex  5.533947e+002 -3.249615e+003  8.531625e+001
    endloop
  endfacet
  facet normal  6.789039e-004 -7.884705e-003  9.999687e-001
    outer loop
      vertex  5.533947e+002 -3.249615e+003  8.531625e+001
      vertex  4.759343e+002  1.364242e-012  1.109919e+002
      vertex  4.627865e+002  4.547474e-013  1.110008e+002
    endloop
  endfacet
  facet normal -6.609646e-003 -8.087747e-003  9.999455e-001
    outer loop
      vertex  5.533947e+002 -3.249615e+003  8.531625e+001
      vertex  4.627865e+002  4.547474e-013  1.110008e+002
      vertex  5.386046e+002 -3.249615e+003  8.521849e+001
    endloop
  endfacet
  facet normal  4.563178e-002 -6.820722e-003  9.989350e-001
    outer loop
      vertex  5.862079e+002  1.364242e-012  1.080238e+002
      vertex  5.704686e+002  1.364242e-012  1.087428e+002
      vertex  6.321734e+002 -3.249615e+003  8.373575e+001
    endloop
  endfacet
  facet normal  3.979649e-002 -6.933438e-003  9.991837e-001
    outer loop
      vertex  6.321734e+002 -3.249615e+003  8.373575e+001
      vertex  5.704686e+002  1.364242e-012  1.087428e+002
      vertex  5.547240e+002  1.364242e-012  1.093699e+002
    endloop
  endfacet
  facet normal  3.593836e-002 -7.026539e-003  9.993293e-001
    outer loop
      vertex  6.321734e+002 -3.249615e+003  8.373575e+001
      vertex  5.547240e+002  1.364242e-012  1.093699e+002
      vertex  6.124911e+002 -3.249615e+003  8.444357e+001
    endloop
  endfacet
  facet normal  3.369216e-002 -7.067067e-003  9.994072e-001
    outer loop
      vertex  6.124911e+002 -3.249615e+003  8.444357e+001
      vertex  5.547240e+002  1.364242e-012  1.093699e+002
      vertex  5.389742e+002  1.364242e-012  1.099009e+002
    endloop
  endfacet
  facet normal  2.576850e-002 -7.248162e-003  9.996417e-001
    outer loop
      vertex  6.124911e+002 -3.249615e+003  8.444357e+001
      vertex  5.389742e+002  1.364242e-012  1.099009e+002
      vertex  5.927991e+002 -3.249615e+003  8.495119e+001
    endloop
  endfacet
  facet normal  5.645245e-002 -6.621770e-003  9.983833e-001
    outer loop
      vertex  6.176712e+002  9.094947e-013  1.063280e+002
      vertex  6.019420e+002  1.364242e-012  1.072174e+002
      vertex  6.518459e+002 -3.249615e+003  8.284258e+001
    endloop
  endfacet
  facet normal  5.118550e-002 -6.704778e-003  9.986666e-001
    outer loop
      vertex  6.518459e+002 -3.249615e+003  8.284258e+001
      vertex  6.019420e+002  1.364242e-012  1.072174e+002
      vertex  5.862079e+002  1.364242e-012  1.080238e+002
    endloop
  endfacet
  facet normal  4.535385e-002 -6.824748e-003  9.989476e-001
    outer loop
      vertex  6.518459e+002 -3.249615e+003  8.284258e+001
      vertex  5.862079e+002  1.364242e-012  1.080238e+002
      vertex  6.321734e+002 -3.249615e+003  8.373575e+001
    endloop
  endfacet
  facet normal  8.650714e-002 -6.181329e-003  9.962322e-001
    outer loop
      vertex  7.317287e+002  9.094947e-013  9.777142e+001
      vertex  7.120751e+002  4.547474e-013  9.947802e+001
      vertex  7.305416e+002 -3.249615e+003  7.771159e+001
    endloop
  endfacet
  facet normal  8.189283e-002 -6.210160e-003  9.966218e-001
    outer loop
      vertex  7.305416e+002 -3.249615e+003  7.771159e+001
      vertex  7.120751e+002  4.547474e-013  9.947802e+001
      vertex  6.911556e+002  9.094947e-013  1.011970e+002
    endloop
  endfacet
  facet normal  7.609308e-002 -6.283773e-003  9.970809e-001
    outer loop
      vertex  7.305416e+002 -3.249615e+003  7.771159e+001
      vertex  6.911556e+002  9.094947e-013  1.011970e+002
      vertex  7.148450e+002 -3.249615e+003  7.890948e+001
    endloop
  endfacet
  facet normal  7.680237e-002 -6.278229e-003  9.970266e-001
    outer loop
      vertex  7.148450e+002 -3.249615e+003  7.890948e+001
      vertex  6.911556e+002  9.094947e-013  1.011970e+002
      vertex  6.702288e+002  4.547474e-013  1.028090e+002
    endloop
  endfacet
  facet normal  7.100071e-002 -6.361042e-003  9.974560e-001
    outer loop
      vertex  7.148450e+002 -3.249615e+003  7.890948e+001
      vertex  6.702288e+002  4.547474e-013  1.028090e+002
      vertex  6.991434e+002 -3.249615e+003  8.002715e+001
    endloop
  endfacet
  facet normal  7.167045e-002 -6.354747e-003  9.974081e-001
    outer loop
      vertex  6.991434e+002 -3.249615e+003  8.002715e+001
      vertex  6.702288e+002  4.547474e-013  1.028090e+002
      vertex  6.518152e+002  9.094947e-013  1.041321e+002
    endloop
  endfacet
  facet normal  6.586679e-002 -6.442237e-003  9.978076e-001
    outer loop
      vertex  6.991434e+002 -3.249615e+003  8.002715e+001
      vertex  6.518152e+002  9.094947e-013  1.041321e+002
      vertex  6.853284e+002 -3.249615e+003  8.093910e+001
    endloop
  endfacet
  facet normal  6.652073e-002 -6.435184e-003  9.977643e-001
    outer loop
      vertex  6.853284e+002 -3.249615e+003  8.093910e+001
      vertex  6.518152e+002  9.094947e-013  1.041321e+002
      vertex  6.333958e+002  4.547474e-013  1.053602e+002
    endloop
  endfacet
  facet normal  6.071474e-002 -6.530747e-003  9.981338e-001
    outer loop
      vertex  6.853284e+002 -3.249615e+003  8.093910e+001
      vertex  6.333958e+002  4.547474e-013  1.053602e+002
      vertex  6.715094e+002 -3.249615e+003  8.177969e+001
    endloop
  endfacet
  facet normal  6.143171e-002 -6.522020e-003  9.980900e-001
    outer loop
      vertex  6.715094e+002 -3.249615e+003  8.177969e+001
      vertex  6.333958e+002  4.547474e-013  1.053602e+002
      vertex  6.176712e+002  9.094947e-013  1.063280e+002
    endloop
  endfacet
  facet normal  5.397444e-002 -6.648818e-003  9.985202e-001
    outer loop
      vertex  6.715094e+002 -3.249615e+003  8.177969e+001
      vertex  6.176712e+002  9.094947e-013  1.063280e+002
      vertex  6.518459e+002 -3.249615e+003  8.284258e+001
    endloop
  endfacet
  facet normal  1.208015e-001 -5.954691e-003  9.926587e-001
    outer loop
      vertex  9.085359e+002  4.547474e-013  7.893917e+001
      vertex  8.889102e+002  9.094947e-013  8.132753e+001
      vertex  8.779694e+002 -3.249615e+003  6.316541e+001
    endloop
  endfacet
  facet normal  1.170449e-001 -5.944559e-003  9.931089e-001
    outer loop
      vertex  8.779694e+002 -3.249615e+003  6.316541e+001
      vertex  8.889102e+002  9.094947e-013  8.132753e+001
      vertex  8.692751e+002  9.094947e-013  8.364166e+001
    endloop
  endfacet
  facet normal  1.131450e-001 -5.957840e-003  9.935606e-001
    outer loop
      vertex  8.779694e+002 -3.249615e+003  6.316541e+001
      vertex  8.692751e+002  9.094947e-013  8.364166e+001
      vertex  8.485046e+002 -3.249615e+003  6.652080e+001
    endloop
  endfacet
  facet normal  1.114872e-001 -5.948232e-003  9.937481e-001
    outer loop
      vertex  8.485046e+002 -3.249615e+003  6.652080e+001
      vertex  8.692751e+002  9.094947e-013  8.364166e+001
      vertex  8.299781e+002  9.094947e-013  8.805033e+001
    endloop
  endfacet
  facet normal  1.057042e-001 -5.985385e-003  9.943796e-001
    outer loop
      vertex  8.485046e+002 -3.249615e+003  6.652080e+001
      vertex  8.299781e+002  9.094947e-013  8.805033e+001
      vertex  8.190142e+002 -3.249615e+003  6.965568e+001
    endloop
  endfacet
  facet normal  1.041375e-001 -5.981035e-003  9.945449e-001
    outer loop
      vertex  8.190142e+002 -3.249615e+003  6.965568e+001
      vertex  8.299781e+002  9.094947e-013  8.805033e+001
      vertex  7.906474e+002  9.094947e-013  9.216860e+001
    endloop
  endfacet
  facet normal  9.834967e-002 -6.035637e-003  9.951336e-001
    outer loop
      vertex  8.190142e+002 -3.249615e+003  6.965568e+001
      vertex  7.906474e+002  9.094947e-013  9.216860e+001
      vertex  7.894997e+002 -3.249615e+003  7.257262e+001
    endloop
  endfacet
  facet normal  1.634546e-001 -6.356844e-003  9.865304e-001
    outer loop
      vertex  1.156074e+003 -4.547474e-013  4.257468e+001
      vertex  1.130415e+003 -4.547474e-013  4.682602e+001
      vertex  1.054719e+003 -3.249615e+003  3.842849e+001
    endloop
  endfacet
  facet normal  1.597410e-001 -6.271912e-003  9.871390e-001
    outer loop
      vertex  1.054719e+003 -3.249615e+003  3.842849e+001
      vertex  1.130415e+003 -4.547474e-013  4.682602e+001
      vertex  1.104740e+003 -4.547474e-013  5.098081e+001
    endloop
  endfacet
  facet normal  1.549859e-001 -6.201647e-003  9.878972e-001
    outer loop
      vertex  1.054719e+003 -3.249615e+003  3.842849e+001
      vertex  1.104740e+003 -4.547474e-013  5.098081e+001
      vertex  1.025237e+003 -3.249615e+003  4.305376e+001
    endloop
  endfacet
  facet normal  1.548007e-001 -6.197185e-003  9.879263e-001
    outer loop
      vertex  1.025237e+003 -3.249615e+003  4.305376e+001
      vertex  1.104740e+003 -4.547474e-013  5.098081e+001
      vertex  1.065553e+003 -4.547474e-013  5.712103e+001
    endloop
  endfacet
  facet normal  1.490504e-001 -6.129672e-003  9.888105e-001
    outer loop
      vertex  1.025237e+003 -3.249615e+003  4.305376e+001
      vertex  1.065553e+003 -4.547474e-013  5.712103e+001
      vertex  9.958215e+002 -3.249615e+003  4.748771e+001
    endloop
  endfacet
  facet normal  1.483950e-001 -6.115901e-003  9.889092e-001
    outer loop
      vertex  9.958215e+002 -3.249615e+003  4.748771e+001
      vertex  1.065553e+003 -4.547474e-013  5.712103e+001
      vertex  1.026328e+003 -4.547474e-013  6.300715e+001
    endloop
  endfacet
  facet normal  1.426397e-001 -6.065915e-003  9.897560e-001
    outer loop
      vertex  9.958215e+002 -3.249615e+003  4.748771e+001
      vertex  1.026328e+003 -4.547474e-013  6.300715e+001
      vertex  9.663784e+002 -3.249615e+003  5.173094e+001
    endloop
  endfacet
  facet normal  1.414675e-001 -6.044875e-003  9.899245e-001
    outer loop
      vertex  9.663784e+002 -3.249615e+003  5.173094e+001
      vertex  1.026328e+003 -4.547474e-013  6.300715e+001
      vertex  9.870633e+002  0.000000e+000  6.861837e+001
    endloop
  endfacet
  facet normal  1.357062e-001 -6.012393e-003  9.907309e-001
    outer loop
      vertex  9.663784e+002 -3.249615e+003  5.173094e+001
      vertex  9.870633e+002  0.000000e+000  6.861837e+001
      vertex  9.369069e+002 -3.249615e+003  5.576782e+001
    endloop
  endfacet
  facet normal  1.605764e-001 -6.267677e-003  9.870035e-001
    outer loop
      vertex  1.054719e+003 -3.249615e+003  3.842849e+001
      vertex  1.084173e+003 -3.249615e+003  3.363648e+001
      vertex  1.156074e+003 -4.547474e-013  4.257468e+001
    endloop
  endfacet
  facet normal  1.671208e-001 -6.409485e-003  9.859156e-001
    outer loop
      vertex  1.156074e+003 -4.547474e-013  4.257468e+001
      vertex  1.084173e+003 -3.249615e+003  3.363648e+001
      vertex  1.182739e+003 -4.547474e-013  3.805470e+001
    endloop
  endfacet
  facet normal  1.659798e-001 -6.375139e-003  9.861086e-001
    outer loop
      vertex  1.084173e+003 -3.249615e+003  3.363648e+001
      vertex  1.113601e+003 -3.249615e+003  2.868324e+001
      vertex  1.182739e+003 -4.547474e-013  3.805470e+001
    endloop
  endfacet
  facet normal  1.707854e-001 -6.475011e-003  9.852870e-001
    outer loop
      vertex  1.182739e+003 -4.547474e-013  3.805470e+001
      vertex  1.113601e+003 -3.249615e+003  2.868324e+001
      vertex  1.209387e+003 -4.547474e-013  3.343561e+001
    endloop
  endfacet
  facet normal -9.419558e-001 -5.722997e-002  3.308232e-001
    outer loop
      vertex  3.288254e+002 -5.416025e+003  5.428339e+000
      vertex  3.292440e+002 -5.416025e+003  6.619989e+000
      vertex  1.982282e+002 -3.249615e+003  8.350517e+000
    endloop
  endfacet
  facet normal -9.154094e-001 -5.567873e-002  3.986546e-001
    outer loop
      vertex  1.982282e+002 -3.249615e+003  8.350517e+000
      vertex  3.292440e+002 -5.416025e+003  6.619989e+000
      vertex  3.297573e+002 -5.416025e+003  7.798736e+000
    endloop
  endfacet
  facet normal -9.170792e-001 -5.577912e-002  3.947842e-001
    outer loop
      vertex  1.982282e+002 -3.249615e+003  8.350517e+000
      vertex  3.297573e+002 -5.416025e+003  7.798736e+000
      vertex  1.988081e+002 -3.249615e+003  9.697642e+000
    endloop
  endfacet
  facet normal -8.868275e-001 -5.400678e-002  4.589339e-001
    outer loop
      vertex  1.988081e+002 -3.249615e+003  9.697642e+000
      vertex  3.297573e+002 -5.416025e+003  7.798736e+000
      vertex  3.303589e+002 -5.416025e+003  8.961350e+000
    endloop
  endfacet
  facet normal -8.915642e-001 -5.429125e-002  4.496284e-001
    outer loop
      vertex  1.988081e+002 -3.249615e+003  9.697642e+000
      vertex  3.303589e+002 -5.416025e+003  8.961350e+000
      vertex  1.994792e+002 -3.249615e+003  1.102841e+001
    endloop
  endfacet
  facet normal -7.471021e-001 -4.587303e-002  6.631245e-001
    outer loop
      vertex  2.035050e+002 -3.249615e+003  1.681517e+001
      vertex  3.339531e+002 -5.416025e+003  1.391717e+001
      vertex  2.048500e+002 -3.249615e+003  1.833053e+001
    endloop
  endfacet
  facet normal -7.281310e-001 -4.478495e-002  6.839734e-001
    outer loop
      vertex  2.048500e+002 -3.249615e+003  1.833053e+001
      vertex  3.339531e+002 -5.416025e+003  1.391717e+001
      vertex  3.353875e+002 -5.416025e+003  1.544413e+001
    endloop
  endfacet
  facet normal -7.190639e-001 -4.425136e-002  6.935337e-001
    outer loop
      vertex  2.048500e+002 -3.249615e+003  1.833053e+001
      vertex  3.353875e+002 -5.416025e+003  1.544413e+001
      vertex  2.062627e+002 -3.249615e+003  1.979518e+001
    endloop
  endfacet
  facet normal -4.364595e-001 -2.818534e-002  8.992822e-001
    outer loop
      vertex  2.337768e+002 -3.249615e+003  3.793367e+001
      vertex  2.304841e+002 -3.249615e+003  3.633561e+001
      vertex  3.552568e+002 -5.416025e+003  2.899333e+001
    endloop
  endfacet
  facet normal -4.572254e-001 -2.934605e-002  8.888666e-001
    outer loop
      vertex  3.552568e+002 -5.416025e+003  2.899333e+001
      vertex  2.304841e+002 -3.249615e+003  3.633561e+001
      vertex  2.272551e+002 -3.249615e+003  3.467462e+001
    endloop
  endfacet
  facet normal -4.584422e-001 -2.941629e-002  8.882372e-001
    outer loop
      vertex  3.552568e+002 -5.416025e+003  2.899333e+001
      vertex  2.272551e+002 -3.249615e+003  3.467462e+001
      vertex  3.516376e+002 -5.416025e+003  2.712536e+001
    endloop
  endfacet
  facet normal -4.836848e-001 -3.081839e-002  8.746995e-001
    outer loop
      vertex  3.516376e+002 -5.416025e+003  2.712536e+001
      vertex  2.272551e+002 -3.249615e+003  3.467462e+001
      vertex  2.234926e+002 -3.249615e+003  3.259409e+001
    endloop
  endfacet
  facet normal -4.894857e-001 -3.115333e-002  8.714547e-001
    outer loop
      vertex  3.516376e+002 -5.416025e+003  2.712536e+001
      vertex  2.234926e+002 -3.249615e+003  3.259409e+001
      vertex  3.487221e+002 -5.416025e+003  2.548775e+001
    endloop
  endfacet
  facet normal -5.166381e-001 -3.267080e-002  8.555803e-001
    outer loop
      vertex  3.487221e+002 -5.416025e+003  2.548775e+001
      vertex  2.234926e+002 -3.249615e+003  3.259409e+001
      vertex  2.197579e+002 -3.249615e+003  3.033886e+001
    endloop
  endfacet
  facet normal -5.223104e-001 -3.300072e-002  8.521168e-001
    outer loop
      vertex  3.487221e+002 -5.416025e+003  2.548775e+001
      vertex  2.197579e+002 -3.249615e+003  3.033886e+001
      vertex  3.458290e+002 -5.416025e+003  2.371441e+001
    endloop
  endfacet
  facet normal -3.700848e-001 -2.453771e-002  9.286739e-001
    outer loop
      vertex  3.707461e+002 -5.416025e+003  3.573277e+001
      vertex  2.493144e+002 -3.249615e+003  4.458269e+001
      vertex  3.667523e+002 -5.416025e+003  3.414117e+001
    endloop
  endfacet
  facet normal -3.773701e-001 -2.491843e-002  9.257272e-001
    outer loop
      vertex  3.667523e+002 -5.416025e+003  3.414117e+001
      vertex  2.493144e+002 -3.249615e+003  4.458269e+001
      vertex  2.416802e+002 -3.249615e+003  4.147063e+001
    endloop
  endfacet
  facet normal -3.880498e-001 -2.551997e-002  9.212850e-001
    outer loop
      vertex  3.667523e+002 -5.416025e+003  3.414117e+001
      vertex  2.416802e+002 -3.249615e+003  4.147063e+001
      vertex  3.628218e+002 -5.416025e+003  3.248565e+001
    endloop
  endfacet
  facet normal -3.994945e-001 -2.613952e-002  9.163628e-001
    outer loop
      vertex  3.628218e+002 -5.416025e+003  3.248565e+001
      vertex  2.416802e+002 -3.249615e+003  4.147063e+001
      vertex  2.376832e+002 -3.249615e+003  3.972813e+001
    endloop
  endfacet
  facet normal -4.076284e-001 -2.659732e-002  9.127605e-001
    outer loop
      vertex  3.628218e+002 -5.416025e+003  3.248565e+001
      vertex  2.376832e+002 -3.249615e+003  3.972813e+001
      vertex  3.589841e+002 -5.416025e+003  3.077176e+001
    endloop
  endfacet
  facet normal -1.507927e-001 -1.349940e-002  9.884732e-001
    outer loop
      vertex  4.611602e+002 -5.416025e+003  5.779236e+001
      vertex  3.610111e+002 -3.249615e+003  7.210076e+001
      vertex  4.553137e+002 -5.416025e+003  5.690046e+001
    endloop
  endfacet
  facet normal -1.531695e-001 -1.360028e-002  9.881063e-001
    outer loop
      vertex  4.553137e+002 -5.416025e+003  5.690046e+001
      vertex  3.610111e+002 -3.249615e+003  7.210076e+001
      vertex  3.535957e+002 -3.249615e+003  7.095127e+001
    endloop
  endfacet
  facet normal -1.599345e-001 -1.391093e-002  9.870297e-001
    outer loop
      vertex  4.553137e+002 -5.416025e+003  5.690046e+001
      vertex  3.535957e+002 -3.249615e+003  7.095127e+001
      vertex  4.496327e+002 -5.416025e+003  5.597993e+001
    endloop
  endfacet
  facet normal -1.633030e-001 -1.405643e-002  9.864758e-001
    outer loop
      vertex  4.496327e+002 -5.416025e+003  5.597993e+001
      vertex  3.535957e+002 -3.249615e+003  7.095127e+001
      vertex  3.461823e+002 -3.249615e+003  6.972404e+001
    endloop
  endfacet
  facet normal -1.699305e-001 -1.436577e-002  9.853513e-001
    outer loop
      vertex  4.496327e+002 -5.416025e+003  5.597993e+001
      vertex  3.461823e+002 -3.249615e+003  6.972404e+001
      vertex  4.439536e+002 -5.416025e+003  5.500053e+001
    endloop
  endfacet
  facet normal -1.762595e-001 -1.464382e-002  9.842348e-001
    outer loop
      vertex  4.439536e+002 -5.416025e+003  5.500053e+001
      vertex  3.461823e+002 -3.249615e+003  6.972404e+001
      vertex  3.362973e+002 -3.249615e+003  6.795380e+001
    endloop
  endfacet
  facet normal -1.827991e-001 -1.496163e-002  9.830365e-001
    outer loop
      vertex  4.439536e+002 -5.416025e+003  5.500053e+001
      vertex  3.362973e+002 -3.249615e+003  6.795380e+001
      vertex  4.362745e+002 -5.416025e+003  5.357258e+001
    endloop
  endfacet
  facet normal -1.920353e-001 -1.537612e-002  9.812676e-001
    outer loop
      vertex  4.362745e+002 -5.416025e+003  5.357258e+001
      vertex  3.362973e+002 -3.249615e+003  6.795380e+001
      vertex  3.264128e+002 -3.249615e+003  6.601941e+001
    endloop
  endfacet
  facet normal -1.985542e-001 -1.569922e-002  9.799641e-001
    outer loop
      vertex  4.362745e+002 -5.416025e+003  5.357258e+001
      vertex  3.264128e+002 -3.249615e+003  6.601941e+001
      vertex  4.285967e+002 -5.416025e+003  5.201696e+001
    endloop
  endfacet
  facet normal -2.081018e-001 -1.613669e-002  9.779740e-001
    outer loop
      vertex  4.285967e+002 -5.416025e+003  5.201696e+001
      vertex  3.264128e+002 -3.249615e+003  6.601941e+001
      vertex  3.165408e+002 -3.249615e+003  6.391875e+001
    endloop
  endfacet
  facet normal -2.145984e-001 -1.646497e-002  9.765636e-001
    outer loop
      vertex  4.285967e+002 -5.416025e+003  5.201696e+001
      vertex  3.165408e+002 -3.249615e+003  6.391875e+001
      vertex  4.209295e+002 -5.416025e+003  5.033210e+001
    endloop
  endfacet
  facet normal -2.217176e-001 -1.679799e-002  9.749662e-001
    outer loop
      vertex  4.209295e+002 -5.416025e+003  5.033210e+001
      vertex  3.165408e+002 -3.249615e+003  6.391875e+001
      vertex  3.090428e+002 -3.249615e+003  6.221362e+001
    endloop
  endfacet
  facet normal -2.281951e-001 -1.712430e-002  9.734649e-001
    outer loop
      vertex  4.209295e+002 -5.416025e+003  5.033210e+001
      vertex  3.090428e+002 -3.249615e+003  6.221362e+001
      vertex  4.151066e+002 -5.416025e+003  4.896713e+001
    endloop
  endfacet
  facet normal -2.325878e-001 -1.733297e-002  9.724210e-001
    outer loop
      vertex  4.151066e+002 -5.416025e+003  4.896713e+001
      vertex  3.090428e+002 -3.249615e+003  6.221362e+001
      vertex  3.015839e+002 -3.249615e+003  6.042957e+001
    endloop
  endfacet
  facet normal -2.390467e-001 -1.766310e-002  9.708474e-001
    outer loop
      vertex  4.151066e+002 -5.416025e+003  4.896713e+001
      vertex  3.015839e+002 -3.249615e+003  6.042957e+001
      vertex  4.093146e+002 -5.416025e+003  4.754099e+001
    endloop
  endfacet
  facet normal -2.428257e-001 -1.784542e-002  9.699057e-001
    outer loop
      vertex  4.093146e+002 -5.416025e+003  4.754099e+001
      vertex  3.015839e+002 -3.249615e+003  6.042957e+001
      vertex  2.941791e+002 -3.249615e+003  5.857570e+001
    endloop
  endfacet
  facet normal -2.492681e-001 -1.817944e-002  9.682639e-001
    outer loop
      vertex  4.093146e+002 -5.416025e+003  4.754099e+001
      vertex  2.941791e+002 -3.249615e+003  5.857570e+001
      vertex  4.035650e+002 -5.416025e+003  4.606083e+001
    endloop
  endfacet
  facet normal -2.533489e-001 -1.837935e-002  9.672003e-001
    outer loop
      vertex  4.035650e+002 -5.416025e+003  4.606083e+001
      vertex  2.941791e+002 -3.249615e+003  5.857570e+001
      vertex  2.868333e+002 -3.249615e+003  5.665155e+001
    endloop
  endfacet
  facet normal -2.597722e-001 -1.871708e-002  9.654885e-001
    outer loop
      vertex  4.035650e+002 -5.416025e+003  4.606083e+001
      vertex  2.868333e+002 -3.249615e+003  5.665155e+001
      vertex  3.978617e+002 -5.416025e+003  4.452631e+001
    endloop
  endfacet
  facet normal -2.658260e-001 -1.901808e-002  9.638334e-001
    outer loop
      vertex  3.978617e+002 -5.416025e+003  4.452631e+001
      vertex  2.868333e+002 -3.249615e+003  5.665155e+001
      vertex  2.794039e+002 -3.249615e+003  5.460251e+001
    endloop
  endfacet
  facet normal -2.722268e-001 -1.935972e-002  9.620383e-001
    outer loop
      vertex  3.978617e+002 -5.416025e+003  4.452631e+001
      vertex  2.794039e+002 -3.249615e+003  5.460251e+001
      vertex  3.920940e+002 -5.416025e+003  4.289422e+001
    endloop
  endfacet
  facet normal -2.819656e-001 -1.985107e-002  9.592192e-001
    outer loop
      vertex  3.920940e+002 -5.416025e+003  4.289422e+001
      vertex  2.794039e+002 -3.249615e+003  5.460251e+001
      vertex  2.719880e+002 -3.249615e+003  5.242258e+001
    endloop
  endfacet
  facet normal -2.883347e-001 -2.019580e-002  9.573166e-001
    outer loop
      vertex  3.920940e+002 -5.416025e+003  4.289422e+001
      vertex  2.719880e+002 -3.249615e+003  5.242258e+001
      vertex  3.863374e+002 -5.416025e+003  4.116040e+001
    endloop
  endfacet
  facet normal -3.021423e-001 -2.090234e-002  9.530336e-001
    outer loop
      vertex  3.863374e+002 -5.416025e+003  4.116040e+001
      vertex  2.719880e+002 -3.249615e+003  5.242258e+001
      vertex  2.645508e+002 -3.249615e+003  5.006477e+001
    endloop
  endfacet
  facet normal -3.084708e-001 -2.124973e-002  9.509965e-001
    outer loop
      vertex  3.863374e+002 -5.416025e+003  4.116040e+001
      vertex  2.645508e+002 -3.249615e+003  5.006477e+001
      vertex  3.805653e+002 -5.416025e+003  3.928812e+001
    endloop
  endfacet
  facet normal -3.254516e-001 -2.213074e-002  9.452997e-001
    outer loop
      vertex  3.805653e+002 -5.416025e+003  3.928812e+001
      vertex  2.645508e+002 -3.249615e+003  5.006477e+001
      vertex  2.570844e+002 -3.249615e+003  4.749418e+001
    endloop
  endfacet
  facet normal -3.317262e-001 -2.248007e-002  9.431078e-001
    outer loop
      vertex  3.805653e+002 -5.416025e+003  3.928812e+001
      vertex  2.570844e+002 -3.249615e+003  4.749418e+001
      vertex  3.747715e+002 -5.416025e+003  3.725021e+001
    endloop
  endfacet
  facet normal -1.712440e-004 -7.850335e-003  9.999691e-001
    outer loop
      vertex  6.203607e+002 -5.416025e+003  6.824602e+001
      vertex  5.730991e+002 -3.249615e+003  8.524549e+001
      vertex  6.126979e+002 -5.416025e+003  6.824471e+001
    endloop
  endfacet
  facet normal  3.591077e-003 -7.781519e-003  9.999633e-001
    outer loop
      vertex  6.126979e+002 -5.416025e+003  6.824471e+001
      vertex  5.730991e+002 -3.249615e+003  8.524549e+001
      vertex  5.533947e+002 -3.249615e+003  8.531625e+001
    endloop
  endfacet
  facet normal -5.944593e-003 -8.042443e-003  9.999500e-001
    outer loop
      vertex  6.126979e+002 -5.416025e+003  6.824471e+001
      vertex  5.533947e+002 -3.249615e+003  8.531625e+001
      vertex  6.050350e+002 -5.416025e+003  6.819915e+001
    endloop
  endfacet
  facet normal -6.609647e-003 -8.058261e-003  9.999456e-001
    outer loop
      vertex  6.050350e+002 -5.416025e+003  6.819915e+001
      vertex  5.533947e+002 -3.249615e+003  8.531625e+001
      vertex  5.386046e+002 -3.249615e+003  8.521849e+001
    endloop
  endfacet
  facet normal -1.325783e-002 -8.261588e-003  9.998780e-001
    outer loop
      vertex  6.050350e+002 -5.416025e+003  6.819915e+001
      vertex  5.386046e+002 -3.249615e+003  8.521849e+001
      vertex  5.935323e+002 -5.416025e+003  6.804663e+001
    endloop
  endfacet
  facet normal -1.546833e-002 -8.317378e-003  9.998457e-001
    outer loop
      vertex  5.935323e+002 -5.416025e+003  6.804663e+001
      vertex  5.386046e+002 -3.249615e+003  8.521849e+001
      vertex  5.238189e+002 -3.249615e+003  8.498975e+001
    endloop
  endfacet
  facet normal -2.211587e-002 -8.530299e-003  9.997190e-001
    outer loop
      vertex  5.935323e+002 -5.416025e+003  6.804663e+001
      vertex  5.238189e+002 -3.249615e+003  8.498975e+001
      vertex  5.820338e+002 -5.416025e+003  6.779226e+001
    endloop
  endfacet
  facet normal -2.443933e-002 -8.592302e-003  9.996644e-001
    outer loop
      vertex  5.820338e+002 -5.416025e+003  6.779226e+001
      vertex  5.238189e+002 -3.249615e+003  8.498975e+001
      vertex  5.090410e+002 -3.249615e+003  8.462846e+001
    endloop
  endfacet
  facet normal -3.108604e-002 -8.814798e-003  9.994778e-001
    outer loop
      vertex  5.820338e+002 -5.416025e+003  6.779226e+001
      vertex  5.090410e+002 -3.249615e+003  8.462846e+001
      vertex  5.705419e+002 -5.416025e+003  6.743484e+001
    endloop
  endfacet
  facet normal -3.365368e-002 -8.887026e-003  9.993940e-001
    outer loop
      vertex  5.705419e+002 -5.416025e+003  6.743484e+001
      vertex  5.090410e+002 -3.249615e+003  8.462846e+001
      vertex  4.942726e+002 -3.249615e+003  8.413115e+001
    endloop
  endfacet
  facet normal -4.029686e-002 -9.118990e-003  9.991461e-001
    outer loop
      vertex  5.705419e+002 -5.416025e+003  6.743484e+001
      vertex  4.942726e+002 -3.249615e+003  8.413115e+001
      vertex  5.590581e+002 -5.416025e+003  6.697168e+001
    endloop
  endfacet
  facet normal -4.336258e-002 -9.209646e-003  9.990169e-001
    outer loop
      vertex  5.590581e+002 -5.416025e+003  6.697168e+001
      vertex  4.942726e+002 -3.249615e+003  8.413115e+001
      vertex  4.794760e+002 -3.249615e+003  8.348890e+001
    endloop
  endfacet
  facet normal -5.000448e-002 -9.451249e-003  9.987042e-001
    outer loop
      vertex  5.590581e+002 -5.416025e+003  6.697168e+001
      vertex  4.794760e+002 -3.249615e+003  8.348890e+001
      vertex  5.475532e+002 -5.416025e+003  6.639564e+001
    endloop
  endfacet
  facet normal -5.382878e-002 -9.569847e-003  9.985044e-001
    outer loop
      vertex  5.475532e+002 -5.416025e+003  6.639564e+001
      vertex  4.794760e+002 -3.249615e+003  8.348890e+001
      vertex  4.646836e+002 -3.249615e+003  8.269145e+001
    endloop
  endfacet
  facet normal -6.046674e-002 -9.820886e-003  9.981220e-001
    outer loop
      vertex  5.475532e+002 -5.416025e+003  6.639564e+001
      vertex  4.646836e+002 -3.249615e+003  8.269145e+001
      vertex  5.360524e+002 -5.416025e+003  6.569891e+001
    endloop
  endfacet
  facet normal -6.511272e-002 -9.971635e-003  9.978280e-001
    outer loop
      vertex  5.360524e+002 -5.416025e+003  6.569891e+001
      vertex  4.646836e+002 -3.249615e+003  8.269145e+001
      vertex  4.498913e+002 -3.249615e+003  8.172619e+001
    endloop
  endfacet
  facet normal -7.174514e-002 -1.023203e-002  9.973706e-001
    outer loop
      vertex  5.360524e+002 -5.416025e+003  6.569891e+001
      vertex  4.498913e+002 -3.249615e+003  8.172619e+001
      vertex  5.245525e+002 -5.416025e+003  6.487167e+001
    endloop
  endfacet
  facet normal -7.702369e-002 -1.041087e-002  9.969749e-001
    outer loop
      vertex  5.245525e+002 -5.416025e+003  6.487167e+001
      vertex  4.498913e+002 -3.249615e+003  8.172619e+001
      vertex  4.350986e+002 -3.249615e+003  8.058334e+001
    endloop
  endfacet
  facet normal -8.365076e-002 -1.068061e-002  9.964379e-001
    outer loop
      vertex  5.245525e+002 -5.416025e+003  6.487167e+001
      vertex  4.350986e+002 -3.249615e+003  8.058334e+001
      vertex  5.130532e+002 -5.416025e+003  6.390631e+001
    endloop
  endfacet
  facet normal -8.916905e-002 -1.087548e-002  9.959571e-001
    outer loop
      vertex  5.130532e+002 -5.416025e+003  6.390631e+001
      vertex  4.350986e+002 -3.249615e+003  8.058334e+001
      vertex  4.202383e+002 -3.249615e+003  7.925288e+001
    endloop
  endfacet
  facet normal -9.578890e-002 -1.115471e-002  9.953392e-001
    outer loop
      vertex  5.130532e+002 -5.416025e+003  6.390631e+001
      vertex  4.202383e+002 -3.249615e+003  7.925288e+001
      vertex  5.015023e+002 -5.416025e+003  6.279468e+001
    endloop
  endfacet
  facet normal -1.011138e-001 -1.135043e-002  9.948101e-001
    outer loop
      vertex  5.015023e+002 -5.416025e+003  6.279468e+001
      vertex  4.202383e+002 -3.249615e+003  7.925288e+001
      vertex  4.054012e+002 -3.249615e+003  7.774482e+001
    endloop
  endfacet
  facet normal -1.077254e-001 -1.163891e-002  9.941126e-001
    outer loop
      vertex  5.015023e+002 -5.416025e+003  6.279468e+001
      vertex  4.054012e+002 -3.249615e+003  7.774482e+001
      vertex  4.899703e+002 -5.416025e+003  6.154503e+001
    endloop
  endfacet
  facet normal -1.129141e-001 -1.183713e-002  9.935342e-001
    outer loop
      vertex  4.899703e+002 -5.416025e+003  6.154503e+001
      vertex  4.054012e+002 -3.249615e+003  7.774482e+001
      vertex  3.906056e+002 -3.249615e+003  7.606332e+001
    endloop
  endfacet
  facet normal -1.195178e-001 -1.213482e-002  9.927579e-001
    outer loop
      vertex  4.899703e+002 -5.416025e+003  6.154503e+001
      vertex  3.906056e+002 -3.249615e+003  7.606332e+001
      vertex  4.784716e+002 -5.416025e+003  6.016071e+001
    endloop
  endfacet
  facet normal -1.253601e-001 -1.236646e-002  9.920342e-001
    outer loop
      vertex  4.784716e+002 -5.416025e+003  6.016071e+001
      vertex  3.906056e+002 -3.249615e+003  7.606332e+001
      vertex  3.758625e+002 -3.249615e+003  7.420028e+001
    endloop
  endfacet
  facet normal -1.319520e-001 -1.267311e-002  9.911751e-001
    outer loop
      vertex  4.784716e+002 -5.416025e+003  6.016071e+001
      vertex  3.758625e+002 -3.249615e+003  7.420028e+001
      vertex  4.670145e+002 -5.416025e+003  5.863547e+001
    endloop
  endfacet
  facet normal -1.399652e-001 -1.300233e-002  9.900711e-001
    outer loop
      vertex  4.670145e+002 -5.416025e+003  5.863547e+001
      vertex  3.758625e+002 -3.249615e+003  7.420028e+001
      vertex  3.610111e+002 -3.249615e+003  7.210076e+001
    endloop
  endfacet
  facet normal -1.425323e-001 -1.312566e-002  9.897031e-001
    outer loop
      vertex  4.670145e+002 -5.416025e+003  5.863547e+001
      vertex  3.610111e+002 -3.249615e+003  7.210076e+001
      vertex  4.611602e+002 -5.416025e+003  5.779236e+001
    endloop
  endfacet
  facet normal  7.100073e-002 -6.330167e-003  9.974562e-001
    outer loop
      vertex  7.148450e+002 -3.249615e+003  7.890948e+001
      vertex  6.991434e+002 -3.249615e+003  8.002715e+001
      vertex  7.275466e+002 -5.416025e+003  6.425665e+001
    endloop
  endfacet
  facet normal  6.586681e-002 -6.400038e-003  9.978079e-001
    outer loop
      vertex  7.275466e+002 -5.416025e+003  6.425665e+001
      vertex  6.991434e+002 -3.249615e+003  8.002715e+001
      vertex  6.853284e+002 -3.249615e+003  8.093910e+001
    endloop
  endfacet
  facet normal  6.232446e-002 -6.470817e-003  9.980349e-001
    outer loop
      vertex  7.275466e+002 -5.416025e+003  6.425665e+001
      vertex  6.853284e+002 -3.249615e+003  8.093910e+001
      vertex  7.122352e+002 -5.416025e+003  6.521280e+001
    endloop
  endfacet
  facet normal  6.071476e-002 -6.491531e-003  9.981341e-001
    outer loop
      vertex  7.122352e+002 -5.416025e+003  6.521280e+001
      vertex  6.853284e+002 -3.249615e+003  8.093910e+001
      vertex  6.715094e+002 -3.249615e+003  8.177969e+001
    endloop
  endfacet
  facet normal  5.518505e-002 -6.597931e-003  9.984543e-001
    outer loop
      vertex  7.122352e+002 -5.416025e+003  6.521280e+001
      vertex  6.715094e+002 -3.249615e+003  8.177969e+001
      vertex  6.969185e+002 -5.416025e+003  6.605936e+001
    endloop
  endfacet
  facet normal  5.397445e-002 -6.612609e-003  9.985204e-001
    outer loop
      vertex  6.969185e+002 -5.416025e+003  6.605936e+001
      vertex  6.715094e+002 -3.249615e+003  8.177969e+001
      vertex  6.518459e+002 -3.249615e+003  8.284258e+001
    endloop
  endfacet
  facet normal  4.733407e-002 -6.753366e-003  9.988563e-001
    outer loop
      vertex  6.969185e+002 -5.416025e+003  6.605936e+001
      vertex  6.518459e+002 -3.249615e+003  8.284258e+001
      vertex  6.816195e+002 -5.416025e+003  6.678436e+001
    endloop
  endfacet
  facet normal  4.535386e-002 -6.781260e-003  9.989480e-001
    outer loop
      vertex  6.816195e+002 -5.416025e+003  6.678436e+001
      vertex  6.518459e+002 -3.249615e+003  8.284258e+001
      vertex  6.321734e+002 -3.249615e+003  8.373575e+001
    endloop
  endfacet
  facet normal  3.871061e-002 -6.935064e-003  9.992265e-001
    outer loop
      vertex  6.816195e+002 -5.416025e+003  6.678436e+001
      vertex  6.321734e+002 -3.249615e+003  8.373575e+001
      vertex  6.663143e+002 -5.416025e+003  6.737729e+001
    endloop
  endfacet
  facet normal  3.593837e-002 -6.979531e-003  9.993296e-001
    outer loop
      vertex  6.663143e+002 -5.416025e+003  6.737729e+001
      vertex  6.321734e+002 -3.249615e+003  8.373575e+001
      vertex  6.124911e+002 -3.249615e+003  8.444357e+001
    endloop
  endfacet
  facet normal  2.929330e-002 -7.146323e-003  9.995453e-001
    outer loop
      vertex  6.663143e+002 -5.416025e+003  6.737729e+001
      vertex  6.124911e+002 -3.249615e+003  8.444357e+001
      vertex  6.510024e+002 -5.416025e+003  6.782603e+001
    endloop
  endfacet
  facet normal  2.576851e-002 -7.209723e-003  9.996419e-001
    outer loop
      vertex  6.510024e+002 -5.416025e+003  6.782603e+001
      vertex  6.124911e+002 -3.249615e+003  8.444357e+001
      vertex  5.927991e+002 -3.249615e+003  8.495119e+001
    endloop
  endfacet
  facet normal  1.912139e-002 -7.389476e-003  9.997900e-001
    outer loop
      vertex  6.510024e+002 -5.416025e+003  6.782603e+001
      vertex  5.927991e+002 -3.249615e+003  8.495119e+001
      vertex  6.356841e+002 -5.416025e+003  6.811900e+001
    endloop
  endfacet
  facet normal  1.493719e-002 -7.472853e-003  9.998605e-001
    outer loop
      vertex  6.356841e+002 -5.416025e+003  6.811900e+001
      vertex  5.927991e+002 -3.249615e+003  8.495119e+001
      vertex  5.730991e+002 -3.249615e+003  8.524549e+001
    endloop
  endfacet
  facet normal  8.288858e-003 -7.665514e-003  9.999362e-001
    outer loop
      vertex  6.356841e+002 -5.416025e+003  6.811900e+001
      vertex  5.730991e+002 -3.249615e+003  8.524549e+001
      vertex  6.203607e+002 -5.416025e+003  6.824602e+001
    endloop
  endfacet
  facet normal  7.609306e-002 -6.297773e-003  9.970808e-001
    outer loop
      vertex  7.148450e+002 -3.249615e+003  7.890948e+001
      vertex  7.275466e+002 -5.416025e+003  6.425665e+001
      vertex  7.305416e+002 -3.249615e+003  7.771159e+001
    endloop
  endfacet
  facet normal  6.882921e-002 -6.291009e-003  9.976087e-001
    outer loop
      vertex  7.305416e+002 -3.249615e+003  7.771159e+001
      vertex  7.275466e+002 -5.416025e+003  6.425665e+001
      vertex  7.428525e+002 -5.416025e+003  6.320063e+001
    endloop
  endfacet
  facet normal  1.084174e-001 -5.845144e-003  9.940882e-001
    outer loop
      vertex  8.575916e+002 -5.416025e+003  5.264956e+001
      vertex  8.779694e+002 -3.249615e+003  6.316541e+001
      vertex  8.461271e+002 -5.416025e+003  5.389991e+001
    endloop
  endfacet
  facet normal  1.131450e-001 -5.912376e-003  9.935609e-001
    outer loop
      vertex  8.461271e+002 -5.416025e+003  5.389991e+001
      vertex  8.779694e+002 -3.249615e+003  6.316541e+001
      vertex  8.485046e+002 -3.249615e+003  6.652080e+001
    endloop
  endfacet
  facet normal  1.046552e-001 -5.908477e-003  9.944910e-001
    outer loop
      vertex  8.461271e+002 -5.416025e+003  5.389991e+001
      vertex  8.485046e+002 -3.249615e+003  6.652080e+001
      vertex  8.346577e+002 -5.416025e+003  5.510689e+001
    endloop
  endfacet
  facet normal  1.057042e-001 -5.914597e-003  9.943800e-001
    outer loop
      vertex  8.346577e+002 -5.416025e+003  5.510689e+001
      vertex  8.485046e+002 -3.249615e+003  6.652080e+001
      vertex  8.190142e+002 -3.249615e+003  6.965568e+001
    endloop
  endfacet
  facet normal  9.909017e-002 -5.966927e-003  9.950606e-001
    outer loop
      vertex  8.346577e+002 -5.416025e+003  5.510689e+001
      vertex  8.190142e+002 -3.249615e+003  6.965568e+001
      vertex  8.117050e+002 -5.416025e+003  5.739257e+001
    endloop
  endfacet
  facet normal  9.834971e-002 -5.964844e-003  9.951340e-001
    outer loop
      vertex  8.117050e+002 -5.416025e+003  5.739257e+001
      vertex  8.190142e+002 -3.249615e+003  6.965568e+001
      vertex  7.894997e+002 -3.249615e+003  7.257262e+001
    endloop
  endfacet
  facet normal  9.173103e-002 -6.037110e-003  9.957656e-001
    outer loop
      vertex  8.117050e+002 -5.416025e+003  5.739257e+001
      vertex  7.894997e+002 -3.249615e+003  7.257262e+001
      vertex  7.887346e+002 -5.416025e+003  5.950863e+001
    endloop
  endfacet
  facet normal  1.207275e-001 -5.930335e-003  9.926680e-001
    outer loop
      vertex  9.281523e+002  9.094947e-013  7.647584e+001
      vertex  8.779694e+002 -3.249615e+003  6.316541e+001
      vertex  9.074070e+002 -3.249615e+003  5.958522e+001
    endloop
  endfacet
  facet normal  1.207275e-001 -5.954041e-003  9.926678e-001
    outer loop
      vertex  9.074070e+002 -3.249615e+003  5.958522e+001
      vertex  8.779694e+002 -3.249615e+003  6.316541e+001
      vertex  8.575916e+002 -5.416025e+003  5.264956e+001
    endloop
  endfacet
  facet normal  1.122158e-001 -5.761518e-003  9.936672e-001
    outer loop
      vertex  9.074070e+002 -3.249615e+003  5.958522e+001
      vertex  8.575916e+002 -5.416025e+003  5.264956e+001
      vertex  8.690511e+002 -5.416025e+003  5.135543e+001
    endloop
  endfacet
  facet normal  1.236216e-001 -5.832129e-003  9.923124e-001
    outer loop
      vertex  8.919901e+002 -5.416025e+003  4.863087e+001
      vertex  9.034693e+002 -5.416025e+003  4.720079e+001
      vertex  9.369069e+002 -3.249615e+003  5.576782e+001
    endloop
  endfacet
  facet normal  1.291161e-001 -5.914165e-003  9.916118e-001
    outer loop
      vertex  9.369069e+002 -3.249615e+003  5.576782e+001
      vertex  9.034693e+002 -5.416025e+003  4.720079e+001
      vertex  9.264120e+002 -5.416025e+003  4.421346e+001
    endloop
  endfacet
  facet normal  1.357063e-001 -5.941394e-003  9.907313e-001
    outer loop
      vertex  9.369069e+002 -3.249615e+003  5.576782e+001
      vertex  9.264120e+002 -5.416025e+003  4.421346e+001
      vertex  9.663784e+002 -3.249615e+003  5.173094e+001
    endloop
  endfacet
  facet normal  1.360556e-001 -5.947671e-003  9.906834e-001
    outer loop
      vertex  9.663784e+002 -3.249615e+003  5.173094e+001
      vertex  9.264120e+002 -5.416025e+003  4.421346e+001
      vertex  9.493337e+002 -5.416025e+003  4.106550e+001
    endloop
  endfacet
  facet normal  1.426398e-001 -5.994911e-003  9.897565e-001
    outer loop
      vertex  9.663784e+002 -3.249615e+003  5.173094e+001
      vertex  9.493337e+002 -5.416025e+003  4.106550e+001
      vertex  9.958215e+002 -3.249615e+003  4.748771e+001
    endloop
  endfacet
  facet normal  1.424731e-001 -5.991405e-003  9.897805e-001
    outer loop
      vertex  9.958215e+002 -3.249615e+003  4.748771e+001
      vertex  9.493337e+002 -5.416025e+003  4.106550e+001
      vertex  9.722346e+002 -5.416025e+003  3.776905e+001
    endloop
  endfacet
  facet normal  1.490505e-001 -6.058668e-003  9.888111e-001
    outer loop
      vertex  9.958215e+002 -3.249615e+003  4.748771e+001
      vertex  9.722346e+002 -5.416025e+003  3.776905e+001
      vertex  1.025237e+003 -3.249615e+003  4.305376e+001
    endloop
  endfacet
  facet normal  1.484142e-001 -6.043334e-003  9.889067e-001
    outer loop
      vertex  1.025237e+003 -3.249615e+003  4.305376e+001
      vertex  9.722346e+002 -5.416025e+003  3.776905e+001
      vertex  9.951885e+002 -5.416025e+003  3.432416e+001
    endloop
  endfacet
  facet normal  1.549860e-001 -6.130419e-003  9.878977e-001
    outer loop
      vertex  1.025237e+003 -3.249615e+003  4.305376e+001
      vertex  9.951885e+002 -5.416025e+003  3.432416e+001
      vertex  1.054719e+003 -3.249615e+003  3.842849e+001
    endloop
  endfacet
  facet normal  1.540102e-001 -6.103895e-003  9.880504e-001
    outer loop
      vertex  1.054719e+003 -3.249615e+003  3.842849e+001
      vertex  9.951885e+002 -5.416025e+003  3.432416e+001
      vertex  1.018122e+003 -5.416025e+003  3.074944e+001
    endloop
  endfacet
  facet normal  1.605765e-001 -6.211107e-003  9.870039e-001
    outer loop
      vertex  1.054719e+003 -3.249615e+003  3.842849e+001
      vertex  1.018122e+003 -5.416025e+003  3.074944e+001
      vertex  1.084173e+003 -3.249615e+003  3.363648e+001
    endloop
  endfacet
  facet normal  1.594201e-001 -6.176102e-003  9.871914e-001
    outer loop
      vertex  1.084173e+003 -3.249615e+003  3.363648e+001
      vertex  1.018122e+003 -5.416025e+003  3.074944e+001
      vertex  1.041036e+003 -5.416025e+003  2.704918e+001
    endloop
  endfacet
  facet normal  1.659799e-001 -6.303429e-003  9.861090e-001
    outer loop
      vertex  1.084173e+003 -3.249615e+003  3.363648e+001
      vertex  1.041036e+003 -5.416025e+003  2.704918e+001
      vertex  1.113601e+003 -3.249615e+003  2.868324e+001
    endloop
  endfacet
  facet normal  1.648236e-001 -6.264844e-003  9.863032e-001
    outer loop
      vertex  1.113601e+003 -3.249615e+003  2.868324e+001
      vertex  1.041036e+003 -5.416025e+003  2.704918e+001
      vertex  1.063928e+003 -5.416025e+003  2.322348e+001
    endloop
  endfacet
  facet normal  1.713782e-001 -6.412313e-003  9.851846e-001
    outer loop
      vertex  1.113601e+003 -3.249615e+003  2.868324e+001
      vertex  1.063928e+003 -5.416025e+003  2.322348e+001
      vertex  1.143001e+003 -3.249615e+003  2.356891e+001
    endloop
  endfacet
  facet normal  1.704214e-001 -6.377415e-003  9.853507e-001
    outer loop
      vertex  1.143001e+003 -3.249615e+003  2.356891e+001
      vertex  1.063928e+003 -5.416025e+003  2.322348e+001
      vertex  1.086883e+003 -5.416025e+003  1.925341e+001
    endloop
  endfacet
  facet normal  1.769692e-001 -6.544727e-003  9.841947e-001
    outer loop
      vertex  1.143001e+003 -3.249615e+003  2.356891e+001
      vertex  1.086883e+003 -5.416025e+003  1.925341e+001
      vertex  1.172479e+003 -3.249615e+003  1.826843e+001
    endloop
  endfacet
  facet normal  1.763845e-001 -6.521580e-003  9.842997e-001
    outer loop
      vertex  1.172479e+003 -3.249615e+003  1.826843e+001
      vertex  1.086883e+003 -5.416025e+003  1.925341e+001
      vertex  1.109813e+003 -5.416025e+003  1.514441e+001
    endloop
  endfacet
  facet normal  1.829245e-001 -6.709035e-003  9.831041e-001
    outer loop
      vertex  1.172479e+003 -3.249615e+003  1.826843e+001
      vertex  1.109813e+003 -5.416025e+003  1.514441e+001
      vertex  1.201925e+003 -3.249615e+003  1.278955e+001
    endloop
  endfacet
  facet normal  1.827651e-001 -6.702227e-003  9.831338e-001
    outer loop
      vertex  1.201925e+003 -3.249615e+003  1.278955e+001
      vertex  1.109813e+003 -5.416025e+003  1.514441e+001
      vertex  1.132716e+003 -5.416025e+003  1.088676e+001
    endloop
  endfacet
  facet normal  1.892973e-001 -6.909820e-003  9.818954e-001
    outer loop
      vertex  1.201925e+003 -3.249615e+003  1.278955e+001
      vertex  1.132716e+003 -5.416025e+003  1.088676e+001
      vertex  1.231334e+003 -3.249615e+003  7.119772e+000
    endloop
  endfacet
  facet normal  1.894915e-001 -6.918723e-003  9.818580e-001
    outer loop
      vertex  1.231334e+003 -3.249615e+003  7.119772e+000
      vertex  1.132716e+003 -5.416025e+003  1.088676e+001
      vertex  1.155589e+003 -5.416025e+003  6.472431e+000
    endloop
  endfacet
  facet normal  1.960160e-001 -7.146461e-003  9.805747e-001
    outer loop
      vertex  1.231334e+003 -3.249615e+003  7.119772e+000
      vertex  1.155589e+003 -5.416025e+003  6.472431e+000
      vertex  1.260704e+003 -3.249615e+003  1.248811e+000
    endloop
  endfacet
  facet normal  1.963693e-001 -7.163775e-003  9.805039e-001
    outer loop
      vertex  1.260704e+003 -3.249615e+003  1.248811e+000
      vertex  1.155589e+003 -5.416025e+003  6.472431e+000
      vertex  1.178513e+003 -5.416025e+003  1.881363e+000
    endloop
  endfacet
  facet normal  2.028836e-001 -7.411310e-003  9.791747e-001
    outer loop
      vertex  1.260704e+003 -3.249615e+003  1.248811e+000
      vertex  1.178513e+003 -5.416025e+003  1.881363e+000
      vertex  1.290138e+003 -3.249615e+003 -4.849813e+000
    endloop
  endfacet
  facet normal  2.031417e-001 -7.424776e-003  9.791211e-001
    outer loop
      vertex  1.290138e+003 -3.249615e+003 -4.849813e+000
      vertex  1.178513e+003 -5.416025e+003  1.881363e+000
      vertex  1.201404e+003 -5.416025e+003 -2.867988e+000
    endloop
  endfacet
  facet normal  2.096472e-001 -7.692491e-003  9.777468e-001
    outer loop
      vertex  1.290138e+003 -3.249615e+003 -4.849813e+000
      vertex  1.201404e+003 -5.416025e+003 -2.867988e+000
      vertex  1.319528e+003 -3.249615e+003 -1.115166e+001
    endloop
  endfacet
  facet normal  2.097161e-001 -7.696302e-003  9.777320e-001
    outer loop
      vertex  1.319528e+003 -3.249615e+003 -1.115166e+001
      vertex  1.201404e+003 -5.416025e+003 -2.867988e+000
      vertex  1.224323e+003 -5.416025e+003 -7.783953e+000
    endloop
  endfacet
  facet normal  2.162122e-001 -7.983986e-003  9.763138e-001
    outer loop
      vertex  1.319528e+003 -3.249615e+003 -1.115166e+001
      vertex  1.224323e+003 -5.416025e+003 -7.783953e+000
      vertex  1.348953e+003 -3.249615e+003 -1.766796e+001
    endloop
  endfacet
  facet normal  0.000000e+000  1.000000e+000  0.000000e+000
    outer loop
      vertex  6.533351e+002  6.499231e+003  5.973037e+001
      vertex  6.613816e+002  6.499231e+003  5.965794e+001
      vertex  6.694265e+002  6.499231e+003  5.953307e+001
    endloop
  endfacet
  facet normal  -0.000000e+000  1.000000e+000  0.000000e+000
    outer loop
      vertex  1.142342e+003  6.499231e+003  1.273848e+000
      vertex  3.961161e+002  6.499231e+003  8.461583e+000
      vertex  3.968680e+002  6.499231e+003  9.605700e+000
    endloop
  endfacet
  facet normal  -0.000000e+000  1.000000e+000  0.000000e+000
    outer loop
      vertex  1.162008e+003  6.499231e+003 -2.841952e+000
      vertex  3.944429e+002  6.499231e+003  4.894814e+000
      vertex  3.948932e+002  6.499231e+003  6.101805e+000
    endloop
  endfacet
  facet normal  -0.000000e+000  1.000000e+000  -0.000000e+000
    outer loop
      vertex  1.023966e+003  6.499231e+003 -1.830578e+001
      vertex  4.021628e+002  6.499231e+003 -1.207516e+001
      vertex  4.009292e+002  6.499231e+003 -1.110737e+001
    endloop
  endfacet
  facet normal  -0.000000e+000  1.000000e+000  -0.000000e+000
    outer loop
      vertex  8.925897e+002  6.499231e+003 -2.526057e+001
      vertex  4.218999e+002  6.499231e+003 -2.101394e+001
      vertex  4.175920e+002  6.499231e+003 -1.961271e+001
    endloop
  endfacet
  facet normal  0.000000e+000  1.000000e+000  0.000000e+000
    outer loop
      vertex  5.708018e+002  6.499231e+003 -3.522097e+001
      vertex  5.609533e+002  6.499231e+003 -3.511377e+001
      vertex  5.806450e+002  6.499231e+003 -3.527132e+001
    endloop
  endfacet
  facet normal  0.000000e+000  9.999999e-001  -0.000000e+000
    outer loop
      vertex  1.181647e+003  6.499231e+003 -7.087966e+000
      vertex  1.181626e+003  6.499231e+003 -9.136100e+000
      vertex  3.938928e+002  6.499231e+003  4.765803e-015
    endloop
  endfacet
  facet normal  -0.000000e+000  1.000000e+000  -0.000000e+000
    outer loop
      vertex  1.181647e+003  6.499231e+003 -7.087966e+000
      vertex  3.938928e+002  6.499231e+003  4.765803e-015
      vertex  3.938381e+002  6.499231e+003  8.149067e-001
    endloop
  endfacet
  facet normal  -0.000000e+000  1.000000e+000  0.000000e+000
    outer loop
      vertex  1.181647e+003  6.499231e+003 -7.087966e+000
      vertex  3.938381e+002  6.499231e+003  8.149067e-001
      vertex  3.938429e+002  6.499231e+003  1.632270e+000
    endloop
  endfacet
  facet normal  -0.000000e+000  1.000000e+000  0.000000e+000
    outer loop
      vertex  1.181647e+003  6.499231e+003 -7.087966e+000
      vertex  3.938429e+002  6.499231e+003  1.632270e+000
      vertex  3.939070e+002  6.499231e+003  2.450500e+000
    endloop
  endfacet
  facet normal  -0.000000e+000  1.000000e+000  0.000000e+000
    outer loop
      vertex  1.181647e+003  6.499231e+003 -7.087966e+000
      vertex  3.939070e+002  6.499231e+003  2.450500e+000
      vertex  3.940293e+002  6.499231e+003  3.268026e+000
    endloop
  endfacet
  facet normal  -0.000000e+000  1.000000e+000  0.000000e+000
    outer loop
      vertex  1.181647e+003  6.499231e+003 -7.087966e+000
      vertex  3.940293e+002  6.499231e+003  3.268026e+000
      vertex  3.942085e+002  6.499231e+003  4.083302e+000
    endloop
  endfacet
  facet normal  -0.000000e+000  1.000000e+000  0.000000e+000
    outer loop
      vertex  1.181647e+003  6.499231e+003 -7.087966e+000
      vertex  3.942085e+002  6.499231e+003  4.083302e+000
      vertex  3.944429e+002  6.499231e+003  4.894814e+000
    endloop
  endfacet
  facet normal  0.000000e+000  1.000000e+000  0.000000e+000
    outer loop
      vertex  1.181647e+003  6.499231e+003 -7.087966e+000
      vertex  3.944429e+002  6.499231e+003  4.894814e+000
      vertex  1.162008e+003  6.499231e+003 -2.841952e+000
    endloop
  endfacet
  facet normal  0.000000e+000  1.000000e+000  -0.000000e+000
    outer loop
      vertex  1.050243e+003  6.499231e+003 -1.680541e+001
      vertex  1.023966e+003  6.499231e+003 -1.830578e+001
      vertex  4.009292e+002  6.499231e+003 -1.110737e+001
    endloop
  endfacet
  facet normal  -0.000000e+000  1.000000e+000  -0.000000e+000
    outer loop
      vertex  1.050243e+003  6.499231e+003 -1.680541e+001
      vertex  4.009292e+002  6.499231e+003 -1.110737e+001
      vertex  3.997406e+002  6.499231e+003 -1.007539e+001
    endloop
  endfacet
  facet normal  -0.000000e+000  1.000000e+000  -0.000000e+000
    outer loop
      vertex  1.050243e+003  6.499231e+003 -1.680541e+001
      vertex  3.997406e+002  6.499231e+003 -1.007539e+001
      vertex  3.985372e+002  6.499231e+003 -8.902336e+000
    endloop
  endfacet
  facet normal  -0.000000e+000  1.000000e+000  -0.000000e+000
    outer loop
      vertex  1.050243e+003  6.499231e+003 -1.680541e+001
      vertex  3.985372e+002  6.499231e+003 -8.902336e+000
      vertex  3.974260e+002  6.499231e+003 -7.662548e+000
    endloop
  endfacet
  facet normal  -0.000000e+000  1.000000e+000  -0.000000e+000
    outer loop
      vertex  1.050243e+003  6.499231e+003 -1.680541e+001
      vertex  3.974260e+002  6.499231e+003 -7.662548e+000
      vertex  3.965527e+002  6.499231e+003 -6.535687e+000
    endloop
  endfacet
  facet normal  0.000000e+000  1.000000e+000  0.000000e+000
    outer loop
      vertex  1.050243e+003  6.499231e+003 -1.680541e+001
      vertex  3.965527e+002  6.499231e+003 -6.535687e+000
      vertex  1.102796e+003  6.499231e+003 -1.376033e+001
    endloop
  endfacet
  facet normal  0.000000e+000  1.000000e+000  -0.000000e+000
    outer loop
      vertex  9.801764e+002  6.499231e+003 -2.069772e+001
      vertex  9.451398e+002  6.499231e+003 -2.253614e+001
      vertex  4.081956e+002  6.499231e+003 -1.577775e+001
    endloop
  endfacet
  facet normal  -0.000000e+000  1.000000e+000  -0.000000e+000
    outer loop
      vertex  9.801764e+002  6.499231e+003 -2.069772e+001
      vertex  4.081956e+002  6.499231e+003 -1.577775e+001
      vertex  4.058902e+002  6.499231e+003 -1.452837e+001
    endloop
  endfacet
  facet normal  -0.000000e+000  1.000000e+000  -0.000000e+000
    outer loop
      vertex  9.801764e+002  6.499231e+003 -2.069772e+001
      vertex  4.058902e+002  6.499231e+003 -1.452837e+001
      vertex  4.047438e+002  6.499231e+003 -1.383777e+001
    endloop
  endfacet
  facet normal  -0.000000e+000  9.999999e-001  -0.000000e+000
    outer loop
      vertex  9.801764e+002  6.499231e+003 -2.069772e+001
      vertex  4.047438e+002  6.499231e+003 -1.383777e+001
      vertex  4.036057e+002  6.499231e+003 -1.309917e+001
    endloop
  endfacet
  facet normal  -0.000000e+000  1.000000e+000  -0.000000e+000
    outer loop
      vertex  9.801764e+002  6.499231e+003 -2.069772e+001
      vertex  4.036057e+002  6.499231e+003 -1.309917e+001
      vertex  4.021628e+002  6.499231e+003 -1.207516e+001
    endloop
  endfacet
  facet normal  0.000000e+000  1.000000e+000  0.000000e+000
    outer loop
      vertex  9.801764e+002  6.499231e+003 -2.069772e+001
      vertex  4.021628e+002  6.499231e+003 -1.207516e+001
      vertex  1.023966e+003  6.499231e+003 -1.830578e+001
    endloop
  endfacet
  facet normal  0.000000e+000  1.000000e+000  0.000000e+000
    outer loop
      vertex  6.533351e+002  6.499231e+003  5.973037e+001
      vertex  6.694265e+002  6.499231e+003  5.953307e+001
      vertex  6.452874e+002  6.499231e+003  5.974854e+001
    endloop
  endfacet
  facet normal  0.000000e+000  1.000000e+000  0.000000e+000
    outer loop
      vertex  6.452874e+002  6.499231e+003  5.974854e+001
      vertex  6.694265e+002  6.499231e+003  5.953307e+001
      vertex  6.774695e+002  6.499231e+003  5.935783e+001
    endloop
  endfacet
  facet normal  0.000000e+000  1.000000e+000  0.000000e+000
    outer loop
      vertex  6.452874e+002  6.499231e+003  5.974854e+001
      vertex  6.774695e+002  6.499231e+003  5.935783e+001
      vertex  6.372391e+002  6.499231e+003  5.971091e+001
    endloop
  endfacet
  facet normal  0.000000e+000  9.999999e-001  0.000000e+000
    outer loop
      vertex  6.372391e+002  6.499231e+003  5.971091e+001
      vertex  6.774695e+002  6.499231e+003  5.935783e+001
      vertex  6.855107e+002  6.499231e+003  5.913445e+001
    endloop
  endfacet
  facet normal  0.000000e+000  1.000000e+000  0.000000e+000
    outer loop
      vertex  6.372391e+002  6.499231e+003  5.971091e+001
      vertex  6.855107e+002  6.499231e+003  5.913445e+001
      vertex  6.308551e+002  6.499231e+003  5.964060e+001
    endloop
  endfacet
  facet normal  0.000000e+000  1.000000e+000  0.000000e+000
    outer loop
      vertex  7.376356e+002  6.499231e+003  5.667761e+001
      vertex  5.914509e+002  6.499231e+003  5.839194e+001
      vertex  7.283002e+002  6.499231e+003  5.723151e+001
    endloop
  endfacet
  facet normal  0.000000e+000  1.000000e+000  0.000000e+000
    outer loop
      vertex  7.283002e+002  6.499231e+003  5.723151e+001
      vertex  5.914509e+002  6.499231e+003  5.839194e+001
      vertex  6.012924e+002  6.499231e+003  5.883803e+001
    endloop
  endfacet
  facet normal  0.000000e+000  1.000000e+000  0.000000e+000
    outer loop
      vertex  7.283002e+002  6.499231e+003  5.723151e+001
      vertex  6.012924e+002  6.499231e+003  5.883803e+001
      vertex  7.189626e+002  6.499231e+003  5.773977e+001
    endloop
  endfacet
  facet normal  0.000000e+000  1.000000e+000  0.000000e+000
    outer loop
      vertex  7.189626e+002  6.499231e+003  5.773977e+001
      vertex  6.012924e+002  6.499231e+003  5.883803e+001
      vertex  6.111412e+002  6.499231e+003  5.919351e+001
    endloop
  endfacet
  facet normal  0.000000e+000  1.000000e+000  0.000000e+000
    outer loop
      vertex  7.189626e+002  6.499231e+003  5.773977e+001
      vertex  6.111412e+002  6.499231e+003  5.919351e+001
      vertex  7.096230e+002  6.499231e+003  5.819920e+001
    endloop
  endfacet
  facet normal  0.000000e+000  1.000000e+000  0.000000e+000
    outer loop
      vertex  7.096230e+002  6.499231e+003  5.819920e+001
      vertex  6.111412e+002  6.499231e+003  5.919351e+001
      vertex  6.209962e+002  6.499231e+003  5.946070e+001
    endloop
  endfacet
  facet normal  0.000000e+000  1.000000e+000  0.000000e+000
    outer loop
      vertex  7.096230e+002  6.499231e+003  5.819920e+001
      vertex  6.209962e+002  6.499231e+003  5.946070e+001
      vertex  6.975688e+002  6.499231e+003  5.871428e+001
    endloop
  endfacet
  facet normal  0.000000e+000  1.000000e+000  0.000000e+000
    outer loop
      vertex  6.975688e+002  6.499231e+003  5.871428e+001
      vertex  6.209962e+002  6.499231e+003  5.946070e+001
      vertex  6.308551e+002  6.499231e+003  5.964060e+001
    endloop
  endfacet
  facet normal  0.000000e+000  1.000000e+000  0.000000e+000
    outer loop
      vertex  6.975688e+002  6.499231e+003  5.871428e+001
      vertex  6.308551e+002  6.499231e+003  5.964060e+001
      vertex  6.855107e+002  6.499231e+003  5.913445e+001
    endloop
  endfacet
  facet normal  0.000000e+000  1.000000e+000  0.000000e+000
    outer loop
      vertex  7.883520e+002  6.499231e+003  5.297663e+001
      vertex  5.520305e+002  6.499231e+003  5.556779e+001
      vertex  7.780110e+002  6.499231e+003  5.381784e+001
    endloop
  endfacet
  facet normal  0.000000e+000  1.000000e+000  0.000000e+000
    outer loop
      vertex  7.780110e+002  6.499231e+003  5.381784e+001
      vertex  5.520305e+002  6.499231e+003  5.556779e+001
      vertex  5.631754e+002  6.499231e+003  5.655050e+001
    endloop
  endfacet
  facet normal  0.000000e+000  1.000000e+000  0.000000e+000
    outer loop
      vertex  7.780110e+002  6.499231e+003  5.381784e+001
      vertex  5.631754e+002  6.499231e+003  5.655050e+001
      vertex  7.676667e+002  6.499231e+003  5.461700e+001
    endloop
  endfacet
  facet normal  0.000000e+000  1.000000e+000  0.000000e+000
    outer loop
      vertex  7.676667e+002  6.499231e+003  5.461700e+001
      vertex  5.631754e+002  6.499231e+003  5.655050e+001
      vertex  5.725984e+002  6.499231e+003  5.726351e+001
    endloop
  endfacet
  facet normal  0.000000e+000  1.000000e+000  0.000000e+000
    outer loop
      vertex  7.676667e+002  6.499231e+003  5.461700e+001
      vertex  5.725984e+002  6.499231e+003  5.726351e+001
      vertex  7.573193e+002  6.499231e+003  5.537220e+001
    endloop
  endfacet
  facet normal  0.000000e+000  1.000000e+000  0.000000e+000
    outer loop
      vertex  7.573193e+002  6.499231e+003  5.537220e+001
      vertex  5.725984e+002  6.499231e+003  5.726351e+001
      vertex  5.820227e+002  6.499231e+003  5.787484e+001
    endloop
  endfacet
  facet normal  0.000000e+000  1.000000e+000  0.000000e+000
    outer loop
      vertex  7.573193e+002  6.499231e+003  5.537220e+001
      vertex  5.820227e+002  6.499231e+003  5.787484e+001
      vertex  7.469689e+002  6.499231e+003  5.608096e+001
    endloop
  endfacet
  facet normal  0.000000e+000  1.000000e+000  0.000000e+000
    outer loop
      vertex  7.469689e+002  6.499231e+003  5.608096e+001
      vertex  5.820227e+002  6.499231e+003  5.787484e+001
      vertex  5.914509e+002  6.499231e+003  5.839194e+001
    endloop
  endfacet
  facet normal  0.000000e+000  1.000000e+000  0.000000e+000
    outer loop
      vertex  7.469689e+002  6.499231e+003  5.608096e+001
      vertex  5.914509e+002  6.499231e+003  5.839194e+001
      vertex  7.376356e+002  6.499231e+003  5.667761e+001
    endloop
  endfacet
  facet normal  0.000000e+000  1.000000e+000  0.000000e+000
    outer loop
      vertex  5.388386e+002  6.499231e+003  5.420501e+001
      vertex  5.454317e+002  6.499231e+003  5.491301e+001
      vertex  8.011296e+002  6.499231e+003  5.188051e+001
    endloop
  endfacet
  facet normal  0.000000e+000  1.000000e+000  0.000000e+000
    outer loop
      vertex  8.011296e+002  6.499231e+003  5.188051e+001
      vertex  5.454317e+002  6.499231e+003  5.491301e+001
      vertex  5.520305e+002  6.499231e+003  5.556779e+001
    endloop
  endfacet
  facet normal  0.000000e+000  1.000000e+000  0.000000e+000
    outer loop
      vertex  8.011296e+002  6.499231e+003  5.188051e+001
      vertex  5.520305e+002  6.499231e+003  5.556779e+001
      vertex  7.883520e+002  6.499231e+003  5.297663e+001
    endloop
  endfacet
  facet normal  0.000000e+000  9.999999e-001  0.000000e+000
    outer loop
      vertex  5.086467e+002  6.499231e+003  5.026841e+001
      vertex  5.125905e+002  6.499231e+003  5.085306e+001
      vertex  8.521785e+002  6.499231e+003  4.688118e+001
    endloop
  endfacet
  facet normal  0.000000e+000  1.000000e+000  0.000000e+000
    outer loop
      vertex  8.521785e+002  6.499231e+003  4.688118e+001
      vertex  5.125905e+002  6.499231e+003  5.085306e+001
      vertex  5.191290e+002  6.499231e+003  5.177134e+001
    endloop
  endfacet
  facet normal  0.000000e+000  1.000000e+000  0.000000e+000
    outer loop
      vertex  8.521785e+002  6.499231e+003  4.688118e+001
      vertex  5.191290e+002  6.499231e+003  5.177134e+001
      vertex  8.394261e+002  6.499231e+003  4.822425e+001
    endloop
  endfacet
  facet normal  0.000000e+000  1.000000e+000  0.000000e+000
    outer loop
      vertex  8.394261e+002  6.499231e+003  4.822425e+001
      vertex  5.191290e+002  6.499231e+003  5.177134e+001
      vertex  5.256841e+002  6.499231e+003  5.263420e+001
    endloop
  endfacet
  facet normal  0.000000e+000  1.000000e+000  0.000000e+000
    outer loop
      vertex  8.394261e+002  6.499231e+003  4.822425e+001
      vertex  5.256841e+002  6.499231e+003  5.263420e+001
      vertex  8.266670e+002  6.499231e+003  4.950462e+001
    endloop
  endfacet
  facet normal  0.000000e+000  1.000000e+000  0.000000e+000
    outer loop
      vertex  8.266670e+002  6.499231e+003  4.950462e+001
      vertex  5.256841e+002  6.499231e+003  5.263420e+001
      vertex  5.322548e+002  6.499231e+003  5.344514e+001
    endloop
  endfacet
  facet normal  0.000000e+000  1.000000e+000  0.000000e+000
    outer loop
      vertex  8.266670e+002  6.499231e+003  4.950462e+001
      vertex  5.322548e+002  6.499231e+003  5.344514e+001
      vertex  8.139014e+002  6.499231e+003  5.072316e+001
    endloop
  endfacet
  facet normal  0.000000e+000  1.000000e+000  0.000000e+000
    outer loop
      vertex  8.139014e+002  6.499231e+003  5.072316e+001
      vertex  5.322548e+002  6.499231e+003  5.344514e+001
      vertex  5.388386e+002  6.499231e+003  5.420501e+001
    endloop
  endfacet
  facet normal  0.000000e+000  1.000000e+000  0.000000e+000
    outer loop
      vertex  8.139014e+002  6.499231e+003  5.072316e+001
      vertex  5.388386e+002  6.499231e+003  5.420501e+001
      vertex  8.011296e+002  6.499231e+003  5.188051e+001
    endloop
  endfacet
  facet normal  0.000000e+000  1.000000e+000  0.000000e+000
    outer loop
      vertex  4.582580e+002  6.499231e+003  3.980339e+001
      vertex  4.631800e+002  6.499231e+003  4.109670e+001
      vertex  9.457336e+002  6.499231e+003  3.512671e+001
    endloop
  endfacet
  facet normal  0.000000e+000  9.999999e-001  0.000000e+000
    outer loop
      vertex  9.457336e+002  6.499231e+003  3.512671e+001
      vertex  4.631800e+002  6.499231e+003  4.109670e+001
      vertex  4.681385e+002  6.499231e+003  4.234389e+001
    endloop
  endfacet
  facet normal  0.000000e+000  1.000000e+000  0.000000e+000
    outer loop
      vertex  9.457336e+002  6.499231e+003  3.512671e+001
      vertex  4.681385e+002  6.499231e+003  4.234389e+001
      vertex  9.326396e+002  6.499231e+003  3.695880e+001
    endloop
  endfacet
  facet normal  0.000000e+000  1.000000e+000  0.000000e+000
    outer loop
      vertex  9.326396e+002  6.499231e+003  3.695880e+001
      vertex  4.681385e+002  6.499231e+003  4.234389e+001
      vertex  4.731239e+002  6.499231e+003  4.353877e+001
    endloop
  endfacet
  facet normal  0.000000e+000  9.999999e-001  0.000000e+000
    outer loop
      vertex  9.326396e+002  6.499231e+003  3.695880e+001
      vertex  4.731239e+002  6.499231e+003  4.353877e+001
      vertex  9.195381e+002  6.499231e+003  3.873585e+001
    endloop
  endfacet
  facet normal  0.000000e+000  1.000000e+000  0.000000e+000
    outer loop
      vertex  9.195381e+002  6.499231e+003  3.873585e+001
      vertex  4.731239e+002  6.499231e+003  4.353877e+001
      vertex  4.811554e+002  6.499231e+003  4.533032e+001
    endloop
  endfacet
  facet normal  0.000000e+000  1.000000e+000  0.000000e+000
    outer loop
      vertex  9.195381e+002  6.499231e+003  3.873585e+001
      vertex  4.811554e+002  6.499231e+003  4.533032e+001
      vertex  9.064288e+002  6.499231e+003  4.045473e+001
    endloop
  endfacet
  facet normal  0.000000e+000  1.000000e+000  0.000000e+000
    outer loop
      vertex  9.064288e+002  6.499231e+003  4.045473e+001
      vertex  4.811554e+002  6.499231e+003  4.533032e+001
      vertex  4.880246e+002  6.499231e+003  4.672911e+001
    endloop
  endfacet
  facet normal  0.000000e+000  1.000000e+000  0.000000e+000
    outer loop
      vertex  9.064288e+002  6.499231e+003  4.045473e+001
      vertex  4.880246e+002  6.499231e+003  4.672911e+001
      vertex  8.933118e+002  6.499231e+003  4.211234e+001
    endloop
  endfacet
  facet normal  0.000000e+000  1.000000e+000  0.000000e+000
    outer loop
      vertex  8.933118e+002  6.499231e+003  4.211234e+001
      vertex  4.880246e+002  6.499231e+003  4.672911e+001
      vertex  4.948947e+002  6.499231e+003  4.801035e+001
    endloop
  endfacet
  facet normal  0.000000e+000  1.000000e+000  0.000000e+000
    outer loop
      vertex  8.933118e+002  6.499231e+003  4.211234e+001
      vertex  4.948947e+002  6.499231e+003  4.801035e+001
      vertex  8.801872e+002  6.499231e+003  4.370590e+001
    endloop
  endfacet
  facet normal  0.000000e+000  1.000000e+000  0.000000e+000
    outer loop
      vertex  8.801872e+002  6.499231e+003  4.370590e+001
      vertex  4.948947e+002  6.499231e+003  4.801035e+001
      vertex  5.017670e+002  6.499231e+003  4.918518e+001
    endloop
  endfacet
  facet normal  0.000000e+000  1.000000e+000  0.000000e+000
    outer loop
      vertex  8.801872e+002  6.499231e+003  4.370590e+001
      vertex  5.017670e+002  6.499231e+003  4.918518e+001
      vertex  8.649240e+002  6.499231e+003  4.547472e+001
    endloop
  endfacet
  facet normal  0.000000e+000  1.000000e+000  0.000000e+000
    outer loop
      vertex  8.649240e+002  6.499231e+003  4.547472e+001
      vertex  5.017670e+002  6.499231e+003  4.918518e+001
      vertex  5.086467e+002  6.499231e+003  5.026841e+001
    endloop
  endfacet
  facet normal  0.000000e+000  1.000000e+000  0.000000e+000
    outer loop
      vertex  8.649240e+002  6.499231e+003  4.547472e+001
      vertex  5.086467e+002  6.499231e+003  5.026841e+001
      vertex  8.521785e+002  6.499231e+003  4.688118e+001
    endloop
  endfacet
  facet normal  0.000000e+000  1.000000e+000  0.000000e+000
    outer loop
      vertex  4.409263e+002  6.499231e+003  3.469206e+001
      vertex  4.450760e+002  6.499231e+003  3.602011e+001
      vertex  9.847626e+002  6.499231e+003  2.935718e+001
    endloop
  endfacet
  facet normal  0.000000e+000  1.000000e+000  0.000000e+000
    outer loop
      vertex  9.847626e+002  6.499231e+003  2.935718e+001
      vertex  4.450760e+002  6.499231e+003  3.602011e+001
      vertex  4.492210e+002  6.499231e+003  3.727095e+001
    endloop
  endfacet
  facet normal  0.000000e+000  1.000000e+000  0.000000e+000
    outer loop
      vertex  9.847626e+002  6.499231e+003  2.935718e+001
      vertex  4.492210e+002  6.499231e+003  3.727095e+001
      vertex  9.715375e+002  6.499231e+003  3.136213e+001
    endloop
  endfacet
  facet normal  0.000000e+000  1.000000e+000  0.000000e+000
    outer loop
      vertex  9.715375e+002  6.499231e+003  3.136213e+001
      vertex  4.492210e+002  6.499231e+003  3.727095e+001
      vertex  4.533759e+002  6.499231e+003  3.846369e+001
    endloop
  endfacet
  facet normal  0.000000e+000  1.000000e+000  0.000000e+000
    outer loop
      vertex  9.715375e+002  6.499231e+003  3.136213e+001
      vertex  4.533759e+002  6.499231e+003  3.846369e+001
      vertex  9.586392e+002  6.499231e+003  3.326875e+001
    endloop
  endfacet
  facet normal  0.000000e+000  1.000000e+000  0.000000e+000
    outer loop
      vertex  9.586392e+002  6.499231e+003  3.326875e+001
      vertex  4.533759e+002  6.499231e+003  3.846369e+001
      vertex  4.582580e+002  6.499231e+003  3.980339e+001
    endloop
  endfacet
  facet normal  0.000000e+000  1.000000e+000  0.000000e+000
    outer loop
      vertex  9.586392e+002  6.499231e+003  3.326875e+001
      vertex  4.582580e+002  6.499231e+003  3.980339e+001
      vertex  9.457336e+002  6.499231e+003  3.512671e+001
    endloop
  endfacet
  facet normal  0.000000e+000  1.000000e+000  0.000000e+000
    outer loop
      vertex  4.301711e+002  6.499231e+003  3.081032e+001
      vertex  4.336150e+002  6.499231e+003  3.212822e+001
      vertex  1.011190e+003  6.499231e+003  2.520164e+001
    endloop
  endfacet
  facet normal  0.000000e+000  1.000000e+000  0.000000e+000
    outer loop
      vertex  1.011190e+003  6.499231e+003  2.520164e+001
      vertex  4.336150e+002  6.499231e+003  3.212822e+001
      vertex  4.367627e+002  6.499231e+003  3.326971e+001
    endloop
  endfacet
  facet normal  0.000000e+000  1.000000e+000  0.000000e+000
    outer loop
      vertex  1.011190e+003  6.499231e+003  2.520164e+001
      vertex  4.367627e+002  6.499231e+003  3.326971e+001
      vertex  9.979800e+002  6.499231e+003  2.730361e+001
    endloop
  endfacet
  facet normal  0.000000e+000  9.999999e-001  0.000000e+000
    outer loop
      vertex  9.979800e+002  6.499231e+003  2.730361e+001
      vertex  4.367627e+002  6.499231e+003  3.326971e+001
      vertex  4.409263e+002  6.499231e+003  3.469206e+001
    endloop
  endfacet
  facet normal  0.000000e+000  1.000000e+000  0.000000e+000
    outer loop
      vertex  9.979800e+002  6.499231e+003  2.730361e+001
      vertex  4.409263e+002  6.499231e+003  3.469206e+001
      vertex  9.847626e+002  6.499231e+003  2.935718e+001
    endloop
  endfacet
  facet normal  0.000000e+000  1.000000e+000  0.000000e+000
    outer loop
      vertex  4.201104e+002  6.499231e+003  2.650768e+001
      vertex  4.233926e+002  6.499231e+003  2.799316e+001
      vertex  1.039163e+003  6.499231e+003  2.058304e+001
    endloop
  endfacet
  facet normal  0.000000e+000  9.999999e-001  0.000000e+000
    outer loop
      vertex  1.039163e+003  6.499231e+003  2.058304e+001
      vertex  4.233926e+002  6.499231e+003  2.799316e+001
      vertex  4.267545e+002  6.499231e+003  2.942900e+001
    endloop
  endfacet
  facet normal  0.000000e+000  1.000000e+000  0.000000e+000
    outer loop
      vertex  1.039163e+003  6.499231e+003  2.058304e+001
      vertex  4.267545e+002  6.499231e+003  2.942900e+001
      vertex  1.024392e+003  6.499231e+003  2.305077e+001
    endloop
  endfacet
  facet normal  0.000000e+000  9.999999e-001  0.000000e+000
    outer loop
      vertex  1.024392e+003  6.499231e+003  2.305077e+001
      vertex  4.267545e+002  6.499231e+003  2.942900e+001
      vertex  4.301711e+002  6.499231e+003  3.081032e+001
    endloop
  endfacet
  facet normal  0.000000e+000  1.000000e+000  0.000000e+000
    outer loop
      vertex  1.024392e+003  6.499231e+003  2.305077e+001
      vertex  4.301711e+002  6.499231e+003  3.081032e+001
      vertex  1.011190e+003  6.499231e+003  2.520164e+001
    endloop
  endfacet
  facet normal  0.000000e+000  1.000000e+000  0.000000e+000
    outer loop
      vertex  4.112332e+002  6.499231e+003  2.187309e+001
      vertex  4.138289e+002  6.499231e+003  2.335074e+001
      vertex  1.068670e+003  6.499231e+003  1.544646e+001
    endloop
  endfacet
  facet normal  0.000000e+000  1.000000e+000  0.000000e+000
    outer loop
      vertex  1.068670e+003  6.499231e+003  1.544646e+001
      vertex  4.138289e+002  6.499231e+003  2.335074e+001
      vertex  4.169232e+002  6.499231e+003  2.496735e+001
    endloop
  endfacet
  facet normal  0.000000e+000  1.000000e+000  0.000000e+000
    outer loop
      vertex  1.068670e+003  6.499231e+003  1.544646e+001
      vertex  4.169232e+002  6.499231e+003  2.496735e+001
      vertex  1.053922e+003  6.499231e+003  1.804945e+001
    endloop
  endfacet
  facet normal  0.000000e+000  1.000000e+000  0.000000e+000
    outer loop
      vertex  1.053922e+003  6.499231e+003  1.804945e+001
      vertex  4.169232e+002  6.499231e+003  2.496735e+001
      vertex  4.201104e+002  6.499231e+003  2.650768e+001
    endloop
  endfacet
  facet normal  0.000000e+000  1.000000e+000  0.000000e+000
    outer loop
      vertex  1.053922e+003  6.499231e+003  1.804945e+001
      vertex  4.201104e+002  6.499231e+003  2.650768e+001
      vertex  1.039163e+003  6.499231e+003  2.058304e+001
    endloop
  endfacet
  facet normal  0.000000e+000  1.000000e+000  0.000000e+000
    outer loop
      vertex  4.039140e+002  6.499231e+003  1.683509e+001
      vertex  4.062866e+002  6.499231e+003  1.863934e+001
      vertex  1.103031e+003  6.499231e+003  9.084241e+000
    endloop
  endfacet
  facet normal  0.000000e+000  1.000000e+000  0.000000e+000
    outer loop
      vertex  1.103031e+003  6.499231e+003  9.084241e+000
      vertex  4.062866e+002  6.499231e+003  1.863934e+001
      vertex  4.086579e+002  6.499231e+003  2.026746e+001
    endloop
  endfacet
  facet normal  0.000000e+000  1.000000e+000  0.000000e+000
    outer loop
      vertex  1.103031e+003  6.499231e+003  9.084241e+000
      vertex  4.086579e+002  6.499231e+003  2.026746e+001
      vertex  1.083404e+003  6.499231e+003  1.277058e+001
    endloop
  endfacet
  facet normal  0.000000e+000  1.000000e+000  0.000000e+000
    outer loop
      vertex  1.083404e+003  6.499231e+003  1.277058e+001
      vertex  4.086579e+002  6.499231e+003  2.026746e+001
      vertex  4.112332e+002  6.499231e+003  2.187309e+001
    endloop
  endfacet
  facet normal  0.000000e+000  1.000000e+000  0.000000e+000
    outer loop
      vertex  1.083404e+003  6.499231e+003  1.277058e+001
      vertex  4.112332e+002  6.499231e+003  2.187309e+001
      vertex  1.068670e+003  6.499231e+003  1.544646e+001
    endloop
  endfacet
  facet normal  0.000000e+000  1.000000e+000  0.000000e+000
    outer loop
      vertex  1.103031e+003  6.499231e+003  9.084241e+000
      vertex  1.122700e+003  6.499231e+003  5.246951e+000
      vertex  4.039140e+002  6.499231e+003  1.683509e+001
    endloop
  endfacet
  facet normal  0.000000e+000  1.000000e+000  0.000000e+000
    outer loop
      vertex  4.039140e+002  6.499231e+003  1.683509e+001
      vertex  1.122700e+003  6.499231e+003  5.246951e+000
      vertex  4.025253e+002  6.499231e+003  1.567901e+001
    endloop
  endfacet
  facet normal  -0.000000e+000  1.000000e+000  0.000000e+000
    outer loop
      vertex  1.122700e+003  6.499231e+003  5.246951e+000
      vertex  3.998450e+002  6.499231e+003  1.316105e+001
      vertex  4.025253e+002  6.499231e+003  1.567901e+001
    endloop
  endfacet
  facet normal  0.000000e+000  1.000000e+000  0.000000e+000
    outer loop
      vertex  4.025253e+002  6.499231e+003  1.567901e+001
      vertex  3.998450e+002  6.499231e+003  1.316105e+001
      vertex  4.011625e+002  6.499231e+003  1.445393e+001
    endloop
  endfacet
  facet normal  0.000000e+000  1.000000e+000  0.000000e+000
    outer loop
      vertex  1.122700e+003  6.499231e+003  5.246951e+000
      vertex  1.142342e+003  6.499231e+003  1.273848e+000
      vertex  3.998450e+002  6.499231e+003  1.316105e+001
    endloop
  endfacet
  facet normal  0.000000e+000  1.000000e+000  0.000000e+000
    outer loop
      vertex  3.998450e+002  6.499231e+003  1.316105e+001
      vertex  1.142342e+003  6.499231e+003  1.273848e+000
      vertex  3.985955e+002  6.499231e+003  1.180352e+001
    endloop
  endfacet
  facet normal  -0.000000e+000  9.999999e-001  0.000000e+000
    outer loop
      vertex  1.142342e+003  6.499231e+003  1.273848e+000
      vertex  3.968680e+002  6.499231e+003  9.605700e+000
      vertex  3.985955e+002  6.499231e+003  1.180352e+001
    endloop
  endfacet
  facet normal  0.000000e+000  1.000000e+000  0.000000e+000
    outer loop
      vertex  3.985955e+002  6.499231e+003  1.180352e+001
      vertex  3.968680e+002  6.499231e+003  9.605700e+000
      vertex  3.976984e+002  6.499231e+003  1.072079e+001
    endloop
  endfacet
  facet normal  0.000000e+000  1.000000e+000  0.000000e+000
    outer loop
      vertex  3.948932e+002  6.499231e+003  6.101805e+000
      vertex  3.954542e+002  6.499231e+003  7.292229e+000
      vertex  1.162008e+003  6.499231e+003 -2.841952e+000
    endloop
  endfacet
  facet normal  0.000000e+000  1.000000e+000  0.000000e+000
    outer loop
      vertex  1.162008e+003  6.499231e+003 -2.841952e+000
      vertex  3.954542e+002  6.499231e+003  7.292229e+000
      vertex  3.961161e+002  6.499231e+003  8.461583e+000
    endloop
  endfacet
  facet normal  0.000000e+000  1.000000e+000  0.000000e+000
    outer loop
      vertex  1.162008e+003  6.499231e+003 -2.841952e+000
      vertex  3.961161e+002  6.499231e+003  8.461583e+000
      vertex  1.142342e+003  6.499231e+003  1.273848e+000
    endloop
  endfacet
  facet normal  0.000000e+000  9.999999e-001  0.000000e+000
    outer loop
      vertex  3.938928e+002  6.499231e+003  4.765803e-015
      vertex  1.181626e+003  6.499231e+003 -9.136100e+000
      vertex  3.940270e+002  6.499231e+003 -9.212131e-001
    endloop
  endfacet
  facet normal  0.000000e+000  1.000000e+000  0.000000e+000
    outer loop
      vertex  3.940270e+002  6.499231e+003 -9.212131e-001
      vertex  1.181626e+003  6.499231e+003 -9.136100e+000
      vertex  1.142210e+003  6.499231e+003 -1.148760e+001
    endloop
  endfacet
  facet normal  0.000000e+000  1.000000e+000  0.000000e+000
    outer loop
      vertex  3.940270e+002  6.499231e+003 -9.212131e-001
      vertex  1.142210e+003  6.499231e+003 -1.148760e+001
      vertex  3.942368e+002  6.499231e+003 -1.834834e+000
    endloop
  endfacet
  facet normal  0.000000e+000  1.000000e+000  0.000000e+000
    outer loop
      vertex  3.942368e+002  6.499231e+003 -1.834834e+000
      vertex  1.142210e+003  6.499231e+003 -1.148760e+001
      vertex  3.948741e+002  6.499231e+003 -3.629991e+000
    endloop
  endfacet
  facet normal  0.000000e+000  1.000000e+000  0.000000e+000
    outer loop
      vertex  3.942368e+002  6.499231e+003 -1.834834e+000
      vertex  3.948741e+002  6.499231e+003 -3.629991e+000
      vertex  3.945201e+002  6.499231e+003 -2.738527e+000
    endloop
  endfacet
  facet normal  0.000000e+000  9.999999e-001  -0.000000e+000
    outer loop
      vertex  1.142210e+003  6.499231e+003 -1.148760e+001
      vertex  1.102796e+003  6.499231e+003 -1.376033e+001
      vertex  3.948741e+002  6.499231e+003 -3.629991e+000
    endloop
  endfacet
  facet normal  0.000000e+000  1.000000e+000  0.000000e+000
    outer loop
      vertex  3.948741e+002  6.499231e+003 -3.629991e+000
      vertex  1.102796e+003  6.499231e+003 -1.376033e+001
      vertex  3.952955e+002  6.499231e+003 -4.506987e+000
    endloop
  endfacet
  facet normal  -0.000000e+000  1.000000e+000  -0.000000e+000
    outer loop
      vertex  1.102796e+003  6.499231e+003 -1.376033e+001
      vertex  3.965527e+002  6.499231e+003 -6.535687e+000
      vertex  3.952955e+002  6.499231e+003 -4.506987e+000
    endloop
  endfacet
  facet normal  0.000000e+000  1.000000e+000  0.000000e+000
    outer loop
      vertex  3.952955e+002  6.499231e+003 -4.506987e+000
      vertex  3.965527e+002  6.499231e+003 -6.535687e+000
      vertex  3.957800e+002  6.499231e+003 -5.367356e+000
    endloop
  endfacet
  facet normal  0.000000e+000  1.000000e+000  0.000000e+000
    outer loop
      vertex  4.081956e+002  6.499231e+003 -1.577775e+001
      vertex  9.451398e+002  6.499231e+003 -2.253614e+001
      vertex  4.107882e+002  6.499231e+003 -1.700034e+001
    endloop
  endfacet
  facet normal  0.000000e+000  9.999999e-001  0.000000e+000
    outer loop
      vertex  4.107882e+002  6.499231e+003 -1.700034e+001
      vertex  9.451398e+002  6.499231e+003 -2.253614e+001
      vertex  8.925897e+002  6.499231e+003 -2.526057e+001
    endloop
  endfacet
  facet normal  0.000000e+000  1.000000e+000  0.000000e+000
    outer loop
      vertex  4.107882e+002  6.499231e+003 -1.700034e+001
      vertex  8.925897e+002  6.499231e+003 -2.526057e+001
      vertex  4.134022e+002  6.499231e+003 -1.808459e+001
    endloop
  endfacet
  facet normal  0.000000e+000  1.000000e+000  0.000000e+000
    outer loop
      vertex  4.134022e+002  6.499231e+003 -1.808459e+001
      vertex  8.925897e+002  6.499231e+003 -2.526057e+001
      vertex  4.175920e+002  6.499231e+003 -1.961271e+001
    endloop
  endfacet
  facet normal  0.000000e+000  1.000000e+000  0.000000e+000
    outer loop
      vertex  4.134022e+002  6.499231e+003 -1.808459e+001
      vertex  4.175920e+002  6.499231e+003 -1.961271e+001
      vertex  4.154830e+002  6.499231e+003 -1.886941e+001
    endloop
  endfacet
  facet normal  0.000000e+000  1.000000e+000  0.000000e+000
    outer loop
      vertex  4.330358e+002  6.499231e+003 -2.411669e+001
      vertex  4.296645e+002  6.499231e+003 -2.325256e+001
      vertex  8.312888e+002  6.499231e+003 -2.835492e+001
    endloop
  endfacet
  facet normal  0.000000e+000  1.000000e+000  0.000000e+000
    outer loop
      vertex  8.312888e+002  6.499231e+003 -2.835492e+001
      vertex  4.296645e+002  6.499231e+003 -2.325256e+001
      vertex  4.263111e+002  6.499231e+003 -2.232727e+001
    endloop
  endfacet
  facet normal  0.000000e+000  1.000000e+000  0.000000e+000
    outer loop
      vertex  8.312888e+002  6.499231e+003 -2.835492e+001
      vertex  4.263111e+002  6.499231e+003 -2.232727e+001
      vertex  8.663151e+002  6.499231e+003 -2.660895e+001
    endloop
  endfacet
  facet normal  0.000000e+000  1.000000e+000  0.000000e+000
    outer loop
      vertex  8.663151e+002  6.499231e+003 -2.660895e+001
      vertex  4.263111e+002  6.499231e+003 -2.232727e+001
      vertex  4.218999e+002  6.499231e+003 -2.101394e+001
    endloop
  endfacet
  facet normal  0.000000e+000  1.000000e+000  0.000000e+000
    outer loop
      vertex  8.663151e+002  6.499231e+003 -2.660895e+001
      vertex  4.218999e+002  6.499231e+003 -2.101394e+001
      vertex  8.925897e+002  6.499231e+003 -2.526057e+001
    endloop
  endfacet
  facet normal  0.000000e+000  1.000000e+000  0.000000e+000
    outer loop
      vertex  4.477839e+002  6.499231e+003 -2.710236e+001
      vertex  4.428798e+002  6.499231e+003 -2.624268e+001
      vertex  7.874937e+002  6.499231e+003 -3.036666e+001
    endloop
  endfacet
  facet normal  0.000000e+000  1.000000e+000  0.000000e+000
    outer loop
      vertex  7.874937e+002  6.499231e+003 -3.036666e+001
      vertex  4.428798e+002  6.499231e+003 -2.624268e+001
      vertex  4.379649e+002  6.499231e+003 -2.525423e+001
    endloop
  endfacet
  facet normal  0.000000e+000  1.000000e+000  0.000000e+000
    outer loop
      vertex  7.874937e+002  6.499231e+003 -3.036666e+001
      vertex  4.379649e+002  6.499231e+003 -2.525423e+001
      vertex  8.137729e+002  6.499231e+003 -2.918861e+001
    endloop
  endfacet
  facet normal  0.000000e+000  1.000000e+000  0.000000e+000
    outer loop
      vertex  8.137729e+002  6.499231e+003 -2.918861e+001
      vertex  4.379649e+002  6.499231e+003 -2.525423e+001
      vertex  4.330358e+002  6.499231e+003 -2.411669e+001
    endloop
  endfacet
  facet normal  0.000000e+000  1.000000e+000  0.000000e+000
    outer loop
      vertex  8.137729e+002  6.499231e+003 -2.918861e+001
      vertex  4.330358e+002  6.499231e+003 -2.411669e+001
      vertex  8.312888e+002  6.499231e+003 -2.835492e+001
    endloop
  endfacet
  facet normal  0.000000e+000  1.000000e+000  0.000000e+000
    outer loop
      vertex  4.789368e+002  6.499231e+003 -3.103783e+001
      vertex  4.723629e+002  6.499231e+003 -3.035159e+001
      vertex  7.086820e+002  6.499231e+003 -3.317908e+001
    endloop
  endfacet
  facet normal  0.000000e+000  1.000000e+000  0.000000e+000
    outer loop
      vertex  7.086820e+002  6.499231e+003 -3.317908e+001
      vertex  4.723629e+002  6.499231e+003 -3.035159e+001
      vertex  4.679589e+002  6.499231e+003 -2.985356e+001
    endloop
  endfacet
  facet normal  0.000000e+000  1.000000e+000  0.000000e+000
    outer loop
      vertex  7.086820e+002  6.499231e+003 -3.317908e+001
      vertex  4.679589e+002  6.499231e+003 -2.985356e+001
      vertex  7.283851e+002  6.499231e+003 -3.258821e+001
    endloop
  endfacet
  facet normal  0.000000e+000  1.000000e+000  0.000000e+000
    outer loop
      vertex  7.283851e+002  6.499231e+003 -3.258821e+001
      vertex  4.679589e+002  6.499231e+003 -2.985356e+001
      vertex  4.602971e+002  6.499231e+003 -2.891174e+001
    endloop
  endfacet
  facet normal  0.000000e+000  1.000000e+000  0.000000e+000
    outer loop
      vertex  7.283851e+002  6.499231e+003 -3.258821e+001
      vertex  4.602971e+002  6.499231e+003 -2.891174e+001
      vertex  7.480889e+002  6.499231e+003 -3.192123e+001
    endloop
  endfacet
  facet normal  0.000000e+000  1.000000e+000  0.000000e+000
    outer loop
      vertex  7.480889e+002  6.499231e+003 -3.192123e+001
      vertex  4.602971e+002  6.499231e+003 -2.891174e+001
      vertex  4.526929e+002  6.499231e+003 -2.786434e+001
    endloop
  endfacet
  facet normal  0.000000e+000  1.000000e+000  0.000000e+000
    outer loop
      vertex  7.480889e+002  6.499231e+003 -3.192123e+001
      vertex  4.526929e+002  6.499231e+003 -2.786434e+001
      vertex  7.677924e+002  6.499231e+003 -3.117900e+001
    endloop
  endfacet
  facet normal  0.000000e+000  1.000000e+000  0.000000e+000
    outer loop
      vertex  7.677924e+002  6.499231e+003 -3.117900e+001
      vertex  4.526929e+002  6.499231e+003 -2.786434e+001
      vertex  4.477839e+002  6.499231e+003 -2.710236e+001
    endloop
  endfacet
  facet normal  0.000000e+000  1.000000e+000  0.000000e+000
    outer loop
      vertex  7.677924e+002  6.499231e+003 -3.117900e+001
      vertex  4.477839e+002  6.499231e+003 -2.710236e+001
      vertex  7.874937e+002  6.499231e+003 -3.036666e+001
    endloop
  endfacet
  facet normal  0.000000e+000  1.000000e+000  0.000000e+000
    outer loop
      vertex  5.051706e+002  6.499231e+003 -3.313269e+001
      vertex  4.986214e+002  6.499231e+003 -3.269931e+001
      vertex  6.495906e+002  6.499231e+003 -3.455143e+001
    endloop
  endfacet
  facet normal  0.000000e+000  1.000000e+000  0.000000e+000
    outer loop
      vertex  6.495906e+002  6.499231e+003 -3.455143e+001
      vertex  4.986214e+002  6.499231e+003 -3.269931e+001
      vertex  4.920684e+002  6.499231e+003 -3.220880e+001
    endloop
  endfacet
  facet normal  0.000000e+000  1.000000e+000  0.000000e+000
    outer loop
      vertex  6.495906e+002  6.499231e+003 -3.455143e+001
      vertex  4.920684e+002  6.499231e+003 -3.220880e+001
      vertex  6.692933e+002  6.499231e+003 -3.415319e+001
    endloop
  endfacet
  facet normal  0.000000e+000  1.000000e+000  0.000000e+000
    outer loop
      vertex  6.692933e+002  6.499231e+003 -3.415319e+001
      vertex  4.920684e+002  6.499231e+003 -3.220880e+001
      vertex  4.855071e+002  6.499231e+003 -3.165624e+001
    endloop
  endfacet
  facet normal  0.000000e+000  1.000000e+000  0.000000e+000
    outer loop
      vertex  6.692933e+002  6.499231e+003 -3.415319e+001
      vertex  4.855071e+002  6.499231e+003 -3.165624e+001
      vertex  6.889894e+002  6.499231e+003 -3.369783e+001
    endloop
  endfacet
  facet normal  0.000000e+000  9.999999e-001  0.000000e+000
    outer loop
      vertex  6.889894e+002  6.499231e+003 -3.369783e+001
      vertex  4.855071e+002  6.499231e+003 -3.165624e+001
      vertex  4.789368e+002  6.499231e+003 -3.103783e+001
    endloop
  endfacet
  facet normal  0.000000e+000  1.000000e+000  0.000000e+000
    outer loop
      vertex  6.889894e+002  6.499231e+003 -3.369783e+001
      vertex  4.789368e+002  6.499231e+003 -3.103783e+001
      vertex  7.086820e+002  6.499231e+003 -3.317908e+001
    endloop
  endfacet
  facet normal  0.000000e+000  1.000000e+000  0.000000e+000
    outer loop
      vertex  5.313817e+002  6.499231e+003 -3.439344e+001
      vertex  5.215415e+002  6.499231e+003 -3.399953e+001
      vertex  6.101791e+002  6.499231e+003 -3.514266e+001
    endloop
  endfacet
  facet normal  0.000000e+000  1.000000e+000  0.000000e+000
    outer loop
      vertex  6.101791e+002  6.499231e+003 -3.514266e+001
      vertex  5.215415e+002  6.499231e+003 -3.399953e+001
      vertex  5.117217e+002  6.499231e+003 -3.351430e+001
    endloop
  endfacet
  facet normal  0.000000e+000  1.000000e+000  0.000000e+000
    outer loop
      vertex  6.101791e+002  6.499231e+003 -3.514266e+001
      vertex  5.117217e+002  6.499231e+003 -3.351430e+001
      vertex  6.298817e+002  6.499231e+003 -3.488865e+001
    endloop
  endfacet
  facet normal  0.000000e+000  9.999999e-001  0.000000e+000
    outer loop
      vertex  6.298817e+002  6.499231e+003 -3.488865e+001
      vertex  5.117217e+002  6.499231e+003 -3.351430e+001
      vertex  5.051706e+002  6.499231e+003 -3.313269e+001
    endloop
  endfacet
  facet normal  0.000000e+000  1.000000e+000  0.000000e+000
    outer loop
      vertex  6.298817e+002  6.499231e+003 -3.488865e+001
      vertex  5.051706e+002  6.499231e+003 -3.313269e+001
      vertex  6.495906e+002  6.499231e+003 -3.455143e+001
    endloop
  endfacet
  facet normal  0.000000e+000  9.999999e-001  0.000000e+000
    outer loop
      vertex  5.904864e+002  6.499231e+003 -3.527079e+001
      vertex  5.412372e+002  6.499231e+003 -3.470583e+001
      vertex  6.003312e+002  6.499231e+003 -3.522569e+001
    endloop
  endfacet
  facet normal  0.000000e+000  1.000000e+000  0.000000e+000
    outer loop
      vertex  6.003312e+002  6.499231e+003 -3.522569e+001
      vertex  5.412372e+002  6.499231e+003 -3.470583e+001
      vertex  5.313817e+002  6.499231e+003 -3.439344e+001
    endloop
  endfacet
  facet normal  0.000000e+000  1.000000e+000  0.000000e+000
    outer loop
      vertex  6.003312e+002  6.499231e+003 -3.522569e+001
      vertex  5.313817e+002  6.499231e+003 -3.439344e+001
      vertex  6.101791e+002  6.499231e+003 -3.514266e+001
    endloop
  endfacet
  facet normal  0.000000e+000  1.000000e+000  0.000000e+000
    outer loop
      vertex  5.609533e+002  6.499231e+003 -3.511377e+001
      vertex  5.510984e+002  6.499231e+003 -3.494397e+001
      vertex  5.806450e+002  6.499231e+003 -3.527132e+001
    endloop
  endfacet
  facet normal  0.000000e+000  1.000000e+000  0.000000e+000
    outer loop
      vertex  5.806450e+002  6.499231e+003 -3.527132e+001
      vertex  5.510984e+002  6.499231e+003 -3.494397e+001
      vertex  5.412372e+002  6.499231e+003 -3.470583e+001
    endloop
  endfacet
  facet normal  0.000000e+000  1.000000e+000  0.000000e+000
    outer loop
      vertex  5.806450e+002  6.499231e+003 -3.527132e+001
      vertex  5.412372e+002  6.499231e+003 -3.470583e+001
      vertex  5.904864e+002  6.499231e+003 -3.527079e+001
    endloop
  endfacet
  facet normal  5.955088e-002  9.165692e-003 -9.981833e-001
    outer loop
      vertex  1.181626e+003  6.499231e+003 -9.136100e+000
      vertex  1.182671e+003  6.138162e+003 -1.238921e+001
      vertex  1.142210e+003  6.499231e+003 -1.148760e+001
    endloop
  endfacet
  facet normal  5.643776e-002  8.817299e-003 -9.983671e-001
    outer loop
      vertex  1.182671e+003  6.138162e+003 -1.238921e+001
      vertex  1.141062e+003  6.138162e+003 -1.474139e+001
      vertex  1.142210e+003  6.499231e+003 -1.148760e+001
    endloop
  endfacet
  facet normal  5.756392e-002  8.813138e-003 -9.983029e-001
    outer loop
      vertex  1.102796e+003  6.499231e+003 -1.376033e+001
      vertex  1.142210e+003  6.499231e+003 -1.148760e+001
      vertex  1.141062e+003  6.138162e+003 -1.474139e+001
    endloop
  endfacet
  facet normal  5.586048e-002  8.632873e-003 -9.984012e-001
    outer loop
      vertex  1.141062e+003  6.138162e+003 -1.474139e+001
      vertex  1.078650e+003  6.138162e+003 -1.823334e+001
      vertex  1.102796e+003  6.499231e+003 -1.376033e+001
    endloop
  endfacet
  facet normal  5.784472e-002  8.498795e-003 -9.982895e-001
    outer loop
      vertex  1.102796e+003  6.499231e+003 -1.376033e+001
      vertex  1.078650e+003  6.138162e+003 -1.823334e+001
      vertex  1.050243e+003  6.499231e+003 -1.680541e+001
    endloop
  endfacet
  facet normal -2.801672e-001  1.903615e-002 -9.597625e-001
    outer loop
      vertex  4.263111e+002  6.499231e+003 -2.232727e+001
      vertex  4.079507e+002  6.138162e+003 -2.412915e+001
      vertex  4.026862e+002  6.138162e+003 -2.259235e+001
    endloop
  endfacet
  facet normal -2.852911e-001  1.937030e-002 -9.582452e-001
    outer loop
      vertex  4.263111e+002  6.499231e+003 -2.232727e+001
      vertex  4.026862e+002  6.138162e+003 -2.259235e+001
      vertex  4.218999e+002  6.499231e+003 -2.101394e+001
    endloop
  endfacet
  facet normal -2.997577e-001  2.012070e-002 -9.538032e-001
    outer loop
      vertex  4.218999e+002  6.499231e+003 -2.101394e+001
      vertex  4.026862e+002  6.138162e+003 -2.259235e+001
      vertex  3.998266e+002  6.138162e+003 -2.169366e+001
    endloop
  endfacet
  facet normal -4.263695e-001  2.722609e-002 -9.041392e-001
    outer loop
      vertex  4.107882e+002  6.499231e+003 -1.700034e+001
      vertex  3.873669e+002  6.138162e+003 -1.682820e+001
      vertex  4.081956e+002  6.499231e+003 -1.577775e+001
    endloop
  endfacet
  facet normal -4.606200e-001  2.915236e-002 -8.871185e-001
    outer loop
      vertex  4.081956e+002  6.499231e+003 -1.577775e+001
      vertex  3.873669e+002  6.138162e+003 -1.682820e+001
      vertex  3.860125e+002  6.138162e+003 -1.612497e+001
    endloop
  endfacet
  facet normal -6.352561e-001  3.914273e-002 -7.713091e-001
    outer loop
      vertex  3.803836e+002  6.138162e+003 -1.250957e+001
      vertex  3.786009e+002  6.138162e+003 -1.104129e+001
      vertex  4.009292e+002  6.499231e+003 -1.110737e+001
    endloop
  endfacet
  facet normal -7.666678e-001  4.682777e-002 -6.403341e-001
    outer loop
      vertex  3.761476e+002  6.138162e+003 -8.591017e+000
      vertex  3.754274e+002  6.138162e+003 -7.728818e+000
      vertex  3.974260e+002  6.499231e+003 -7.662548e+000
    endloop
  endfacet
  facet normal -7.894840e-001  4.821265e-002 -6.118746e-001
    outer loop
      vertex  3.965527e+002  6.499231e+003 -6.535687e+000
      vertex  3.974260e+002  6.499231e+003 -7.662548e+000
      vertex  3.754274e+002  6.138162e+003 -7.728818e+000
    endloop
  endfacet
  facet normal -8.084377e-001  4.923781e-002 -5.865186e-001
    outer loop
      vertex  3.754274e+002  6.138162e+003 -7.728818e+000
      vertex  3.743761e+002  6.138162e+003 -6.279657e+000
      vertex  3.965527e+002  6.499231e+003 -6.535687e+000
    endloop
  endfacet
  facet normal  4.862264e-002  8.266213e-003 -9.987831e-001
    outer loop
      vertex  1.240041e+003  4.212464e+003 -2.601705e+001
      vertex  1.417109e+003  1.364242e-012 -5.226059e+001
      vertex  1.160081e+003  4.212464e+003 -2.990964e+001
    endloop
  endfacet
  facet normal  4.041362e-002  7.767293e-003 -9.991528e-001
    outer loop
      vertex  1.417109e+003  1.364242e-012 -5.226059e+001
      vertex  1.311915e+003  9.094947e-013 -5.651550e+001
      vertex  1.160081e+003  4.212464e+003 -2.990964e+001
    endloop
  endfacet
  facet normal  1.830524e-002  6.687794e-003 -9.998100e-001
    outer loop
      vertex  7.334547e+002  9.094947e-013 -7.568113e+001
      vertex  6.808865e+002  9.094947e-013 -7.664359e+001
      vertex  7.336916e+002  4.212464e+003 -4.749935e+001
    endloop
  endfacet
  facet normal  2.474939e-002  6.606058e-003 -9.996719e-001
    outer loop
      vertex  7.336916e+002  4.212464e+003 -4.749935e+001
      vertex  6.808865e+002  9.094947e-013 -7.664359e+001
      vertex  7.070489e+002  4.212464e+003 -4.815895e+001
    endloop
  endfacet
  facet normal  4.196671e-003  6.648890e-003 -9.999690e-001
    outer loop
      vertex  5.757939e+002 -9.094947e-013 -7.777330e+001
      vertex  5.232510e+002 -9.094947e-013 -7.799381e+001
      vertex  6.271526e+002  4.212464e+003 -4.954868e+001
    endloop
  endfacet
  facet normal  1.112433e-002  6.477668e-003 -9.999172e-001
    outer loop
      vertex  6.271526e+002  4.212464e+003 -4.954868e+001
      vertex  5.232510e+002 -9.094947e-013 -7.799381e+001
      vertex  6.005148e+002  4.212464e+003 -4.984503e+001
    endloop
  endfacet
  facet normal -8.151644e-002  9.219496e-003 -9.966293e-001
    outer loop
      vertex  3.876136e+002  4.212464e+003 -4.474380e+001
      vertex  4.008895e+002  4.212464e+003 -4.582966e+001
      vertex  2.082840e+002  1.364242e-012 -6.904419e+001
    endloop
  endfacet
  facet normal -9.355459e-002  9.725844e-003 -9.955666e-001
    outer loop
      vertex  2.082840e+002  1.364242e-012 -6.904419e+001
      vertex  1.908318e+002  9.094947e-013 -6.740419e+001
      vertex  3.876136e+002  4.212464e+003 -4.474380e+001
    endloop
  endfacet
  facet normal -1.061402e-001  1.027270e-002 -9.942981e-001
    outer loop
      vertex  1.908318e+002  9.094947e-013 -6.740419e+001
      vertex  1.733525e+002  1.364242e-012 -6.553829e+001
      vertex  3.743156e+002  4.212464e+003 -4.346936e+001
    endloop
  endfacet
  facet normal -1.103145e-001  1.046945e-002 -9.938416e-001
    outer loop
      vertex  3.609998e+002  4.212464e+003 -4.199133e+001
      vertex  3.743156e+002  4.212464e+003 -4.346936e+001
      vertex  1.733525e+002  1.364242e-012 -6.553829e+001
    endloop
  endfacet
  facet normal -1.194686e-001  1.087128e-002 -9.927784e-001
    outer loop
      vertex  3.609998e+002  4.212464e+003 -4.199133e+001
      vertex  1.733525e+002  1.364242e-012 -6.553829e+001
      vertex  1.558570e+002  0.000000e+000 -6.343293e+001
    endloop
  endfacet
  facet normal -1.306388e-001  1.140806e-002 -9.913644e-001
    outer loop
      vertex  3.609998e+002  4.212464e+003 -4.199133e+001
      vertex  1.558570e+002  0.000000e+000 -6.343293e+001
      vertex  1.446315e+002  4.547474e-013 -6.195367e+001
    endloop
  endfacet
  facet normal -1.395786e-001  1.181678e-002 -9.901405e-001
    outer loop
      vertex  1.446315e+002  4.547474e-013 -6.195367e+001
      vertex  1.334478e+002  4.547474e-013 -6.037712e+001
      vertex  3.476625e+002  4.212464e+003 -4.030120e+001
    endloop
  endfacet
  facet normal -4.306858e-001  2.746576e-002 -9.020838e-001
    outer loop
      vertex  2.781168e+002  4.212464e+003 -2.327146e+001
      vertex  3.105834e+001  4.547474e-013 -3.357421e+001
      vertex  2.748115e+002  4.212464e+003 -2.169338e+001
    endloop
  endfacet
  facet normal -4.510934e-001  2.861825e-002 -8.920177e-001
    outer loop
      vertex  3.105834e+001  4.547474e-013 -3.357421e+001
      vertex  2.820723e+001  0.000000e+000 -3.213241e+001
      vertex  2.748115e+002  4.212464e+003 -2.169338e+001
    endloop
  endfacet
  facet normal -5.540191e-001  3.450752e-002 -8.317884e-001
    outer loop
      vertex  2.695453e+002  4.212464e+003 -1.867581e+001
      vertex  1.896572e+001  0.000000e+000 -2.653338e+001
      vertex  2.682694e+002  4.212464e+003 -1.782603e+001
    endloop
  endfacet
  facet normal -7.113304e-001  4.361249e-002 -7.015034e-001
    outer loop
      vertex  1.124414e+001  4.547474e-013 -2.025853e+001
      vertex  8.905009e+000  4.547474e-013 -1.788663e+001
      vertex  2.622042e+002  4.212464e+003 -1.284507e+001
    endloop
  endfacet
  facet normal -7.250938e-001  4.442300e-002 -6.872159e-001
    outer loop
      vertex  2.622042e+002  4.212464e+003 -1.284507e+001
      vertex  8.905009e+000  4.547474e-013 -1.788663e+001
      vertex  2.608533e+002  4.212464e+003 -1.141968e+001
    endloop
  endfacet
  facet normal -7.566659e-001  4.625752e-002 -6.521633e-001
    outer loop
      vertex  2.608533e+002  4.212464e+003 -1.141968e+001
      vertex  8.905009e+000  4.547474e-013 -1.788663e+001
      vertex  6.750679e+000  0.000000e+000 -1.538709e+001
    endloop
  endfacet
  facet normal -8.953674e-001  5.440003e-002 -4.419929e-001
    outer loop
      vertex  2.571494e+002  4.212464e+003 -6.124754e+000
      vertex  2.981612e+000  4.547474e-013 -9.709938e+000
      vertex  2.205713e+000  0.000000e+000 -8.138160e+000
    endloop
  endfacet
  facet normal -9.467949e-001  5.743491e-002 -3.166710e-001
    outer loop
      vertex  2.562646e+002  4.212464e+003 -4.124944e+000
      vertex  1.535051e+000  0.000000e+000 -6.543362e+000
      vertex  8.137484e-001  0.000000e+000 -4.386785e+000
    endloop
  endfacet
  facet normal -1.012560e-001  1.006991e-002 -9.948094e-001
    outer loop
      vertex  4.012262e+002  4.693889e+003 -4.133524e+001
      vertex  3.743156e+002  4.212464e+003 -4.346936e+001
      vertex  3.928374e+002  4.693889e+003 -4.048139e+001
    endloop
  endfacet
  facet normal -1.103146e-001  1.041242e-002 -9.938421e-001
    outer loop
      vertex  3.928374e+002  4.693889e+003 -4.048139e+001
      vertex  3.743156e+002  4.212464e+003 -4.346936e+001
      vertex  3.609998e+002  4.212464e+003 -4.199133e+001
    endloop
  endfacet
  facet normal -1.113619e-001  1.048131e-002 -9.937247e-001
    outer loop
      vertex  3.928374e+002  4.693889e+003 -4.048139e+001
      vertex  3.609998e+002  4.212464e+003 -4.199133e+001
      vertex  3.844446e+002  4.693889e+003 -3.954086e+001
    endloop
  endfacet
  facet normal -1.281322e-001  1.125190e-002 -9.916933e-001
    outer loop
      vertex  3.781310e+002  4.693889e+003 -3.877557e+001
      vertex  3.476625e+002  4.212464e+003 -4.030120e+001
      vertex  3.718358e+002  4.693889e+003 -3.796221e+001
    endloop
  endfacet
  facet normal -3.559942e-001  2.321980e-002 -9.341996e-001
    outer loop
      vertex  3.121993e+002  4.693889e+003 -2.443677e+001
      vertex  2.856694e+002  4.212464e+003 -2.629300e+001
      vertex  2.814506e+002  4.212464e+003 -2.468534e+001
    endloop
  endfacet
  facet normal -3.586012e-001  2.338580e-002 -9.331979e-001
    outer loop
      vertex  3.121993e+002  4.693889e+003 -2.443677e+001
      vertex  2.814506e+002  4.212464e+003 -2.468534e+001
      vertex  3.092299e+002  4.693889e+003 -2.329571e+001
    endloop
  endfacet
  facet normal -5.540192e-001  3.450754e-002 -8.317885e-001
    outer loop
      vertex  2.967613e+002  4.693889e+003 -1.683090e+001
      vertex  2.695453e+002  4.212464e+003 -1.867581e+001
      vertex  2.682694e+002  4.212464e+003 -1.782603e+001
    endloop
  endfacet
  facet normal -9.181839e-001  5.574315e-002 -3.922131e-001
    outer loop
      vertex  2.860021e+002  4.693889e+003 -5.319192e+000
      vertex  2.562646e+002  4.212464e+003 -4.124944e+000
      vertex  2.853948e+002  4.693889e+003 -3.897554e+000
    endloop
  endfacet
  facet normal -9.060199e-001  5.506960e-002 -4.196371e-001
    outer loop
      vertex  3.074223e+002  5.054957e+003 -4.182995e+000
      vertex  3.080475e+002  5.054957e+003 -5.532866e+000
      vertex  2.860021e+002  4.693889e+003 -5.319192e+000
    endloop
  endfacet
  facet normal -9.653006e-002  9.824844e-003 -9.952816e-001
    outer loop
      vertex  4.199591e+002  5.054957e+003 -3.957647e+001
      vertex  4.138147e+002  5.054957e+003 -3.898054e+001
      vertex  4.311089e+002  5.416025e+003 -3.709361e+001
    endloop
  endfacet
  facet normal -2.239228e-001  1.609950e-002 -9.744739e-001
    outer loop
      vertex  3.795124e+002  5.416025e+003 -2.971837e+001
      vertex  3.600282e+002  5.054957e+003 -3.120642e+001
      vertex  3.570218e+002  5.054957e+003 -3.051558e+001
    endloop
  endfacet
  facet normal -2.296921e-001  1.645588e-002 -9.731242e-001
    outer loop
      vertex  3.795124e+002  5.416025e+003 -2.971837e+001
      vertex  3.570218e+002  5.054957e+003 -3.051558e+001
      vertex  3.737686e+002  5.416025e+003 -2.836263e+001
    endloop
  endfacet
  facet normal -2.380637e-001  1.683212e-002 -9.711036e-001
    outer loop
      vertex  3.737686e+002  5.416025e+003 -2.836263e+001
      vertex  3.570218e+002  5.054957e+003 -3.051558e+001
      vertex  3.540128e+002  5.054957e+003 -2.977794e+001
    endloop
  endfacet
  facet normal -1.100501e-001  1.041817e-002 -9.938714e-001
    outer loop
      vertex  4.371956e+002  5.777094e+003 -3.402730e+001
      vertex  4.253607e+002  5.416025e+003 -3.650171e+001
      vertex  4.196120e+002  5.416025e+003 -3.586515e+001
    endloop
  endfacet
  facet normal -9.895225e-001  5.997105e-002 -1.313348e-001
    outer loop
      vertex  1.136868e-013 -4.547474e-013  2.186388e-014
      vertex  3.938928e+002  6.499231e+003  4.765803e-015
      vertex  2.846148e+002  4.693889e+003 -1.029890e+000
    endloop
  endfacet
  facet normal -9.807251e-001  5.942560e-002 -1.861369e-001
    outer loop
      vertex  1.136868e-013 -4.547474e-013  2.186388e-014
      vertex  2.846148e+002  4.693889e+003 -1.029890e+000
      vertex  2.556426e+002  4.212464e+003 -2.078484e+000
    endloop
  endfacet
  facet normal -9.890983e-001  5.995922e-002 -1.344972e-001
    outer loop
      vertex  1.136868e-013 -4.547474e-013  2.186388e-014
      vertex  2.556426e+002  4.212464e+003 -2.078484e+000
      vertex  2.995610e-001  4.547474e-013 -2.202982e+000
    endloop
  endfacet
  facet normal -9.858505e-001  5.976320e-002 -1.566121e-001
    outer loop
      vertex  2.846148e+002  4.693889e+003 -1.029890e+000
      vertex  3.938928e+002  6.499231e+003  4.765803e-015
      vertex  3.721979e+002  6.138162e+003 -1.217783e+000
    endloop
  endfacet
  facet normal -9.815457e-001  5.949889e-002 -1.817354e-001
    outer loop
      vertex  2.846148e+002  4.693889e+003 -1.029890e+000
      vertex  3.721979e+002  6.138162e+003 -1.217783e+000
      vertex  3.503227e+002  5.777094e+003 -1.282190e+000
    endloop
  endfacet
  facet normal -9.815457e-001  5.949889e-002 -1.817355e-001
    outer loop
      vertex  2.846148e+002  4.693889e+003 -1.029890e+000
      vertex  3.503227e+002  5.777094e+003 -1.282190e+000
      vertex  3.284476e+002  5.416025e+003 -1.346597e+000
    endloop
  endfacet
  facet normal -9.815457e-001  5.949889e-002 -1.817355e-001
    outer loop
      vertex  2.846148e+002  4.693889e+003 -1.029890e+000
      vertex  3.284476e+002  5.416025e+003 -1.346597e+000
      vertex  3.065724e+002  5.054957e+003 -1.411003e+000
    endloop
  endfacet
  facet normal -9.777525e-001  5.924765e-002 -2.012208e-001
    outer loop
      vertex  2.846148e+002  4.693889e+003 -1.029890e+000
      vertex  3.065724e+002  5.054957e+003 -1.411003e+000
      vertex  2.848254e+002  4.693889e+003 -2.053226e+000
    endloop
  endfacet
  facet normal -9.777506e-001  5.927945e-002 -2.012204e-001
    outer loop
      vertex  2.846148e+002  4.693889e+003 -1.029890e+000
      vertex  2.848254e+002  4.693889e+003 -2.053226e+000
      vertex  2.556426e+002  4.212464e+003 -2.078484e+000
    endloop
  endfacet
  facet normal  4.013273e-002  7.911713e-003 -9.991630e-001
    outer loop
      vertex  1.496006e+003 -4.547474e-013 -4.909159e+001
      vertex  1.417109e+003  1.364242e-012 -5.226059e+001
      vertex  1.240041e+003  4.212464e+003 -2.601705e+001
    endloop
  endfacet
  facet normal  4.920021e-002  8.460442e-003 -9.987531e-001
    outer loop
      vertex  1.496006e+003 -4.547474e-013 -4.909159e+001
      vertex  1.240041e+003  4.212464e+003 -2.601705e+001
      vertex  1.293349e+003  4.212464e+003 -2.339100e+001
    endloop
  endfacet
  facet normal  5.031770e-002  8.513861e-003 -9.986970e-001
    outer loop
      vertex  1.496006e+003 -4.547474e-013 -4.909159e+001
      vertex  1.293349e+003  4.212464e+003 -2.339100e+001
      vertex  1.329107e+003  4.062019e+003 -2.287197e+001
    endloop
  endfacet
  facet normal  4.212138e-002  8.179557e-003 -9.990790e-001
    outer loop
      vertex  1.496006e+003 -4.547474e-013 -4.909159e+001
      vertex  1.329107e+003  4.062019e+003 -2.287197e+001
      vertex  1.574908e+003 -9.094947e-013 -4.576510e+001
    endloop
  endfacet
  facet normal -9.623982e-001  5.835218e-002 -2.653015e-001
    outer loop
      vertex  2.556426e+002  4.212464e+003 -2.078484e+000
      vertex  2.848254e+002  4.693889e+003 -2.053226e+000
      vertex  2.850808e+002  4.693889e+003 -2.979712e+000
    endloop
  endfacet
  facet normal -9.445992e-001  5.715540e-002 -3.232116e-001
    outer loop
      vertex  2.556426e+002  4.212464e+003 -2.078484e+000
      vertex  2.850808e+002  4.693889e+003 -2.979712e+000
      vertex  2.853948e+002  4.693889e+003 -3.897554e+000
    endloop
  endfacet
  facet normal -9.551764e-001  5.793339e-002 -2.903130e-001
    outer loop
      vertex  2.556426e+002  4.212464e+003 -2.078484e+000
      vertex  2.853948e+002  4.693889e+003 -3.897554e+000
      vertex  2.562646e+002  4.212464e+003 -4.124944e+000
    endloop
  endfacet
  facet normal -9.551761e-001  5.794150e-002 -2.903128e-001
    outer loop
      vertex  2.556426e+002  4.212464e+003 -2.078484e+000
      vertex  2.562646e+002  4.212464e+003 -4.124944e+000
      vertex  8.137484e-001  0.000000e+000 -4.386785e+000
    endloop
  endfacet
  facet normal -9.716919e-001  5.890691e-002 -2.287898e-001
    outer loop
      vertex  2.556426e+002  4.212464e+003 -2.078484e+000
      vertex  8.137484e-001  0.000000e+000 -4.386785e+000
      vertex  2.995610e-001  4.547474e-013 -2.202982e+000
    endloop
  endfacet
  facet normal  6.028653e-002  9.167423e-003 -9.981390e-001
    outer loop
      vertex  1.182671e+003  6.138162e+003 -1.238921e+001
      vertex  1.181626e+003  6.499231e+003 -9.136100e+000
      vertex  1.203423e+003  5.777094e+003 -1.445204e+001
    endloop
  endfacet
  facet normal  5.680180e-002  9.063750e-003 -9.983444e-001
    outer loop
      vertex  1.203423e+003  5.777094e+003 -1.445204e+001
      vertex  1.181626e+003  6.499231e+003 -9.136100e+000
      vertex  1.206206e+003  6.093029e+003 -1.142541e+001
    endloop
  endfacet
  facet normal  5.823643e-002  9.050322e-003 -9.982618e-001
    outer loop
      vertex  1.203423e+003  5.777094e+003 -1.445204e+001
      vertex  1.206206e+003  6.093029e+003 -1.142541e+001
      vertex  1.224176e+003  5.416025e+003 -1.651488e+001
    endloop
  endfacet
  facet normal  5.530800e-002  8.973852e-003 -9.984291e-001
    outer loop
      vertex  1.224176e+003  5.416025e+003 -1.651488e+001
      vertex  1.206206e+003  6.093029e+003 -1.142541e+001
      vertex  1.230786e+003  5.686827e+003 -1.371472e+001
    endloop
  endfacet
  facet normal  5.641442e-002  8.946204e-003 -9.983674e-001
    outer loop
      vertex  1.224176e+003  5.416025e+003 -1.651488e+001
      vertex  1.230786e+003  5.686827e+003 -1.371472e+001
      vertex  1.244928e+003  5.054957e+003 -1.857771e+001
    endloop
  endfacet
  facet normal  5.395015e-002  8.892104e-003 -9.985040e-001
    outer loop
      vertex  1.244928e+003  5.054957e+003 -1.857771e+001
      vertex  1.230786e+003  5.686827e+003 -1.371472e+001
      vertex  1.255366e+003  5.280625e+003 -1.600404e+001
    endloop
  endfacet
  facet normal  5.478399e-002  8.853018e-003 -9.984590e-001
    outer loop
      vertex  1.244928e+003  5.054957e+003 -1.857771e+001
      vertex  1.255366e+003  5.280625e+003 -1.600404e+001
      vertex  1.265680e+003  4.693889e+003 -2.064055e+001
    endloop
  endfacet
  facet normal  5.271053e-002  8.817456e-003 -9.985709e-001
    outer loop
      vertex  1.265680e+003  4.693889e+003 -2.064055e+001
      vertex  1.255366e+003  5.280625e+003 -1.600404e+001
      vertex  1.279946e+003  4.874423e+003 -1.829335e+001
    endloop
  endfacet
  facet normal  5.331671e-002  8.769142e-003 -9.985392e-001
    outer loop
      vertex  1.265680e+003  4.693889e+003 -2.064055e+001
      vertex  1.279946e+003  4.874423e+003 -1.829335e+001
      vertex  1.293349e+003  4.212464e+003 -2.339100e+001
    endloop
  endfacet
  facet normal  5.121561e-002  8.727449e-003 -9.986495e-001
    outer loop
      vertex  1.293349e+003  4.212464e+003 -2.339100e+001
      vertex  1.279946e+003  4.874423e+003 -1.829335e+001
      vertex  1.304526e+003  4.468221e+003 -2.058266e+001
    endloop
  endfacet
  facet normal  5.121565e-002  8.727446e-003 -9.986494e-001
    outer loop
      vertex  1.293349e+003  4.212464e+003 -2.339100e+001
      vertex  1.304526e+003  4.468221e+003 -2.058266e+001
      vertex  1.329107e+003  4.062019e+003 -2.287197e+001
    endloop
  endfacet
  facet normal  5.700293e-002  8.432763e-003 -9.983385e-001
    outer loop
      vertex  1.050243e+003  6.499231e+003 -1.680541e+001
      vertex  1.078650e+003  6.138162e+003 -1.823334e+001
      vertex  1.023966e+003  6.499231e+003 -1.830578e+001
    endloop
  endfacet
  facet normal  5.545234e-002  8.197909e-003 -9.984277e-001
    outer loop
      vertex  1.023966e+003  6.499231e+003 -1.830578e+001
      vertex  1.078650e+003  6.138162e+003 -1.823334e+001
      vertex  1.037041e+003  6.138162e+003 -2.054427e+001
    endloop
  endfacet
  facet normal  5.454007e-002  8.165187e-003 -9.984782e-001
    outer loop
      vertex  1.023966e+003  6.499231e+003 -1.830578e+001
      vertex  1.037041e+003  6.138162e+003 -2.054427e+001
      vertex  9.801764e+002  6.499231e+003 -2.069772e+001
    endloop
  endfacet
  facet normal  5.285481e-002  7.899735e-003 -9.985710e-001
    outer loop
      vertex  9.801764e+002  6.499231e+003 -2.069772e+001
      vertex  1.037041e+003  6.138162e+003 -2.054427e+001
      vertex  9.954377e+002  6.138162e+003 -2.274636e+001
    endloop
  endfacet
  facet normal  5.239785e-002  7.880558e-003 -9.985953e-001
    outer loop
      vertex  9.801764e+002  6.499231e+003 -2.069772e+001
      vertex  9.954377e+002  6.138162e+003 -2.274636e+001
      vertex  9.451398e+002  6.499231e+003 -2.253614e+001
    endloop
  endfacet
  facet normal  5.065222e-002  7.637441e-003 -9.986871e-001
    outer loop
      vertex  9.451398e+002  6.499231e+003 -2.253614e+001
      vertex  9.954377e+002  6.138162e+003 -2.274636e+001
      vertex  9.538287e+002  6.138162e+003 -2.485672e+001
    endloop
  endfacet
  facet normal  5.177344e-002  7.664051e-003 -9.986294e-001
    outer loop
      vertex  9.451398e+002  6.499231e+003 -2.253614e+001
      vertex  9.538287e+002  6.138162e+003 -2.485672e+001
      vertex  8.925897e+002  6.499231e+003 -2.526057e+001
    endloop
  endfacet
  facet normal  4.998218e-002  7.360142e-003 -9.987230e-001
    outer loop
      vertex  8.925897e+002  6.499231e+003 -2.526057e+001
      vertex  9.538287e+002  6.138162e+003 -2.485672e+001
      vertex  9.122231e+002  6.138162e+003 -2.693892e+001
    endloop
  endfacet
  facet normal  5.124966e-002  7.428761e-003 -9.986583e-001
    outer loop
      vertex  8.925897e+002  6.499231e+003 -2.526057e+001
      vertex  9.122231e+002  6.138162e+003 -2.693892e+001
      vertex  8.663151e+002  6.499231e+003 -2.660895e+001
    endloop
  endfacet
  facet normal  4.954637e-002  7.212276e-003 -9.987457e-001
    outer loop
      vertex  8.663151e+002  6.499231e+003 -2.660895e+001
      vertex  9.122231e+002  6.138162e+003 -2.693892e+001
      vertex  8.706183e+002  6.138162e+003 -2.900287e+001
    endloop
  endfacet
  facet normal  4.978433e-002  7.215034e-003 -9.987339e-001
    outer loop
      vertex  8.663151e+002  6.499231e+003 -2.660895e+001
      vertex  8.706183e+002  6.138162e+003 -2.900287e+001
      vertex  8.312888e+002  6.499231e+003 -2.835492e+001
    endloop
  endfacet
  facet normal  4.777750e-002  6.996618e-003 -9.988335e-001
    outer loop
      vertex  8.312888e+002  6.499231e+003 -2.835492e+001
      vertex  8.706183e+002  6.138162e+003 -2.900287e+001
      vertex  8.290209e+002  6.138162e+003 -3.099261e+001
    endloop
  endfacet
  facet normal  4.754154e-002  6.998183e-003 -9.988448e-001
    outer loop
      vertex  8.312888e+002  6.499231e+003 -2.835492e+001
      vertex  8.290209e+002  6.138162e+003 -3.099261e+001
      vertex  8.137729e+002  6.499231e+003 -2.918861e+001
    endloop
  endfacet
  facet normal  4.508600e-002  6.895057e-003 -9.989593e-001
    outer loop
      vertex  8.137729e+002  6.499231e+003 -2.918861e+001
      vertex  8.290209e+002  6.138162e+003 -3.099261e+001
      vertex  8.082184e+002  6.138162e+003 -3.193149e+001
    endloop
  endfacet
  facet normal  4.478194e-002  6.899838e-003 -9.989729e-001
    outer loop
      vertex  8.137729e+002  6.499231e+003 -2.918861e+001
      vertex  8.082184e+002  6.138162e+003 -3.193149e+001
      vertex  7.874937e+002  6.499231e+003 -3.036666e+001
    endloop
  endfacet
  facet normal  4.249296e-002  6.768892e-003 -9.990739e-001
    outer loop
      vertex  7.874937e+002  6.499231e+003 -3.036666e+001
      vertex  8.082184e+002  6.138162e+003 -3.193149e+001
      vertex  7.874120e+002  6.138162e+003 -3.281644e+001
    endloop
  endfacet
  facet normal  4.119654e-002  6.769554e-003 -9.991282e-001
    outer loop
      vertex  7.874937e+002  6.499231e+003 -3.036666e+001
      vertex  7.874120e+002  6.138162e+003 -3.281644e+001
      vertex  7.677924e+002  6.499231e+003 -3.117900e+001
    endloop
  endfacet
  facet normal  3.936098e-002  6.670152e-003 -9.992027e-001
    outer loop
      vertex  7.677924e+002  6.499231e+003 -3.117900e+001
      vertex  7.874120e+002  6.138162e+003 -3.281644e+001
      vertex  7.666149e+002  6.138162e+003 -3.363568e+001
    endloop
  endfacet
  facet normal  3.764272e-002  6.676205e-003 -9.992689e-001
    outer loop
      vertex  7.677924e+002  6.499231e+003 -3.117900e+001
      vertex  7.666149e+002  6.138162e+003 -3.363568e+001
      vertex  7.480889e+002  6.499231e+003 -3.192123e+001
    endloop
  endfacet
  facet normal  3.580671e-002  6.582326e-003 -9.993371e-001
    outer loop
      vertex  7.480889e+002  6.499231e+003 -3.192123e+001
      vertex  7.666149e+002  6.138162e+003 -3.363568e+001
      vertex  7.458156e+002  6.138162e+003 -3.438093e+001
    endloop
  endfacet
  facet normal  3.383055e-002  6.595237e-003 -9.994059e-001
    outer loop
      vertex  7.480889e+002  6.499231e+003 -3.192123e+001
      vertex  7.458156e+002  6.138162e+003 -3.438093e+001
      vertex  7.283851e+002  6.499231e+003 -3.258821e+001
    endloop
  endfacet
  facet normal  3.199452e-002  6.506906e-003 -9.994668e-001
    outer loop
      vertex  7.283851e+002  6.499231e+003 -3.258821e+001
      vertex  7.458156e+002  6.138162e+003 -3.438093e+001
      vertex  7.250162e+002  6.138162e+003 -3.504675e+001
    endloop
  endfacet
  facet normal  2.997414e-002  6.526183e-003 -9.995294e-001
    outer loop
      vertex  7.283851e+002  6.499231e+003 -3.258821e+001
      vertex  7.250162e+002  6.138162e+003 -3.504675e+001
      vertex  7.086820e+002  6.499231e+003 -3.317908e+001
    endloop
  endfacet
  facet normal  2.813778e-002  6.443388e-003 -9.995834e-001
    outer loop
      vertex  7.086820e+002  6.499231e+003 -3.317908e+001
      vertex  7.250162e+002  6.138162e+003 -3.504675e+001
      vertex  7.042177e+002  6.138162e+003 -3.563222e+001
    endloop
  endfacet
  facet normal  2.633301e-002  6.466036e-003 -9.996324e-001
    outer loop
      vertex  7.086820e+002  6.499231e+003 -3.317908e+001
      vertex  7.042177e+002  6.138162e+003 -3.563222e+001
      vertex  6.889894e+002  6.499231e+003 -3.369783e+001
    endloop
  endfacet
  facet normal  2.449667e-002  6.388839e-003 -9.996796e-001
    outer loop
      vertex  6.889894e+002  6.499231e+003 -3.369783e+001
      vertex  7.042177e+002  6.138162e+003 -3.563222e+001
      vertex  6.834304e+002  6.138162e+003 -3.614161e+001
    endloop
  endfacet
  facet normal  2.311247e-002  6.410372e-003 -9.997123e-001
    outer loop
      vertex  6.889894e+002  6.499231e+003 -3.369783e+001
      vertex  6.834304e+002  6.138162e+003 -3.614161e+001
      vertex  6.692933e+002  6.499231e+003 -3.415319e+001
    endloop
  endfacet
  facet normal  2.127578e-002  6.338687e-003 -9.997536e-001
    outer loop
      vertex  6.692933e+002  6.499231e+003 -3.415319e+001
      vertex  6.834304e+002  6.138162e+003 -3.614161e+001
      vertex  6.626395e+002  6.138162e+003 -3.658406e+001
    endloop
  endfacet
  facet normal  2.020814e-002  6.358509e-003 -9.997756e-001
    outer loop
      vertex  6.692933e+002  6.499231e+003 -3.415319e+001
      vertex  6.626395e+002  6.138162e+003 -3.658406e+001
      vertex  6.495906e+002  6.499231e+003 -3.455143e+001
    endloop
  endfacet
  facet normal  1.837150e-002  6.292336e-003 -9.998115e-001
    outer loop
      vertex  6.495906e+002  6.499231e+003 -3.455143e+001
      vertex  6.626395e+002  6.138162e+003 -3.658406e+001
      vertex  6.418418e+002  6.138162e+003 -3.696621e+001
    endloop
  endfacet
  facet normal  1.710713e-002  6.319619e-003 -9.998338e-001
    outer loop
      vertex  6.495906e+002  6.499231e+003 -3.455143e+001
      vertex  6.418418e+002  6.138162e+003 -3.696621e+001
      vertex  6.298817e+002  6.499231e+003 -3.488865e+001
    endloop
  endfacet
  facet normal  1.527013e-002  6.258944e-003 -9.998638e-001
    outer loop
      vertex  6.298817e+002  6.499231e+003 -3.488865e+001
      vertex  6.418418e+002  6.138162e+003 -3.696621e+001
      vertex  6.210376e+002  6.138162e+003 -3.728394e+001
    endloop
  endfacet
  facet normal  1.289066e-002  6.317447e-003 -9.998970e-001
    outer loop
      vertex  6.298817e+002  6.499231e+003 -3.488865e+001
      vertex  6.210376e+002  6.138162e+003 -3.728394e+001
      vertex  6.101791e+002  6.499231e+003 -3.514266e+001
    endloop
  endfacet
  facet normal  1.105381e-002  6.262339e-003 -9.999193e-001
    outer loop
      vertex  6.101791e+002  6.499231e+003 -3.514266e+001
      vertex  6.210376e+002  6.138162e+003 -3.728394e+001
      vertex  6.002403e+002  6.138162e+003 -3.751385e+001
    endloop
  endfacet
  facet normal  8.430841e-003  6.334704e-003 -9.999444e-001
    outer loop
      vertex  6.101791e+002  6.499231e+003 -3.514266e+001
      vertex  6.002403e+002  6.138162e+003 -3.751385e+001
      vertex  6.003312e+002  6.499231e+003 -3.522569e+001
    endloop
  endfacet
  facet normal  6.593911e-003  6.335255e-003 -9.999582e-001
    outer loop
      vertex  6.003312e+002  6.499231e+003 -3.522569e+001
      vertex  6.002403e+002  6.138162e+003 -3.751385e+001
      vertex  5.898453e+002  6.138162e+003 -3.758239e+001
    endloop
  endfacet
  facet normal  4.581440e-003  6.393771e-003 -9.999691e-001
    outer loop
      vertex  6.003312e+002  6.499231e+003 -3.522569e+001
      vertex  5.898453e+002  6.138162e+003 -3.758239e+001
      vertex  5.904864e+002  6.499231e+003 -3.527079e+001
    endloop
  endfacet
  facet normal  2.744298e-003  6.397075e-003 -9.999757e-001
    outer loop
      vertex  5.904864e+002  6.499231e+003 -3.527079e+001
      vertex  5.898453e+002  6.138162e+003 -3.758239e+001
      vertex  5.794536e+002  6.138162e+003 -3.761091e+001
    endloop
  endfacet
  facet normal  5.387751e-005  6.479304e-003 -9.999790e-001
    outer loop
      vertex  5.904864e+002  6.499231e+003 -3.527079e+001
      vertex  5.794536e+002  6.138162e+003 -3.761091e+001
      vertex  5.806450e+002  6.499231e+003 -3.527132e+001
    endloop
  endfacet
  facet normal -1.783187e-003  6.485355e-003 -9.999774e-001
    outer loop
      vertex  5.806450e+002  6.499231e+003 -3.527132e+001
      vertex  5.794536e+002  6.138162e+003 -3.761091e+001
      vertex  5.690656e+002  6.138162e+003 -3.759239e+001
    endloop
  endfacet
  facet normal -5.115435e-003  6.592140e-003 -9.999651e-001
    outer loop
      vertex  5.806450e+002  6.499231e+003 -3.527132e+001
      vertex  5.690656e+002  6.138162e+003 -3.759239e+001
      vertex  5.708018e+002  6.499231e+003 -3.522097e+001
    endloop
  endfacet
  facet normal -6.952570e-003  6.600901e-003 -9.999540e-001
    outer loop
      vertex  5.708018e+002  6.499231e+003 -3.522097e+001
      vertex  5.690656e+002  6.138162e+003 -3.759239e+001
      vertex  5.586758e+002  6.138162e+003 -3.752015e+001
    endloop
  endfacet
  facet normal -1.088452e-002  6.732720e-003 -9.999181e-001
    outer loop
      vertex  5.708018e+002  6.499231e+003 -3.522097e+001
      vertex  5.586758e+002  6.138162e+003 -3.752015e+001
      vertex  5.609533e+002  6.499231e+003 -3.511377e+001
    endloop
  endfacet
  facet normal -1.272136e-002  6.744161e-003 -9.998963e-001
    outer loop
      vertex  5.609533e+002  6.499231e+003 -3.511377e+001
      vertex  5.586758e+002  6.138162e+003 -3.752015e+001
      vertex  5.482806e+002  6.138162e+003 -3.738789e+001
    endloop
  endfacet
  facet normal -1.722660e-002  6.901853e-003 -9.998278e-001
    outer loop
      vertex  5.609533e+002  6.499231e+003 -3.511377e+001
      vertex  5.482806e+002  6.138162e+003 -3.738789e+001
      vertex  5.510984e+002  6.499231e+003 -3.494397e+001
    endloop
  endfacet
  facet normal -1.906348e-002  6.915962e-003 -9.997943e-001
    outer loop
      vertex  5.510984e+002  6.499231e+003 -3.494397e+001
      vertex  5.482806e+002  6.138162e+003 -3.738789e+001
      vertex  5.378787e+002  6.138162e+003 -3.718956e+001
    endloop
  endfacet
  facet normal -2.414115e-002  7.101179e-003 -9.996833e-001
    outer loop
      vertex  5.510984e+002  6.499231e+003 -3.494397e+001
      vertex  5.378787e+002  6.138162e+003 -3.718956e+001
      vertex  5.412372e+002  6.499231e+003 -3.470583e+001
    endloop
  endfacet
  facet normal -2.597778e-002  7.117946e-003 -9.996372e-001
    outer loop
      vertex  5.412372e+002  6.499231e+003 -3.470583e+001
      vertex  5.378787e+002  6.138162e+003 -3.718956e+001
      vertex  5.274703e+002  6.138162e+003 -3.691907e+001
    endloop
  endfacet
  facet normal -3.168048e-002  7.334362e-003 -9.994711e-001
    outer loop
      vertex  5.412372e+002  6.499231e+003 -3.470583e+001
      vertex  5.274703e+002  6.138162e+003 -3.691907e+001
      vertex  5.313817e+002  6.499231e+003 -3.439344e+001
    endloop
  endfacet
  facet normal -3.351635e-002  7.353830e-003 -9.994111e-001
    outer loop
      vertex  5.313817e+002  6.499231e+003 -3.439344e+001
      vertex  5.274703e+002  6.138162e+003 -3.691907e+001
      vertex  5.170679e+002  6.138162e+003 -3.657022e+001
    endloop
  endfacet
  facet normal -3.999726e-002  7.609301e-003 -9.991708e-001
    outer loop
      vertex  5.313817e+002  6.499231e+003 -3.439344e+001
      vertex  5.170679e+002  6.138162e+003 -3.657022e+001
      vertex  5.215415e+002  6.499231e+003 -3.399953e+001
    endloop
  endfacet
  facet normal -4.183289e-002  7.631508e-003 -9.990955e-001
    outer loop
      vertex  5.215415e+002  6.499231e+003 -3.399953e+001
      vertex  5.170679e+002  6.138162e+003 -3.657022e+001
      vertex  5.066821e+002  6.138162e+003 -3.613535e+001
    endloop
  endfacet
  facet normal -4.935218e-002  7.938912e-003 -9.987499e-001
    outer loop
      vertex  5.215415e+002  6.499231e+003 -3.399953e+001
      vertex  5.066821e+002  6.138162e+003 -3.613535e+001
      vertex  5.117217e+002  6.499231e+003 -3.351430e+001
    endloop
  endfacet
  facet normal -5.118717e-002  7.963853e-003 -9.986573e-001
    outer loop
      vertex  5.117217e+002  6.499231e+003 -3.351430e+001
      vertex  5.066821e+002  6.138162e+003 -3.613535e+001
      vertex  4.963179e+002  6.138162e+003 -3.560413e+001
    endloop
  endfacet
  facet normal -5.814959e-002  8.258663e-003 -9.982738e-001
    outer loop
      vertex  5.117217e+002  6.499231e+003 -3.351430e+001
      vertex  4.963179e+002  6.138162e+003 -3.560413e+001
      vertex  5.051706e+002  6.499231e+003 -3.313269e+001
    endloop
  endfacet
  facet normal -6.192116e-002  8.349576e-003 -9.980461e-001
    outer loop
      vertex  5.051706e+002  6.499231e+003 -3.313269e+001
      vertex  4.963179e+002  6.138162e+003 -3.560413e+001
      vertex  4.859477e+002  6.138162e+003 -3.496074e+001
    endloop
  endfacet
  facet normal -6.602710e-002  8.566829e-003 -9.977810e-001
    outer loop
      vertex  5.051706e+002  6.499231e+003 -3.313269e+001
      vertex  4.859477e+002  6.138162e+003 -3.496074e+001
      vertex  4.986214e+002  6.499231e+003 -3.269931e+001
    endloop
  endfacet
  facet normal -7.464039e-002  8.865340e-003 -9.971711e-001
    outer loop
      vertex  4.986214e+002  6.499231e+003 -3.269931e+001
      vertex  4.859477e+002  6.138162e+003 -3.496074e+001
      vertex  4.920684e+002  6.499231e+003 -3.220880e+001
    endloop
  endfacet
  facet normal -7.429101e-002  8.859616e-003 -9.971972e-001
    outer loop
      vertex  4.920684e+002  6.499231e+003 -3.220880e+001
      vertex  4.859477e+002  6.138162e+003 -3.496074e+001
      vertex  4.755755e+002  6.138162e+003 -3.418801e+001
    endloop
  endfacet
  facet normal -8.391473e-002  9.294999e-003 -9.964296e-001
    outer loop
      vertex  4.920684e+002  6.499231e+003 -3.220880e+001
      vertex  4.755755e+002  6.138162e+003 -3.418801e+001
      vertex  4.855071e+002  6.499231e+003 -3.165624e+001
    endloop
  endfacet
  facet normal -8.817809e-002  9.409677e-003 -9.960603e-001
    outer loop
      vertex  4.855071e+002  6.499231e+003 -3.165624e+001
      vertex  4.755755e+002  6.138162e+003 -3.418801e+001
      vertex  4.651849e+002  6.138162e+003 -3.326816e+001
    endloop
  endfacet
  facet normal -9.370429e-002  9.718444e-003 -9.955527e-001
    outer loop
      vertex  4.855071e+002  6.499231e+003 -3.165624e+001
      vertex  4.651849e+002  6.138162e+003 -3.326816e+001
      vertex  4.789368e+002  6.499231e+003 -3.103783e+001
    endloop
  endfacet
  facet normal -1.038186e-001  1.009744e-002 -9.945450e-001
    outer loop
      vertex  4.789368e+002  6.499231e+003 -3.103783e+001
      vertex  4.651849e+002  6.138162e+003 -3.326816e+001
      vertex  4.723629e+002  6.499231e+003 -3.035159e+001
    endloop
  endfacet
  facet normal -1.031090e-001  1.008393e-002 -9.946190e-001
    outer loop
      vertex  4.723629e+002  6.499231e+003 -3.035159e+001
      vertex  4.651849e+002  6.138162e+003 -3.326816e+001
      vertex  4.547793e+002  6.138162e+003 -3.218945e+001
    endloop
  endfacet
  facet normal -1.123632e-001  1.052947e-002 -9.936114e-001
    outer loop
      vertex  4.723629e+002  6.499231e+003 -3.035159e+001
      vertex  4.547793e+002  6.138162e+003 -3.218945e+001
      vertex  4.679589e+002  6.499231e+003 -2.985356e+001
    endloop
  endfacet
  facet normal -1.146109e-001  1.060985e-002 -9.933538e-001
    outer loop
      vertex  4.679589e+002  6.499231e+003 -2.985356e+001
      vertex  4.547793e+002  6.138162e+003 -3.218945e+001
      vertex  4.495599e+002  6.138162e+003 -3.158725e+001
    endloop
  endfacet
  facet normal -1.219991e-001  1.098209e-002 -9.924695e-001
    outer loop
      vertex  4.679589e+002  6.499231e+003 -2.985356e+001
      vertex  4.495599e+002  6.138162e+003 -3.158725e+001
      vertex  4.602971e+002  6.499231e+003 -2.891174e+001
    endloop
  endfacet
  facet normal -1.224273e-001  1.099443e-002 -9.924166e-001
    outer loop
      vertex  4.602971e+002  6.499231e+003 -2.891174e+001
      vertex  4.495599e+002  6.138162e+003 -3.158725e+001
      vertex  4.443557e+002  6.138162e+003 -3.094524e+001
    endloop
  endfacet
  facet normal -1.309070e-001  1.136269e-002 -9.913296e-001
    outer loop
      vertex  4.602971e+002  6.499231e+003 -2.891174e+001
      vertex  4.443557e+002  6.138162e+003 -3.094524e+001
      vertex  4.391752e+002  6.138162e+003 -3.026114e+001
    endloop
  endfacet
  facet normal -1.364411e-001  1.168362e-002 -9.905794e-001
    outer loop
      vertex  4.602971e+002  6.499231e+003 -2.891174e+001
      vertex  4.391752e+002  6.138162e+003 -3.026114e+001
      vertex  4.526929e+002  6.499231e+003 -2.786434e+001
    endloop
  endfacet
  facet normal -1.412238e-001  1.185821e-002 -9.899067e-001
    outer loop
      vertex  4.526929e+002  6.499231e+003 -2.786434e+001
      vertex  4.391752e+002  6.138162e+003 -3.026114e+001
      vertex  4.340216e+002  6.138162e+003 -2.952591e+001
    endloop
  endfacet
  facet normal -1.533724e-001  1.247807e-002 -9.880897e-001
    outer loop
      vertex  4.526929e+002  6.499231e+003 -2.786434e+001
      vertex  4.340216e+002  6.138162e+003 -2.952591e+001
      vertex  4.477839e+002  6.499231e+003 -2.710236e+001
    endloop
  endfacet
  facet normal -1.551875e-001  1.254534e-002 -9.878054e-001
    outer loop
      vertex  4.477839e+002  6.499231e+003 -2.710236e+001
      vertex  4.340216e+002  6.138162e+003 -2.952591e+001
      vertex  4.288414e+002  6.138162e+003 -2.871209e+001
    endloop
  endfacet
  facet normal -1.726510e-001  1.344852e-002 -9.848912e-001
    outer loop
      vertex  4.477839e+002  6.499231e+003 -2.710236e+001
      vertex  4.288414e+002  6.138162e+003 -2.871209e+001
      vertex  4.428798e+002  6.499231e+003 -2.624268e+001
    endloop
  endfacet
  facet normal -1.744601e-001  1.351667e-002 -9.845715e-001
    outer loop
      vertex  4.428798e+002  6.499231e+003 -2.624268e+001
      vertex  4.288414e+002  6.138162e+003 -2.871209e+001
      vertex  4.236667e+002  6.138162e+003 -2.779516e+001
    endloop
  endfacet
  facet normal -1.971449e-001  1.470525e-002 -9.802641e-001
    outer loop
      vertex  4.428798e+002  6.499231e+003 -2.624268e+001
      vertex  4.236667e+002  6.138162e+003 -2.779516e+001
      vertex  4.379649e+002  6.499231e+003 -2.525423e+001
    endloop
  endfacet
  facet normal -1.989450e-001  1.477397e-002 -9.798993e-001
    outer loop
      vertex  4.379649e+002  6.499231e+003 -2.525423e+001
      vertex  4.236667e+002  6.138162e+003 -2.779516e+001
      vertex  4.184807e+002  6.138162e+003 -2.674228e+001
    endloop
  endfacet
  facet normal -2.248384e-001  1.614801e-002 -9.742622e-001
    outer loop
      vertex  4.379649e+002  6.499231e+003 -2.525423e+001
      vertex  4.184807e+002  6.138162e+003 -2.674228e+001
      vertex  4.330358e+002  6.499231e+003 -2.411669e+001
    endloop
  endfacet
  facet normal -2.266268e-001  1.621708e-002 -9.738466e-001
    outer loop
      vertex  4.330358e+002  6.499231e+003 -2.411669e+001
      vertex  4.184807e+002  6.138162e+003 -2.674228e+001
      vertex  4.132800e+002  6.138162e+003 -2.553200e+001
    endloop
  endfacet
  facet normal -2.482580e-001  1.737982e-002 -9.685380e-001
    outer loop
      vertex  4.330358e+002  6.499231e+003 -2.411669e+001
      vertex  4.132800e+002  6.138162e+003 -2.553200e+001
      vertex  4.296645e+002  6.499231e+003 -2.325256e+001
    endloop
  endfacet
  facet normal -2.545221e-001  1.765377e-002 -9.669058e-001
    outer loop
      vertex  4.296645e+002  6.499231e+003 -2.325256e+001
      vertex  4.132800e+002  6.138162e+003 -2.553200e+001
      vertex  4.079507e+002  6.138162e+003 -2.412915e+001
    endloop
  endfacet
  facet normal -2.659413e-001  1.833298e-002 -9.638149e-001
    outer loop
      vertex  4.296645e+002  6.499231e+003 -2.325256e+001
      vertex  4.079507e+002  6.138162e+003 -2.412915e+001
      vertex  4.263111e+002  6.499231e+003 -2.232727e+001
    endloop
  endfacet
  facet normal -3.092564e-001  2.069564e-002 -9.507534e-001
    outer loop
      vertex  4.218999e+002  6.499231e+003 -2.101394e+001
      vertex  3.998266e+002  6.138162e+003 -2.169366e+001
      vertex  4.175920e+002  6.499231e+003 -1.961271e+001
    endloop
  endfacet
  facet normal -3.158622e-001  2.100809e-002 -9.485725e-001
    outer loop
      vertex  4.175920e+002  6.499231e+003 -1.961271e+001
      vertex  3.998266e+002  6.138162e+003 -2.169366e+001
      vertex  3.970138e+002  6.138162e+003 -2.075705e+001
    endloop
  endfacet
  facet normal -3.323122e-001  2.192769e-002 -9.429145e-001
    outer loop
      vertex  4.175920e+002  6.499231e+003 -1.961271e+001
      vertex  3.970138e+002  6.138162e+003 -2.075705e+001
      vertex  4.154830e+002  6.499231e+003 -1.886941e+001
    endloop
  endfacet
  facet normal -3.338814e-001  2.200504e-002 -9.423581e-001
    outer loop
      vertex  4.154830e+002  6.499231e+003 -1.886941e+001
      vertex  3.970138e+002  6.138162e+003 -2.075705e+001
      vertex  3.947756e+002  6.138162e+003 -1.996404e+001
    endloop
  endfacet
  facet normal -3.528192e-001  2.307006e-002 -9.354070e-001
    outer loop
      vertex  4.154830e+002  6.499231e+003 -1.886941e+001
      vertex  3.947756e+002  6.138162e+003 -1.996404e+001
      vertex  4.134022e+002  6.499231e+003 -1.808459e+001
    endloop
  endfacet
  facet normal -3.544713e-001  2.315202e-002 -9.347802e-001
    outer loop
      vertex  4.134022e+002  6.499231e+003 -1.808459e+001
      vertex  3.947756e+002  6.138162e+003 -1.996404e+001
      vertex  3.925677e+002  6.138162e+003 -1.912681e+001
    endloop
  endfacet
  facet normal -3.830146e-001  2.476621e-002 -9.234102e-001
    outer loop
      vertex  4.134022e+002  6.499231e+003 -1.808459e+001
      vertex  3.925677e+002  6.138162e+003 -1.912681e+001
      vertex  4.107882e+002  6.499231e+003 -1.700034e+001
    endloop
  endfacet
  facet normal -3.836475e-001  2.479660e-002 -9.231467e-001
    outer loop
      vertex  4.107882e+002  6.499231e+003 -1.700034e+001
      vertex  3.925677e+002  6.138162e+003 -1.912681e+001
      vertex  3.899567e+002  6.138162e+003 -1.804169e+001
    endloop
  endfacet
  facet normal -4.241427e-001  2.708114e-002 -9.051904e-001
    outer loop
      vertex  4.107882e+002  6.499231e+003 -1.700034e+001
      vertex  3.899567e+002  6.138162e+003 -1.804169e+001
      vertex  3.873669e+002  6.138162e+003 -1.682820e+001
    endloop
  endfacet
  facet normal -4.762490e-001  3.010456e-002 -8.787949e-001
    outer loop
      vertex  4.081956e+002  6.499231e+003 -1.577775e+001
      vertex  3.860125e+002  6.138162e+003 -1.612497e+001
      vertex  4.058902e+002  6.499231e+003 -1.452837e+001
    endloop
  endfacet
  facet normal -4.886180e-001  3.075526e-002 -8.719556e-001
    outer loop
      vertex  4.058902e+002  6.499231e+003 -1.452837e+001
      vertex  3.860125e+002  6.138162e+003 -1.612497e+001
      vertex  3.846620e+002  6.138162e+003 -1.536814e+001
    endloop
  endfacet
  facet normal -5.157201e-001  3.231190e-002 -8.561476e-001
    outer loop
      vertex  4.058902e+002  6.499231e+003 -1.452837e+001
      vertex  3.846620e+002  6.138162e+003 -1.536814e+001
      vertex  4.047438e+002  6.499231e+003 -1.383777e+001
    endloop
  endfacet
  facet normal -5.170164e-001  3.238067e-002 -8.553627e-001
    outer loop
      vertex  4.047438e+002  6.499231e+003 -1.383777e+001
      vertex  3.846620e+002  6.138162e+003 -1.536814e+001
      vertex  3.834449e+002  6.138162e+003 -1.463249e+001
    endloop
  endfacet
  facet normal -5.440838e-001  3.393987e-002 -8.383442e-001
    outer loop
      vertex  4.047438e+002  6.499231e+003 -1.383777e+001
      vertex  3.834449e+002  6.138162e+003 -1.463249e+001
      vertex  4.036057e+002  6.499231e+003 -1.309917e+001
    endloop
  endfacet
  facet normal -5.455167e-001  3.401591e-002 -8.374093e-001
    outer loop
      vertex  4.036057e+002  6.499231e+003 -1.309917e+001
      vertex  3.834449e+002  6.138162e+003 -1.463249e+001
      vertex  3.822368e+002  6.138162e+003 -1.384552e+001
    endloop
  endfacet
  facet normal -5.783867e-001  3.591486e-002 -8.149718e-001
    outer loop
      vertex  4.036057e+002  6.499231e+003 -1.309917e+001
      vertex  3.822368e+002  6.138162e+003 -1.384552e+001
      vertex  4.021628e+002  6.499231e+003 -1.207516e+001
    endloop
  endfacet
  facet normal -5.843989e-001  3.622549e-002 -8.106576e-001
    outer loop
      vertex  4.021628e+002  6.499231e+003 -1.207516e+001
      vertex  3.822368e+002  6.138162e+003 -1.384552e+001
      vertex  3.803836e+002  6.138162e+003 -1.250957e+001
    endloop
  endfacet
  facet normal -6.167810e-001  3.814932e-002 -7.862098e-001
    outer loop
      vertex  4.021628e+002  6.499231e+003 -1.207516e+001
      vertex  3.803836e+002  6.138162e+003 -1.250957e+001
      vertex  4.009292e+002  6.499231e+003 -1.110737e+001
    endloop
  endfacet
  facet normal -6.550829e-001  4.027950e-002 -7.544826e-001
    outer loop
      vertex  3.997406e+002  6.499231e+003 -1.007539e+001
      vertex  4.009292e+002  6.499231e+003 -1.110737e+001
      vertex  3.777398e+002  6.138162e+003 -1.024940e+001
    endloop
  endfacet
  facet normal -6.763098e-001  4.168804e-002 -7.354367e-001
    outer loop
      vertex  3.777398e+002  6.138162e+003 -1.024940e+001
      vertex  4.009292e+002  6.499231e+003 -1.110737e+001
      vertex  3.786009e+002  6.138162e+003 -1.104129e+001
    endloop
  endfacet
  facet normal -6.763138e-001  4.154597e-002 -7.354411e-001
    outer loop
      vertex  3.777398e+002  6.138162e+003 -1.024940e+001
      vertex  3.786009e+002  6.138162e+003 -1.104129e+001
      vertex  3.558599e+002  5.777094e+003 -1.052582e+001
    endloop
  endfacet
  facet normal -6.821552e-001  4.192164e-002 -7.300047e-001
    outer loop
      vertex  3.558599e+002  5.777094e+003 -1.052582e+001
      vertex  3.786009e+002  6.138162e+003 -1.104129e+001
      vertex  3.570456e+002  5.777094e+003 -1.163375e+001
    endloop
  endfacet
  facet normal -6.973820e-001  4.280070e-002 -7.154204e-001
    outer loop
      vertex  3.985372e+002  6.499231e+003 -8.902336e+000
      vertex  3.997406e+002  6.499231e+003 -1.007539e+001
      vertex  3.769141e+002  6.138162e+003 -9.425651e+000
    endloop
  endfacet
  facet normal -7.056022e-001  4.333502e-002 -7.072818e-001
    outer loop
      vertex  3.769141e+002  6.138162e+003 -9.425651e+000
      vertex  3.997406e+002  6.499231e+003 -1.007539e+001
      vertex  3.777398e+002  6.138162e+003 -1.024940e+001
    endloop
  endfacet
  facet normal -7.056064e-001  4.319938e-002 -7.072859e-001
    outer loop
      vertex  3.769141e+002  6.138162e+003 -9.425651e+000
      vertex  3.777398e+002  6.138162e+003 -1.024940e+001
      vertex  3.547430e+002  5.777094e+003 -9.360491e+000
    endloop
  endfacet
  facet normal -7.212487e-001  4.423510e-002 -6.912623e-001
    outer loop
      vertex  3.547430e+002  5.777094e+003 -9.360491e+000
      vertex  3.777398e+002  6.138162e+003 -1.024940e+001
      vertex  3.558599e+002  5.777094e+003 -1.052582e+001
    endloop
  endfacet
  facet normal -7.438943e-001  4.555359e-002 -6.667429e-001
    outer loop
      vertex  3.974260e+002  6.499231e+003 -7.662548e+000
      vertex  3.985372e+002  6.499231e+003 -8.902336e+000
      vertex  3.761476e+002  6.138162e+003 -8.591017e+000
    endloop
  endfacet
  facet normal -7.357782e-001  4.504258e-002 -6.757231e-001
    outer loop
      vertex  3.761476e+002  6.138162e+003 -8.591017e+000
      vertex  3.985372e+002  6.499231e+003 -8.902336e+000
      vertex  3.769141e+002  6.138162e+003 -9.425651e+000
    endloop
  endfacet
  facet normal -7.357776e-001  4.505771e-002 -6.757226e-001
    outer loop
      vertex  3.761476e+002  6.138162e+003 -8.591017e+000
      vertex  3.769141e+002  6.138162e+003 -9.425651e+000
      vertex  3.547430e+002  5.777094e+003 -9.360491e+000
    endloop
  endfacet
  facet normal -8.330187e-001  5.070782e-002 -5.509160e-001
    outer loop
      vertex  3.957800e+002  6.499231e+003 -5.367356e+000
      vertex  3.965527e+002  6.499231e+003 -6.535687e+000
      vertex  3.739101e+002  6.138162e+003 -5.532494e+000
    endloop
  endfacet
  facet normal -8.473770e-001  5.167059e-002 -5.284718e-001
    outer loop
      vertex  3.739101e+002  6.138162e+003 -5.532494e+000
      vertex  3.965527e+002  6.499231e+003 -6.535687e+000
      vertex  3.743761e+002  6.138162e+003 -6.279657e+000
    endloop
  endfacet
  facet normal -8.473814e-001  5.157138e-002 -5.284745e-001
    outer loop
      vertex  3.739101e+002  6.138162e+003 -5.532494e+000
      vertex  3.743761e+002  6.138162e+003 -6.279657e+000
      vertex  3.520919e+002  5.777094e+003 -5.783130e+000
    endloop
  endfacet
  facet normal -8.503827e-001  5.176331e-002 -5.236122e-001
    outer loop
      vertex  3.520919e+002  5.777094e+003 -5.783130e+000
      vertex  3.743761e+002  6.138162e+003 -6.279657e+000
      vertex  3.525507e+002  5.777094e+003 -6.528205e+000
    endloop
  endfacet
  facet normal -8.503832e-001  5.175387e-002 -5.236124e-001
    outer loop
      vertex  3.520919e+002  5.777094e+003 -5.783130e+000
      vertex  3.525507e+002  5.777094e+003 -6.528205e+000
      vertex  3.303105e+002  5.416025e+003 -6.096570e+000
    endloop
  endfacet
  facet normal -8.501626e-001  5.173985e-002 -5.239720e-001
    outer loop
      vertex  3.303105e+002  5.416025e+003 -6.096570e+000
      vertex  3.525507e+002  5.777094e+003 -6.528205e+000
      vertex  3.308057e+002  5.416025e+003 -6.900113e+000
    endloop
  endfacet
  facet normal -8.501624e-001  5.174090e-002 -5.239720e-001
    outer loop
      vertex  3.303105e+002  5.416025e+003 -6.096570e+000
      vertex  3.308057e+002  5.416025e+003 -6.900113e+000
      vertex  3.085293e+002  5.054957e+003 -6.410525e+000
    endloop
  endfacet
  facet normal -8.499683e-001  5.172849e-002 -5.242881e-001
    outer loop
      vertex  3.085293e+002  5.054957e+003 -6.410525e+000
      vertex  3.308057e+002  5.416025e+003 -6.900113e+000
      vertex  3.090613e+002  5.054957e+003 -7.273017e+000
    endloop
  endfacet
  facet normal -8.499683e-001  5.172847e-002 -5.242881e-001
    outer loop
      vertex  3.085293e+002  5.054957e+003 -6.410525e+000
      vertex  3.090613e+002  5.054957e+003 -7.273017e+000
      vertex  2.867398e+002  4.693889e+003 -6.710193e+000
    endloop
  endfacet
  facet normal -8.440071e-001  5.134501e-002 -5.338686e-001
    outer loop
      vertex  2.867398e+002  4.693889e+003 -6.710193e+000
      vertex  3.090613e+002  5.054957e+003 -7.273017e+000
      vertex  2.875969e+002  4.693889e+003 -8.065231e+000
    endloop
  endfacet
  facet normal -8.440058e-001  5.137599e-002 -5.338677e-001
    outer loop
      vertex  2.867398e+002  4.693889e+003 -6.710193e+000
      vertex  2.875969e+002  4.693889e+003 -8.065231e+000
      vertex  2.576830e+002  4.212464e+003 -7.102759e+000
    endloop
  endfacet
  facet normal -8.511630e-001  5.184378e-002 -5.223348e-001
    outer loop
      vertex  2.576830e+002  4.212464e+003 -7.102759e+000
      vertex  2.875969e+002  4.693889e+003 -8.065231e+000
      vertex  2.582729e+002  4.212464e+003 -8.063931e+000
    endloop
  endfacet
  facet normal -8.511649e-001  5.180275e-002 -5.223360e-001
    outer loop
      vertex  2.576830e+002  4.212464e+003 -7.102759e+000
      vertex  2.582729e+002  4.212464e+003 -8.063931e+000
      vertex  3.856675e+000  0.000000e+000 -1.125555e+001
    endloop
  endfacet
  facet normal -8.701083e-001  5.291168e-002 -4.900120e-001
    outer loop
      vertex  3.952955e+002  6.499231e+003 -4.506987e+000
      vertex  3.957800e+002  6.499231e+003 -5.367356e+000
      vertex  3.734879e+002  6.138162e+003 -4.771868e+000
    endloop
  endfacet
  facet normal -8.730988e-001  5.310516e-002 -4.846425e-001
    outer loop
      vertex  3.734879e+002  6.138162e+003 -4.771868e+000
      vertex  3.957800e+002  6.499231e+003 -5.367356e+000
      vertex  3.739101e+002  6.138162e+003 -5.532494e+000
    endloop
  endfacet
  facet normal -8.730996e-001  5.308766e-002 -4.846430e-001
    outer loop
      vertex  3.734879e+002  6.138162e+003 -4.771868e+000
      vertex  3.739101e+002  6.138162e+003 -5.532494e+000
      vertex  3.516744e+002  5.777094e+003 -5.025534e+000
    endloop
  endfacet
  facet normal -8.745842e-001  5.318287e-002 -4.819482e-001
    outer loop
      vertex  3.516744e+002  5.777094e+003 -5.025534e+000
      vertex  3.739101e+002  6.138162e+003 -5.532494e+000
      vertex  3.520919e+002  5.777094e+003 -5.783130e+000
    endloop
  endfacet
  facet normal -8.745845e-001  5.317540e-002 -4.819483e-001
    outer loop
      vertex  3.516744e+002  5.777094e+003 -5.025534e+000
      vertex  3.520919e+002  5.777094e+003 -5.783130e+000
      vertex  3.298610e+002  5.416025e+003 -5.279200e+000
    endloop
  endfacet
  facet normal -8.750022e-001  5.320219e-002 -4.811867e-001
    outer loop
      vertex  3.298610e+002  5.416025e+003 -5.279200e+000
      vertex  3.520919e+002  5.777094e+003 -5.783130e+000
      vertex  3.303105e+002  5.416025e+003 -6.096570e+000
    endloop
  endfacet
  facet normal -8.750024e-001  5.320019e-002 -4.811867e-001
    outer loop
      vertex  3.298610e+002  5.416025e+003 -5.279200e+000
      vertex  3.303105e+002  5.416025e+003 -6.096570e+000
      vertex  3.080475e+002  5.054957e+003 -5.532866e+000
    endloop
  endfacet
  facet normal -8.753403e-001  5.322199e-002 -4.805692e-001
    outer loop
      vertex  3.080475e+002  5.054957e+003 -5.532866e+000
      vertex  3.303105e+002  5.416025e+003 -6.096570e+000
      vertex  3.085293e+002  5.054957e+003 -6.410525e+000
    endloop
  endfacet
  facet normal -8.753432e-001  5.316053e-002 -4.805707e-001
    outer loop
      vertex  3.080475e+002  5.054957e+003 -5.532866e+000
      vertex  3.085293e+002  5.054957e+003 -6.410525e+000
      vertex  2.860021e+002  4.693889e+003 -5.319192e+000
    endloop
  endfacet
  facet normal -8.821779e-001  5.362539e-002 -4.678530e-001
    outer loop
      vertex  2.860021e+002  4.693889e+003 -5.319192e+000
      vertex  3.085293e+002  5.054957e+003 -6.410525e+000
      vertex  2.867398e+002  4.693889e+003 -6.710193e+000
    endloop
  endfacet
  facet normal -8.821766e-001  5.365341e-002 -4.678523e-001
    outer loop
      vertex  2.860021e+002  4.693889e+003 -5.319192e+000
      vertex  2.867398e+002  4.693889e+003 -6.710193e+000
      vertex  2.571494e+002  4.212464e+003 -6.124754e+000
    endloop
  endfacet
  facet normal -8.765826e-001  5.329688e-002 -4.782912e-001
    outer loop
      vertex  2.571494e+002  4.212464e+003 -6.124754e+000
      vertex  2.867398e+002  4.693889e+003 -6.710193e+000
      vertex  2.576830e+002  4.212464e+003 -7.102759e+000
    endloop
  endfacet
  facet normal -8.765826e-001  5.329750e-002 -4.782911e-001
    outer loop
      vertex  2.571494e+002  4.212464e+003 -6.124754e+000
      vertex  2.576830e+002  4.212464e+003 -7.102759e+000
      vertex  2.981612e+000  4.547474e-013 -9.709938e+000
    endloop
  endfacet
  facet normal -8.689955e-001  5.284724e-002 -4.919897e-001
    outer loop
      vertex  2.981612e+000  4.547474e-013 -9.709938e+000
      vertex  2.576830e+002  4.212464e+003 -7.102759e+000
      vertex  3.856675e+000  0.000000e+000 -1.125555e+001
    endloop
  endfacet
  facet normal -9.000272e-001  5.467642e-002 -4.323904e-001
    outer loop
      vertex  3.952955e+002  6.499231e+003 -4.506987e+000
      vertex  3.734879e+002  6.138162e+003 -4.771868e+000
      vertex  3.948741e+002  6.499231e+003 -3.629991e+000
    endloop
  endfacet
  facet normal -9.041252e-001  5.489175e-002 -4.237269e-001
    outer loop
      vertex  3.948741e+002  6.499231e+003 -3.629991e+000
      vertex  3.734879e+002  6.138162e+003 -4.771868e+000
      vertex  3.729427e+002  6.138162e+003 -3.608492e+000
    endloop
  endfacet
  facet normal -9.279149e-001  5.634003e-002 -3.685103e-001
    outer loop
      vertex  3.948741e+002  6.499231e+003 -3.629991e+000
      vertex  3.729427e+002  6.138162e+003 -3.608492e+000
      vertex  3.945201e+002  6.499231e+003 -2.738527e+000
    endloop
  endfacet
  facet normal -9.380555e-001  5.688165e-002 -3.417841e-001
    outer loop
      vertex  3.945201e+002  6.499231e+003 -2.738527e+000
      vertex  3.729427e+002  6.138162e+003 -3.608492e+000
      vertex  3.725104e+002  6.138162e+003 -2.422226e+000
    endloop
  endfacet
  facet normal -9.526070e-001  5.780644e-002 -2.986609e-001
    outer loop
      vertex  3.945201e+002  6.499231e+003 -2.738527e+000
      vertex  3.725104e+002  6.138162e+003 -2.422226e+000
      vertex  3.942368e+002  6.499231e+003 -1.834834e+000
    endloop
  endfacet
  facet normal -9.729453e-001  5.890780e-002 -2.233994e-001
    outer loop
      vertex  3.942368e+002  6.499231e+003 -1.834834e+000
      vertex  3.725104e+002  6.138162e+003 -2.422226e+000
      vertex  3.940270e+002  6.499231e+003 -9.212131e-001
    endloop
  endfacet
  facet normal -9.662740e-001  5.862397e-002 -2.507546e-001
    outer loop
      vertex  3.940270e+002  6.499231e+003 -9.212131e-001
      vertex  3.725104e+002  6.138162e+003 -2.422226e+000
      vertex  3.721979e+002  6.138162e+003 -1.217783e+000
    endloop
  endfacet
  facet normal -9.877748e-001  5.983612e-002 -1.439468e-001
    outer loop
      vertex  3.940270e+002  6.499231e+003 -9.212131e-001
      vertex  3.721979e+002  6.138162e+003 -1.217783e+000
      vertex  3.938928e+002  6.499231e+003  4.765803e-015
    endloop
  endfacet
  facet normal  4.821420e-002  8.046256e-003 -9.988046e-001
    outer loop
      vertex  1.160081e+003  4.212464e+003 -2.990964e+001
      vertex  1.311915e+003  9.094947e-013 -5.651550e+001
      vertex  1.106774e+003  4.212464e+003 -3.248288e+001
    endloop
  endfacet
  facet normal  3.957105e-002  7.627535e-003 -9.991877e-001
    outer loop
      vertex  1.106774e+003  4.212464e+003 -3.248288e+001
      vertex  1.311915e+003  9.094947e-013 -5.651550e+001
      vertex  1.259316e+003  0.000000e+000 -5.859858e+001
    endloop
  endfacet
  facet normal  4.561572e-002  7.844815e-003 -9.989282e-001
    outer loop
      vertex  1.106774e+003  4.212464e+003 -3.248288e+001
      vertex  1.259316e+003  0.000000e+000 -5.859858e+001
      vertex  1.053475e+003  4.212464e+003 -3.491677e+001
    endloop
  endfacet
  facet normal  3.710607e-002  7.430992e-003 -9.992837e-001
    outer loop
      vertex  1.053475e+003  4.212464e+003 -3.491677e+001
      vertex  1.259316e+003  0.000000e+000 -5.859858e+001
      vertex  1.171666e+003  0.000000e+000 -6.185325e+001
    endloop
  endfacet
  facet normal  4.341241e-002  7.606299e-003 -9.990283e-001
    outer loop
      vertex  1.053475e+003  4.212464e+003 -3.491677e+001
      vertex  1.171666e+003  0.000000e+000 -6.185325e+001
      vertex  1.000169e+003  4.212464e+003 -3.723315e+001
    endloop
  endfacet
  facet normal  3.496212e-002  7.264224e-003 -9.993622e-001
    outer loop
      vertex  1.000169e+003  4.212464e+003 -3.723315e+001
      vertex  1.171666e+003  0.000000e+000 -6.185325e+001
      vertex  1.101540e+003 -4.547474e-013 -6.430659e+001
    endloop
  endfacet
  facet normal  4.274193e-002  7.449488e-003 -9.990584e-001
    outer loop
      vertex  1.000169e+003  4.212464e+003 -3.723315e+001
      vertex  1.101540e+003 -4.547474e-013 -6.430659e+001
      vertex  9.468683e+002  4.212464e+003 -3.951349e+001
    endloop
  endfacet
  facet normal  3.433726e-002  7.142810e-003 -9.993848e-001
    outer loop
      vertex  9.468683e+002  4.212464e+003 -3.951349e+001
      vertex  1.101540e+003 -4.547474e-013 -6.430659e+001
      vertex  9.963602e+002  0.000000e+000 -6.792038e+001
    endloop
  endfacet
  facet normal  4.230613e-002  7.234370e-003 -9.990785e-001
    outer loop
      vertex  9.468683e+002  4.212464e+003 -3.951349e+001
      vertex  9.963602e+002  0.000000e+000 -6.792038e+001
      vertex  8.935685e+002  4.212464e+003 -4.177048e+001
    endloop
  endfacet
  facet normal  3.381304e-002  7.029141e-003 -9.994035e-001
    outer loop
      vertex  8.935685e+002  4.212464e+003 -4.177048e+001
      vertex  9.963602e+002  0.000000e+000 -6.792038e+001
      vertex  9.437720e+002  0.000000e+000 -6.969961e+001
    endloop
  endfacet
  facet normal  4.053656e-002  7.107609e-003 -9.991528e-001
    outer loop
      vertex  8.935685e+002  4.212464e+003 -4.177048e+001
      vertex  9.437720e+002  0.000000e+000 -6.969961e+001
      vertex  8.402789e+002  4.212464e+003 -4.393248e+001
    endloop
  endfacet
  facet normal  3.234649e-002  6.908229e-003 -9.994529e-001
    outer loop
      vertex  8.402789e+002  4.212464e+003 -4.393248e+001
      vertex  9.437720e+002  0.000000e+000 -6.969961e+001
      vertex  8.736692e+002 -4.547474e-013 -7.196843e+001
    endloop
  endfacet
  facet normal  3.784424e-002  6.950519e-003 -9.992594e-001
    outer loop
      vertex  8.402789e+002  4.212464e+003 -4.393248e+001
      vertex  8.736692e+002 -4.547474e-013 -7.196843e+001
      vertex  8.136296e+002  4.212464e+003 -4.494175e+001
    endloop
  endfacet
  facet normal  3.010209e-002  6.841865e-003 -9.995235e-001
    outer loop
      vertex  8.136296e+002  4.212464e+003 -4.494175e+001
      vertex  8.736692e+002 -4.547474e-013 -7.196843e+001
      vertex  8.386136e+002 -4.547474e-013 -7.302418e+001
    endloop
  endfacet
  facet normal  3.525015e-002  6.871274e-003 -9.993549e-001
    outer loop
      vertex  8.136296e+002  4.212464e+003 -4.494175e+001
      vertex  8.386136e+002 -4.547474e-013 -7.302418e+001
      vertex  7.869759e+002  4.212464e+003 -4.588191e+001
    endloop
  endfacet
  facet normal  2.734054e-002  6.775916e-003 -9.996032e-001
    outer loop
      vertex  7.869759e+002  4.212464e+003 -4.588191e+001
      vertex  8.386136e+002 -4.547474e-013 -7.302418e+001
      vertex  7.860220e+002  9.094947e-013 -7.446263e+001
    endloop
  endfacet
  facet normal  3.211766e-002  6.773870e-003 -9.994611e-001
    outer loop
      vertex  7.869759e+002  4.212464e+003 -4.588191e+001
      vertex  7.860220e+002  9.094947e-013 -7.446263e+001
      vertex  7.603347e+002  4.212464e+003 -4.673802e+001
    endloop
  endfacet
  facet normal  2.317302e-002  6.720956e-003 -9.997088e-001
    outer loop
      vertex  7.603347e+002  4.212464e+003 -4.673802e+001
      vertex  7.860220e+002  9.094947e-013 -7.446263e+001
      vertex  7.334547e+002  9.094947e-013 -7.568113e+001
    endloop
  endfacet
  facet normal  2.856264e-002  6.685609e-003 -9.995697e-001
    outer loop
      vertex  7.603347e+002  4.212464e+003 -4.673802e+001
      vertex  7.334547e+002  9.094947e-013 -7.568113e+001
      vertex  7.336916e+002  4.212464e+003 -4.749935e+001
    endloop
  endfacet
  facet normal  2.089198e-002  6.630609e-003 -9.997597e-001
    outer loop
      vertex  7.070489e+002  4.212464e+003 -4.815895e+001
      vertex  6.808865e+002  9.094947e-013 -7.664359e+001
      vertex  6.804081e+002  4.212464e+003 -4.871567e+001
    endloop
  endfacet
  facet normal  1.316632e-002  6.630604e-003 -9.998914e-001
    outer loop
      vertex  6.804081e+002  4.212464e+003 -4.871567e+001
      vertex  6.808865e+002  9.094947e-013 -7.664359e+001
      vertex  6.283245e+002 -9.094947e-013 -7.733571e+001
    endloop
  endfacet
  facet normal  1.725015e-002  6.579691e-003 -9.998295e-001
    outer loop
      vertex  6.804081e+002  4.212464e+003 -4.871567e+001
      vertex  6.283245e+002 -9.094947e-013 -7.733571e+001
      vertex  6.537823e+002  4.212464e+003 -4.917505e+001
    endloop
  endfacet
  facet normal  8.329753e-003  6.634362e-003 -9.999433e-001
    outer loop
      vertex  6.537823e+002  4.212464e+003 -4.917505e+001
      vertex  6.283245e+002 -9.094947e-013 -7.733571e+001
      vertex  5.757939e+002 -9.094947e-013 -7.777330e+001
    endloop
  endfacet
  facet normal  1.402891e-002  6.528421e-003 -9.998803e-001
    outer loop
      vertex  6.537823e+002  4.212464e+003 -4.917505e+001
      vertex  5.757939e+002 -9.094947e-013 -7.777330e+001
      vertex  6.271526e+002  4.212464e+003 -4.954868e+001
    endloop
  endfacet
  facet normal  8.022630e-003  6.534754e-003 -9.999465e-001
    outer loop
      vertex  6.005148e+002  4.212464e+003 -4.984503e+001
      vertex  5.232510e+002 -9.094947e-013 -7.799381e+001
      vertex  5.738691e+002  4.212464e+003 -5.005881e+001
    endloop
  endfacet
  facet normal  1.905753e-004  6.629075e-003 -9.999779e-001
    outer loop
      vertex  5.738691e+002  4.212464e+003 -5.005881e+001
      vertex  5.232510e+002 -9.094947e-013 -7.799381e+001
      vertex  4.706882e+002  4.547474e-013 -7.800383e+001
    endloop
  endfacet
  facet normal  3.806006e-003  6.540475e-003 -9.999714e-001
    outer loop
      vertex  5.738691e+002  4.212464e+003 -5.005881e+001
      vertex  4.706882e+002  4.547474e-013 -7.800383e+001
      vertex  5.472332e+002  4.212464e+003 -5.016019e+001
    endloop
  endfacet
  facet normal -4.561842e-003  6.692500e-003 -9.999672e-001
    outer loop
      vertex  5.472332e+002  4.212464e+003 -5.016019e+001
      vertex  4.706882e+002  4.547474e-013 -7.800383e+001
      vertex  4.312802e+002  4.547474e-013 -7.782405e+001
    endloop
  endfacet
  facet normal -2.578541e-003  6.637956e-003 -9.999746e-001
    outer loop
      vertex  5.472332e+002  4.212464e+003 -5.016019e+001
      vertex  4.312802e+002  4.547474e-013 -7.782405e+001
      vertex  5.206121e+002  4.212464e+003 -5.009154e+001
    endloop
  endfacet
  facet normal -9.021933e-003  6.774346e-003 -9.999363e-001
    outer loop
      vertex  5.206121e+002  4.212464e+003 -5.009154e+001
      vertex  4.312802e+002  4.547474e-013 -7.782405e+001
      vertex  4.115845e+002  0.000000e+000 -7.764635e+001
    endloop
  endfacet
  facet normal -1.287091e-002  6.873686e-003 -9.998935e-001
    outer loop
      vertex  5.206121e+002  4.212464e+003 -5.009154e+001
      vertex  4.115845e+002  0.000000e+000 -7.764635e+001
      vertex  3.918962e+002  0.000000e+000 -7.739291e+001
    endloop
  endfacet
  facet normal -9.031289e-003  6.756640e-003 -9.999363e-001
    outer loop
      vertex  5.206121e+002  4.212464e+003 -5.009154e+001
      vertex  3.918962e+002  0.000000e+000 -7.739291e+001
      vertex  5.073090e+002  4.212464e+003 -4.997139e+001
    endloop
  endfacet
  facet normal -1.754472e-002  6.989144e-003 -9.998217e-001
    outer loop
      vertex  5.073090e+002  4.212464e+003 -4.997139e+001
      vertex  3.918962e+002  0.000000e+000 -7.739291e+001
      vertex  3.710578e+002  0.000000e+000 -7.702724e+001
    endloop
  endfacet
  facet normal -1.420005e-002  6.881306e-003 -9.998755e-001
    outer loop
      vertex  5.073090e+002  4.212464e+003 -4.997139e+001
      vertex  3.710578e+002  0.000000e+000 -7.702724e+001
      vertex  4.940041e+002  4.212464e+003 -4.978244e+001
    endloop
  endfacet
  facet normal -2.305502e-002  7.138672e-003 -9.997088e-001
    outer loop
      vertex  4.940041e+002  4.212464e+003 -4.978244e+001
      vertex  3.710578e+002  0.000000e+000 -7.702724e+001
      vertex  3.502169e+002  4.547474e-013 -7.654662e+001
    endloop
  endfacet
  facet normal -1.996841e-002  7.033741e-003 -9.997759e-001
    outer loop
      vertex  4.940041e+002  4.212464e+003 -4.978244e+001
      vertex  3.502169e+002  4.547474e-013 -7.654662e+001
      vertex  4.806928e+002  4.212464e+003 -4.951657e+001
    endloop
  endfacet
  facet normal -2.886807e-002  7.307990e-003 -9.995566e-001
    outer loop
      vertex  4.806928e+002  4.212464e+003 -4.951657e+001
      vertex  3.502169e+002  4.547474e-013 -7.654662e+001
      vertex  3.316850e+002  0.000000e+000 -7.601140e+001
    endloop
  endfacet
  facet normal -2.630967e-002  7.217939e-003 -9.996278e-001
    outer loop
      vertex  4.806928e+002  4.212464e+003 -4.951657e+001
      vertex  3.316850e+002  0.000000e+000 -7.601140e+001
      vertex  4.673736e+002  4.212464e+003 -4.916602e+001
    endloop
  endfacet
  facet normal -3.486602e-002  7.491868e-003 -9.993640e-001
    outer loop
      vertex  4.673736e+002  4.212464e+003 -4.916602e+001
      vertex  3.316850e+002  0.000000e+000 -7.601140e+001
      vertex  3.131436e+002  0.000000e+000 -7.536452e+001
    endloop
  endfacet
  facet normal -3.322239e-002  7.432042e-003 -9.994204e-001
    outer loop
      vertex  4.673736e+002  4.212464e+003 -4.916602e+001
      vertex  3.131436e+002  0.000000e+000 -7.536452e+001
      vertex  4.540467e+002  4.212464e+003 -4.872301e+001
    endloop
  endfacet
  facet normal -4.281445e-002  7.750563e-003 -9.990530e-001
    outer loop
      vertex  4.540467e+002  4.212464e+003 -4.872301e+001
      vertex  3.131436e+002  0.000000e+000 -7.536452e+001
      vertex  2.868642e+002 -4.547474e-013 -7.423832e+001
    endloop
  endfacet
  facet normal -4.075912e-002  7.669517e-003 -9.991396e-001
    outer loop
      vertex  4.540467e+002  4.212464e+003 -4.872301e+001
      vertex  2.868642e+002 -4.547474e-013 -7.423832e+001
      vertex  4.407283e+002  4.212464e+003 -4.817970e+001
    endloop
  endfacet
  facet normal -5.042495e-002  8.019824e-003 -9.986956e-001
    outer loop
      vertex  4.407283e+002  4.212464e+003 -4.817970e+001
      vertex  2.868642e+002 -4.547474e-013 -7.423832e+001
      vertex  2.737354e+002 -4.547474e-013 -7.357543e+001
    endloop
  endfacet
  facet normal -4.907311e-002  7.966642e-003 -9.987634e-001
    outer loop
      vertex  4.407283e+002  4.212464e+003 -4.817970e+001
      vertex  2.737354e+002 -4.547474e-013 -7.357543e+001
      vertex  4.274318e+002  4.212464e+003 -4.752639e+001
    endloop
  endfacet
  facet normal -5.595797e-002  8.215592e-003 -9.983993e-001
    outer loop
      vertex  4.274318e+002  4.212464e+003 -4.752639e+001
      vertex  2.737354e+002 -4.547474e-013 -7.357543e+001
      vertex  2.606216e+002 -4.547474e-013 -7.284044e+001
    endloop
  endfacet
  facet normal -6.192620e-002  8.449800e-003 -9.980450e-001
    outer loop
      vertex  4.274318e+002  4.212464e+003 -4.752639e+001
      vertex  2.606216e+002 -4.547474e-013 -7.284044e+001
      vertex  2.475271e+002  0.000000e+000 -7.202795e+001
    endloop
  endfacet
  facet normal -5.842427e-002  8.301475e-003 -9.982573e-001
    outer loop
      vertex  4.274318e+002  4.212464e+003 -4.752639e+001
      vertex  2.475271e+002  0.000000e+000 -7.202795e+001
      vertex  4.141640e+002  4.212464e+003 -4.674987e+001
    endloop
  endfacet
  facet normal -6.842384e-002  8.693206e-003 -9.976186e-001
    outer loop
      vertex  4.141640e+002  4.212464e+003 -4.674987e+001
      vertex  2.475271e+002  0.000000e+000 -7.202795e+001
      vertex  2.344522e+002  9.094947e-013 -7.113119e+001
    endloop
  endfacet
  facet normal -6.915314e-002  8.724026e-003 -9.975679e-001
    outer loop
      vertex  4.141640e+002  4.212464e+003 -4.674987e+001
      vertex  2.344522e+002  9.094947e-013 -7.113119e+001
      vertex  4.008895e+002  4.212464e+003 -4.582966e+001
    endloop
  endfacet
  facet normal -7.556218e-002  8.974445e-003 -9.971007e-001
    outer loop
      vertex  4.008895e+002  4.212464e+003 -4.582966e+001
      vertex  2.344522e+002  9.094947e-013 -7.113119e+001
      vertex  2.213652e+002  9.094947e-013 -7.013943e+001
    endloop
  endfacet
  facet normal -8.343031e-002  9.306126e-003 -9.964702e-001
    outer loop
      vertex  4.008895e+002  4.212464e+003 -4.582966e+001
      vertex  2.213652e+002  9.094947e-013 -7.013943e+001
      vertex  2.082840e+002  1.364242e-012 -6.904419e+001
    endloop
  endfacet
  facet normal -1.380877e-001  1.174197e-002 -9.903504e-001
    outer loop
      vertex  3.476625e+002  4.212464e+003 -4.030120e+001
      vertex  1.334478e+002  4.547474e-013 -6.037712e+001
      vertex  3.410344e+002  4.212464e+003 -3.937702e+001
    endloop
  endfacet
  facet normal -1.482717e-001  1.223645e-002 -9.888710e-001
    outer loop
      vertex  3.410344e+002  4.212464e+003 -3.937702e+001
      vertex  1.334478e+002  4.547474e-013 -6.037712e+001
      vertex  1.250091e+002  9.094947e-013 -5.911182e+001
    endloop
  endfacet
  facet normal -1.483952e-001  1.224270e-002 -9.888523e-001
    outer loop
      vertex  3.410344e+002  4.212464e+003 -3.937702e+001
      vertex  1.250091e+002  9.094947e-013 -5.911182e+001
      vertex  3.344414e+002  4.212464e+003 -3.838761e+001
    endloop
  endfacet
  facet normal -1.574408e-001  1.268551e-002 -9.874470e-001
    outer loop
      vertex  3.344414e+002  4.212464e+003 -3.838761e+001
      vertex  1.250091e+002  9.094947e-013 -5.911182e+001
      vertex  1.166097e+002  0.000000e+000 -5.777259e+001
    endloop
  endfacet
  facet normal -1.623421e-001  1.293529e-002 -9.866497e-001
    outer loop
      vertex  3.344414e+002  4.212464e+003 -3.838761e+001
      vertex  1.166097e+002  0.000000e+000 -5.777259e+001
      vertex  3.278150e+002  4.212464e+003 -3.729732e+001
    endloop
  endfacet
  facet normal -1.678054e-001  1.320475e-002 -9.857317e-001
    outer loop
      vertex  3.278150e+002  4.212464e+003 -3.729732e+001
      vertex  1.166097e+002  0.000000e+000 -5.777259e+001
      vertex  1.100799e+002  0.000000e+000 -5.666100e+001
    endloop
  endfacet
  facet normal -1.793629e-001  1.379273e-002 -9.836863e-001
    outer loop
      vertex  3.278150e+002  4.212464e+003 -3.729732e+001
      vertex  1.100799e+002  0.000000e+000 -5.666100e+001
      vertex  1.035612e+002  0.000000e+000 -5.547239e+001
    endloop
  endfacet
  facet normal -1.815906e-001  1.390955e-002 -9.832758e-001
    outer loop
      vertex  3.278150e+002  4.212464e+003 -3.729732e+001
      vertex  1.035612e+002  0.000000e+000 -5.547239e+001
      vertex  3.211966e+002  4.212464e+003 -3.607503e+001
    endloop
  endfacet
  facet normal -1.936254e-001  1.452070e-002 -9.809680e-001
    outer loop
      vertex  3.211966e+002  4.212464e+003 -3.607503e+001
      vertex  1.035612e+002  0.000000e+000 -5.547239e+001
      vertex  9.687519e+001  0.000000e+000 -5.415269e+001
    endloop
  endfacet
  facet normal -2.060410e-001  1.517094e-002 -9.784258e-001
    outer loop
      vertex  3.211966e+002  4.212464e+003 -3.607503e+001
      vertex  9.687519e+001  0.000000e+000 -5.415269e+001
      vertex  3.145650e+002  4.212464e+003 -3.467853e+001
    endloop
  endfacet
  facet normal -2.104294e-001  1.539339e-002 -9.774878e-001
    outer loop
      vertex  3.145650e+002  4.212464e+003 -3.467853e+001
      vertex  9.687519e+001  0.000000e+000 -5.415269e+001
      vertex  9.018050e+001  0.000000e+000 -5.271149e+001
    endloop
  endfacet
  facet normal -2.265901e-001  1.623867e-002 -9.738548e-001
    outer loop
      vertex  3.145650e+002  4.212464e+003 -3.467853e+001
      vertex  9.018050e+001  0.000000e+000 -5.271149e+001
      vertex  3.112419e+002  4.212464e+003 -3.390532e+001
    endloop
  endfacet
  facet normal -2.284603e-001  1.633485e-002 -9.734161e-001
    outer loop
      vertex  3.112419e+002  4.212464e+003 -3.390532e+001
      vertex  9.018050e+001  0.000000e+000 -5.271149e+001
      vertex  8.381017e+001  0.000000e+000 -5.121638e+001
    endloop
  endfacet
  facet normal -2.407235e-001  1.698473e-002 -9.704452e-001
    outer loop
      vertex  3.112419e+002  4.212464e+003 -3.390532e+001
      vertex  8.381017e+001  0.000000e+000 -5.121638e+001
      vertex  3.079160e+002  4.212464e+003 -3.308033e+001
    endloop
  endfacet
  facet normal -2.467296e-001  1.729774e-002 -9.689299e-001
    outer loop
      vertex  3.079160e+002  4.212464e+003 -3.308033e+001
      vertex  8.381017e+001  0.000000e+000 -5.121638e+001
      vertex  7.743232e+001  4.547474e-013 -4.959231e+001
    endloop
  endfacet
  facet normal -2.547614e-001  1.772901e-002 -9.668414e-001
    outer loop
      vertex  3.079160e+002  4.212464e+003 -3.308033e+001
      vertex  7.743232e+001  4.547474e-013 -4.959231e+001
      vertex  3.045048e+002  4.212464e+003 -3.218147e+001
    endloop
  endfacet
  facet normal -2.628410e-001  1.815556e-002 -9.646683e-001
    outer loop
      vertex  3.045048e+002  4.212464e+003 -3.218147e+001
      vertex  7.743232e+001  4.547474e-013 -4.959231e+001
      vertex  7.239664e+001  9.094947e-013 -4.822025e+001
    endloop
  endfacet
  facet normal -2.682651e-001  1.844872e-002 -9.631685e-001
    outer loop
      vertex  3.045048e+002  4.212464e+003 -3.218147e+001
      vertex  7.239664e+001  9.094947e-013 -4.822025e+001
      vertex  3.011042e+002  4.212464e+003 -3.123432e+001
    endloop
  endfacet
  facet normal -2.763125e-001  1.887642e-002 -9.608824e-001
    outer loop
      vertex  3.011042e+002  4.212464e+003 -3.123432e+001
      vertex  7.239664e+001  9.094947e-013 -4.822025e+001
      vertex  6.737727e+001  9.094947e-013 -4.677687e+001
    endloop
  endfacet
  facet normal -2.809770e-001  1.913021e-002 -9.595239e-001
    outer loop
      vertex  3.011042e+002  4.212464e+003 -3.123432e+001
      vertex  6.737727e+001  9.094947e-013 -4.677687e+001
      vertex  2.977244e+002  4.212464e+003 -3.024463e+001
    endloop
  endfacet
  facet normal -2.951150e-001  1.988656e-002 -9.552548e-001
    outer loop
      vertex  2.977244e+002  4.212464e+003 -3.024463e+001
      vertex  6.737727e+001  9.094947e-013 -4.677687e+001
      vertex  5.744884e+001  4.547474e-013 -4.370960e+001
    endloop
  endfacet
  facet normal -2.932712e-001  1.978320e-002 -9.558245e-001
    outer loop
      vertex  2.977244e+002  4.212464e+003 -3.024463e+001
      vertex  5.744884e+001  4.547474e-013 -4.370960e+001
      vertex  2.943764e+002  4.212464e+003 -2.921737e+001
    endloop
  endfacet
  facet normal -3.082235e-001  2.060790e-002 -9.510907e-001
    outer loop
      vertex  2.943764e+002  4.212464e+003 -2.921737e+001
      vertex  5.744884e+001  4.547474e-013 -4.370960e+001
      vertex  2.899784e+002  4.212464e+003 -2.779208e+001
    endloop
  endfacet
  facet normal -3.161678e-001  2.103653e-002 -9.484701e-001
    outer loop
      vertex  2.899784e+002  4.212464e+003 -2.779208e+001
      vertex  5.744884e+001  4.547474e-013 -4.370960e+001
      vertex  5.095976e+001  4.547474e-013 -4.154650e+001
    endloop
  endfacet
  facet normal -3.285027e-001  2.172266e-002 -9.442531e-001
    outer loop
      vertex  2.899784e+002  4.212464e+003 -2.779208e+001
      vertex  5.095976e+001  4.547474e-013 -4.154650e+001
      vertex  2.856694e+002  4.212464e+003 -2.629300e+001
    endloop
  endfacet
  facet normal -3.363900e-001  2.215201e-002 -9.414622e-001
    outer loop
      vertex  2.856694e+002  4.212464e+003 -2.629300e+001
      vertex  5.095976e+001  4.547474e-013 -4.154650e+001
      vertex  4.460336e+001  4.547474e-013 -3.927532e+001
    endloop
  endfacet
  facet normal -3.559939e-001  2.325149e-002 -9.341990e-001
    outer loop
      vertex  2.856694e+002  4.212464e+003 -2.629300e+001
      vertex  4.460336e+001  4.547474e-013 -3.927532e+001
      vertex  2.814506e+002  4.212464e+003 -2.468534e+001
    endloop
  endfacet
  facet normal -3.637947e-001  2.367963e-002 -9.311782e-001
    outer loop
      vertex  2.814506e+002  4.212464e+003 -2.468534e+001
      vertex  4.460336e+001  4.547474e-013 -3.927532e+001
      vertex  3.838172e+001  4.547474e-013 -3.684464e+001
    endloop
  endfacet
  facet normal -3.903248e-001  2.517918e-002 -9.203328e-001
    outer loop
      vertex  2.814506e+002  4.212464e+003 -2.468534e+001
      vertex  3.838172e+001  4.547474e-013 -3.684464e+001
      vertex  2.781168e+002  4.212464e+003 -2.327146e+001
    endloop
  endfacet
  facet normal -3.933946e-001  2.534965e-002 -9.190202e-001
    outer loop
      vertex  2.781168e+002  4.212464e+003 -2.327146e+001
      vertex  3.838172e+001  4.547474e-013 -3.684464e+001
      vertex  3.470597e+001  0.000000e+000 -3.527120e+001
    endloop
  endfacet
  facet normal -4.216619e-001  2.694695e-002 -9.063526e-001
    outer loop
      vertex  2.781168e+002  4.212464e+003 -2.327146e+001
      vertex  3.470597e+001  0.000000e+000 -3.527120e+001
      vertex  3.105834e+001  4.547474e-013 -3.357421e+001
    endloop
  endfacet
  facet normal -4.694486e-001  2.966990e-002 -8.824611e-001
    outer loop
      vertex  3.008751e+002  4.693889e+003 -1.937312e+001
      vertex  3.029503e+002  4.693889e+003 -2.047709e+001
      vertex  2.728170e+002  4.212464e+003 -2.063316e+001
    endloop
  endfacet
  facet normal -4.691638e-001  2.965212e-002 -8.826132e-001
    outer loop
      vertex  2.728170e+002  4.212464e+003 -2.063316e+001
      vertex  3.029503e+002  4.693889e+003 -2.047709e+001
      vertex  2.748115e+002  4.212464e+003 -2.169338e+001
    endloop
  endfacet
  facet normal -4.691639e-001  2.964322e-002 -8.826134e-001
    outer loop
      vertex  2.728170e+002  4.212464e+003 -2.063316e+001
      vertex  2.748115e+002  4.212464e+003 -2.169338e+001
      vertex  2.536546e+001  0.000000e+000 -3.057599e+001
    endloop
  endfacet
  facet normal -4.801446e-001  3.028091e-002 -8.766665e-001
    outer loop
      vertex  2.536546e+001  0.000000e+000 -3.057599e+001
      vertex  2.748115e+002  4.212464e+003 -2.169338e+001
      vertex  2.820723e+001  0.000000e+000 -3.213241e+001
    endloop
  endfacet
  facet normal -5.055505e-001  3.174227e-002 -8.622129e-001
    outer loop
      vertex  2.988090e+002  4.693889e+003 -1.816168e+001
      vertex  3.008751e+002  4.693889e+003 -1.937312e+001
      vertex  2.708300e+002  4.212464e+003 -1.948005e+001
    endloop
  endfacet
  facet normal -5.016982e-001  3.150236e-002 -8.644689e-001
    outer loop
      vertex  2.708300e+002  4.212464e+003 -1.948005e+001
      vertex  3.008751e+002  4.693889e+003 -1.937312e+001
      vertex  2.728170e+002  4.212464e+003 -2.063316e+001
    endloop
  endfacet
  facet normal -5.016983e-001  3.149880e-002 -8.644691e-001
    outer loop
      vertex  2.708300e+002  4.212464e+003 -1.948005e+001
      vertex  2.728170e+002  4.212464e+003 -2.063316e+001
      vertex  2.215029e+001  0.000000e+000 -2.864794e+001
    endloop
  endfacet
  facet normal -5.140224e-001  3.221827e-002 -8.571715e-001
    outer loop
      vertex  2.215029e+001  0.000000e+000 -2.864794e+001
      vertex  2.728170e+002  4.212464e+003 -2.063316e+001
      vertex  2.536546e+001  0.000000e+000 -3.057599e+001
    endloop
  endfacet
  facet normal -5.445973e-001  3.399873e-002 -8.380082e-001
    outer loop
      vertex  2.967613e+002  4.693889e+003 -1.683090e+001
      vertex  2.988090e+002  4.693889e+003 -1.816168e+001
      vertex  2.695453e+002  4.212464e+003 -1.867581e+001
    endloop
  endfacet
  facet normal -5.302982e-001  3.313933e-002 -8.471633e-001
    outer loop
      vertex  2.695453e+002  4.212464e+003 -1.867581e+001
      vertex  2.988090e+002  4.693889e+003 -1.816168e+001
      vertex  2.708300e+002  4.212464e+003 -1.948005e+001
    endloop
  endfacet
  facet normal -5.302985e-001  3.312517e-002 -8.471636e-001
    outer loop
      vertex  2.695453e+002  4.212464e+003 -1.867581e+001
      vertex  2.708300e+002  4.212464e+003 -1.948005e+001
      vertex  1.896572e+001  0.000000e+000 -2.653338e+001
    endloop
  endfacet
  facet normal -5.528322e-001  3.444805e-002 -8.325803e-001
    outer loop
      vertex  1.896572e+001  0.000000e+000 -2.653338e+001
      vertex  2.708300e+002  4.212464e+003 -1.948005e+001
      vertex  2.215029e+001  0.000000e+000 -2.864794e+001
    endloop
  endfacet
  facet normal -5.784293e-001  3.591735e-002 -8.149414e-001
    outer loop
      vertex  2.682694e+002  4.212464e+003 -1.782603e+001
      vertex  1.896572e+001  0.000000e+000 -2.653338e+001
      vertex  2.670399e+002  4.212464e+003 -1.695336e+001
    endloop
  endfacet
  facet normal -5.865180e-001  3.638045e-002 -8.091186e-001
    outer loop
      vertex  2.670399e+002  4.212464e+003 -1.695336e+001
      vertex  1.896572e+001  0.000000e+000 -2.653338e+001
      vertex  1.696942e+001  4.547474e-013 -2.508630e+001
    endloop
  endfacet
  facet normal -6.035306e-001  3.736597e-002 -7.964638e-001
    outer loop
      vertex  2.670399e+002  4.212464e+003 -1.695336e+001
      vertex  1.696942e+001  4.547474e-013 -2.508630e+001
      vertex  2.658286e+002  4.212464e+003 -1.603545e+001
    endloop
  endfacet
  facet normal -6.142091e-001  3.797912e-002 -7.882289e-001
    outer loop
      vertex  2.658286e+002  4.212464e+003 -1.603545e+001
      vertex  1.696942e+001  4.547474e-013 -2.508630e+001
      vertex  1.500782e+001  0.000000e+000 -2.355778e+001
    endloop
  endfacet
  facet normal -6.288514e-001  3.883012e-002 -7.765553e-001
    outer loop
      vertex  2.658286e+002  4.212464e+003 -1.603545e+001
      vertex  1.500782e+001  0.000000e+000 -2.355778e+001
      vertex  2.647201e+002  4.212464e+003 -1.513778e+001
    endloop
  endfacet
  facet normal -6.432438e-001  3.965946e-002 -7.646335e-001
    outer loop
      vertex  2.647201e+002  4.212464e+003 -1.513778e+001
      vertex  1.500782e+001  0.000000e+000 -2.355778e+001
      vertex  1.309429e+001  9.094947e-013 -2.194802e+001
    endloop
  endfacet
  facet normal -6.543573e-001  4.030791e-002 -7.551104e-001
    outer loop
      vertex  2.647201e+002  4.212464e+003 -1.513778e+001
      vertex  1.309429e+001  9.094947e-013 -2.194802e+001
      vertex  2.636391e+002  4.212464e+003 -1.420107e+001
    endloop
  endfacet
  facet normal -6.737404e-001  4.142894e-002 -7.378058e-001
    outer loop
      vertex  2.636391e+002  4.212464e+003 -1.420107e+001
      vertex  1.309429e+001  9.094947e-013 -2.194802e+001
      vertex  1.124414e+001  4.547474e-013 -2.025853e+001
    endloop
  endfacet
  facet normal -6.862235e-001  4.216014e-002 -7.261680e-001
    outer loop
      vertex  2.636391e+002  4.212464e+003 -1.420107e+001
      vertex  1.124414e+001  4.547474e-013 -2.025853e+001
      vertex  2.622042e+002  4.212464e+003 -1.284507e+001
    endloop
  endfacet
  facet normal -8.419018e-001  5.125456e-002 -5.371910e-001
    outer loop
      vertex  3.856675e+000  0.000000e+000 -1.125555e+001
      vertex  2.582729e+002  4.212464e+003 -8.063931e+000
      vertex  4.824265e+000  4.547474e-013 -1.277199e+001
    endloop
  endfacet
  facet normal -8.254044e-001  5.029003e-002 -5.622975e-001
    outer loop
      vertex  4.824265e+000  4.547474e-013 -1.277199e+001
      vertex  2.582729e+002  4.212464e+003 -8.063931e+000
      vertex  2.589151e+002  4.212464e+003 -9.006687e+000
    endloop
  endfacet
  facet normal -8.041624e-001  4.903562e-002 -5.923838e-001
    outer loop
      vertex  4.824265e+000  4.547474e-013 -1.277199e+001
      vertex  2.589151e+002  4.212464e+003 -9.006687e+000
      vertex  6.750679e+000  0.000000e+000 -1.538709e+001
    endloop
  endfacet
  facet normal -7.996570e-001  4.877515e-002 -5.984728e-001
    outer loop
      vertex  6.750679e+000  0.000000e+000 -1.538709e+001
      vertex  2.589151e+002  4.212464e+003 -9.006687e+000
      vertex  2.596058e+002  4.212464e+003 -9.929540e+000
    endloop
  endfacet
  facet normal -7.659416e-001  4.680673e-002 -6.412041e-001
    outer loop
      vertex  6.750679e+000  0.000000e+000 -1.538709e+001
      vertex  2.596058e+002  4.212464e+003 -9.929540e+000
      vertex  2.608533e+002  4.212464e+003 -1.141968e+001
    endloop
  endfacet
  facet normal -9.203665e-001  5.588674e-002 -3.870427e-001
    outer loop
      vertex  2.205713e+000  0.000000e+000 -8.138160e+000
      vertex  1.535051e+000  0.000000e+000 -6.543362e+000
      vertex  2.571494e+002  4.212464e+003 -6.124754e+000
    endloop
  endfacet
  facet normal -9.130787e-001  5.544620e-002 -4.039965e-001
    outer loop
      vertex  2.571494e+002  4.212464e+003 -6.124754e+000
      vertex  1.535051e+000  0.000000e+000 -6.543362e+000
      vertex  2.562646e+002  4.212464e+003 -4.124944e+000
    endloop
  endfacet
  facet normal -9.130809e-001  5.539871e-002 -4.039975e-001
    outer loop
      vertex  2.571494e+002  4.212464e+003 -6.124754e+000
      vertex  2.562646e+002  4.212464e+003 -4.124944e+000
      vertex  2.860021e+002  4.693889e+003 -5.319192e+000
    endloop
  endfacet
  facet normal  5.069506e-002  8.619252e-003 -9.986770e-001
    outer loop
      vertex  1.265680e+003  4.693889e+003 -2.064055e+001
      vertex  1.293349e+003  4.212464e+003 -2.339100e+001
      vertex  1.215296e+003  4.693889e+003 -2.319814e+001
    endloop
  endfacet
  facet normal  4.920025e-002  8.376929e-003 -9.987538e-001
    outer loop
      vertex  1.215296e+003  4.693889e+003 -2.319814e+001
      vertex  1.293349e+003  4.212464e+003 -2.339100e+001
      vertex  1.240041e+003  4.212464e+003 -2.601705e+001
    endloop
  endfacet
  facet normal  5.011765e-002  8.423813e-003 -9.987078e-001
    outer loop
      vertex  1.215296e+003  4.693889e+003 -2.319814e+001
      vertex  1.240041e+003  4.212464e+003 -2.601705e+001
      vertex  1.139724e+003  4.693889e+003 -2.699057e+001
    endloop
  endfacet
  facet normal  4.862270e-002  8.112147e-003 -9.987843e-001
    outer loop
      vertex  1.139724e+003  4.693889e+003 -2.699057e+001
      vertex  1.240041e+003  4.212464e+003 -2.601705e+001
      vertex  1.160081e+003  4.212464e+003 -2.990964e+001
    endloop
  endfacet
  facet normal  4.970934e-002  8.157771e-003 -9.987304e-001
    outer loop
      vertex  1.139724e+003  4.693889e+003 -2.699057e+001
      vertex  1.160081e+003  4.212464e+003 -2.990964e+001
      vertex  1.089341e+003  4.693889e+003 -2.949823e+001
    endloop
  endfacet
  facet normal  4.821424e-002  7.938146e-003 -9.988055e-001
    outer loop
      vertex  1.089341e+003  4.693889e+003 -2.949823e+001
      vertex  1.160081e+003  4.212464e+003 -2.990964e+001
      vertex  1.106774e+003  4.212464e+003 -3.248288e+001
    endloop
  endfacet
  facet normal  4.711096e-002  7.898523e-003 -9.988585e-001
    outer loop
      vertex  1.089341e+003  4.693889e+003 -2.949823e+001
      vertex  1.106774e+003  4.212464e+003 -3.248288e+001
      vertex  1.038966e+003  4.693889e+003 -3.187417e+001
    endloop
  endfacet
  facet normal  4.561578e-002  7.688015e-003 -9.989296e-001
    outer loop
      vertex  1.038966e+003  4.693889e+003 -3.187417e+001
      vertex  1.106774e+003  4.212464e+003 -3.248288e+001
      vertex  1.053475e+003  4.212464e+003 -3.491677e+001
    endloop
  endfacet
  facet normal  4.490769e-002  7.666879e-003 -9.989618e-001
    outer loop
      vertex  1.038966e+003  4.693889e+003 -3.187417e+001
      vertex  1.053475e+003  4.212464e+003 -3.491677e+001
      vertex  9.885842e+002  4.693889e+003 -3.413904e+001
    endloop
  endfacet
  facet normal  4.341246e-002  7.465447e-003 -9.990294e-001
    outer loop
      vertex  9.885842e+002  4.693889e+003 -3.413904e+001
      vertex  1.053475e+003  4.212464e+003 -3.491677e+001
      vertex  1.000169e+003  4.212464e+003 -3.723315e+001
    endloop
  endfacet
  facet normal  4.423743e-002  7.485066e-003 -9.989930e-001
    outer loop
      vertex  9.885842e+002  4.693889e+003 -3.413904e+001
      vertex  1.000169e+003  4.212464e+003 -3.723315e+001
      vertex  9.382070e+002  4.693889e+003 -3.636985e+001
    endloop
  endfacet
  facet normal  4.274197e-002  7.292709e-003 -9.990595e-001
    outer loop
      vertex  9.382070e+002  4.693889e+003 -3.636985e+001
      vertex  1.000169e+003  4.212464e+003 -3.723315e+001
      vertex  9.468683e+002  4.212464e+003 -3.951349e+001
    endloop
  endfacet
  facet normal  4.380157e-002  7.311472e-003 -9.990134e-001
    outer loop
      vertex  9.382070e+002  4.693889e+003 -3.636985e+001
      vertex  9.468683e+002  4.212464e+003 -3.951349e+001
      vertex  8.878309e+002  4.693889e+003 -3.857858e+001
    endloop
  endfacet
  facet normal  4.230617e-002  7.128217e-003 -9.990792e-001
    outer loop
      vertex  8.878309e+002  4.693889e+003 -3.857858e+001
      vertex  9.468683e+002  4.212464e+003 -3.951349e+001
      vertex  8.935685e+002  4.212464e+003 -4.177048e+001
    endloop
  endfacet
  facet normal  4.251894e-002  7.130693e-003 -9.990702e-001
    outer loop
      vertex  8.878309e+002  4.693889e+003 -3.857858e+001
      vertex  8.935685e+002  4.212464e+003 -4.177048e+001
      vertex  8.542542e+002  4.693889e+003 -4.000755e+001
    endloop
  endfacet
  facet normal  4.053659e-002  6.969115e-003 -9.991537e-001
    outer loop
      vertex  8.542542e+002  4.693889e+003 -4.000755e+001
      vertex  8.935685e+002  4.212464e+003 -4.177048e+001
      vertex  8.402789e+002  4.212464e+003 -4.393248e+001
    endloop
  endfacet
  facet normal  4.105876e-002  6.953783e-003 -9.991325e-001
    outer loop
      vertex  8.542542e+002  4.693889e+003 -4.000755e+001
      vertex  8.402789e+002  4.212464e+003 -4.393248e+001
      vertex  8.374644e+002  4.693889e+003 -4.069752e+001
    endloop
  endfacet
  facet normal  3.933984e-002  6.944200e-003 -9.992017e-001
    outer loop
      vertex  8.374644e+002  4.693889e+003 -4.069752e+001
      vertex  8.402789e+002  4.212464e+003 -4.393248e+001
      vertex  8.122768e+002  4.693889e+003 -4.168919e+001
    endloop
  endfacet
  facet normal  3.784427e-002  6.857481e-003 -9.992601e-001
    outer loop
      vertex  8.122768e+002  4.693889e+003 -4.168919e+001
      vertex  8.402789e+002  4.212464e+003 -4.393248e+001
      vertex  8.136296e+002  4.212464e+003 -4.494175e+001
    endloop
  endfacet
  facet normal  3.674619e-002  6.854673e-003 -9.993011e-001
    outer loop
      vertex  8.122768e+002  4.693889e+003 -4.168919e+001
      vertex  8.136296e+002  4.212464e+003 -4.494175e+001
      vertex  7.870849e+002  4.693889e+003 -4.261554e+001
    endloop
  endfacet
  facet normal  3.525017e-002  6.772449e-003 -9.993556e-001
    outer loop
      vertex  7.870849e+002  4.693889e+003 -4.261554e+001
      vertex  8.136296e+002  4.212464e+003 -4.494175e+001
      vertex  7.869759e+002  4.212464e+003 -4.588191e+001
    endloop
  endfacet
  facet normal  3.361379e-002  6.773201e-003 -9.994119e-001
    outer loop
      vertex  7.870849e+002  4.693889e+003 -4.261554e+001
      vertex  7.869759e+002  4.212464e+003 -4.588191e+001
      vertex  7.619048e+002  4.693889e+003 -4.346244e+001
    endloop
  endfacet
  facet normal  3.211768e-002  6.695539e-003 -9.994617e-001
    outer loop
      vertex  7.619048e+002  4.693889e+003 -4.346244e+001
      vertex  7.869759e+002  4.212464e+003 -4.588191e+001
      vertex  7.603347e+002  4.212464e+003 -4.673802e+001
    endloop
  endfacet
  facet normal  3.005878e-002  6.702688e-003 -9.995257e-001
    outer loop
      vertex  7.619048e+002  4.693889e+003 -4.346244e+001
      vertex  7.603347e+002  4.212464e+003 -4.673802e+001
      vertex  7.367226e+002  4.693889e+003 -4.421974e+001
    endloop
  endfacet
  facet normal  2.856266e-002  6.629541e-003 -9.995700e-001
    outer loop
      vertex  7.367226e+002  4.693889e+003 -4.421974e+001
      vertex  7.603347e+002  4.212464e+003 -4.673802e+001
      vertex  7.336916e+002  4.212464e+003 -4.749935e+001
    endloop
  endfacet
  facet normal  2.624589e-002  6.644559e-003 -9.996334e-001
    outer loop
      vertex  7.367226e+002  4.693889e+003 -4.421974e+001
      vertex  7.336916e+002  4.212464e+003 -4.749935e+001
      vertex  7.115407e+002  4.693889e+003 -4.488091e+001
    endloop
  endfacet
  facet normal  2.474939e-002  6.575914e-003 -9.996721e-001
    outer loop
      vertex  7.115407e+002  4.693889e+003 -4.488091e+001
      vertex  7.336916e+002  4.212464e+003 -4.749935e+001
      vertex  7.070489e+002  4.212464e+003 -4.815895e+001
    endloop
  endfacet
  facet normal  2.238860e-002  6.598318e-003 -9.997275e-001
    outer loop
      vertex  7.115407e+002  4.693889e+003 -4.488091e+001
      vertex  7.070489e+002  4.212464e+003 -4.815895e+001
      vertex  6.863605e+002  4.693889e+003 -4.544481e+001
    endloop
  endfacet
  facet normal  2.089200e-002  6.534189e-003 -9.997603e-001
    outer loop
      vertex  6.863605e+002  4.693889e+003 -4.544481e+001
      vertex  7.070489e+002  4.212464e+003 -4.815895e+001
      vertex  6.804081e+002  4.212464e+003 -4.871567e+001
    endloop
  endfacet
  facet normal  1.874662e-002  6.561003e-003 -9.998027e-001
    outer loop
      vertex  6.863605e+002  4.693889e+003 -4.544481e+001
      vertex  6.804081e+002  4.212464e+003 -4.871567e+001
      vertex  6.611943e+002  4.693889e+003 -4.591668e+001
    endloop
  endfacet
  facet normal  1.725016e-002  6.501438e-003 -9.998301e-001
    outer loop
      vertex  6.611943e+002  4.693889e+003 -4.591668e+001
      vertex  6.804081e+002  4.212464e+003 -4.871567e+001
      vertex  6.537823e+002  4.212464e+003 -4.917505e+001
    endloop
  endfacet
  facet normal  1.552576e-002  6.528176e-003 -9.998581e-001
    outer loop
      vertex  6.611943e+002  4.693889e+003 -4.591668e+001
      vertex  6.537823e+002  4.212464e+003 -4.917505e+001
      vertex  6.360243e+002  4.693889e+003 -4.630752e+001
    endloop
  endfacet
  facet normal  1.402892e-002  6.473097e-003 -9.998806e-001
    outer loop
      vertex  6.360243e+002  4.693889e+003 -4.630752e+001
      vertex  6.537823e+002  4.212464e+003 -4.917505e+001
      vertex  6.271526e+002  4.212464e+003 -4.954868e+001
    endloop
  endfacet
  facet normal  1.262106e-002  6.499167e-003 -9.998992e-001
    outer loop
      vertex  6.360243e+002  4.693889e+003 -4.630752e+001
      vertex  6.271526e+002  4.212464e+003 -4.954868e+001
      vertex  6.108465e+002  4.693889e+003 -4.662532e+001
    endloop
  endfacet
  facet normal  1.112433e-002  6.448582e-003 -9.999173e-001
    outer loop
      vertex  6.108465e+002  4.693889e+003 -4.662532e+001
      vertex  6.271526e+002  4.212464e+003 -4.954868e+001
      vertex  6.005148e+002  4.212464e+003 -4.984503e+001
    endloop
  endfacet
  facet normal  9.519435e-003  6.483133e-003 -9.999337e-001
    outer loop
      vertex  6.108465e+002  4.693889e+003 -4.662532e+001
      vertex  6.005148e+002  4.212464e+003 -4.984503e+001
      vertex  5.856613e+002  4.693889e+003 -4.686509e+001
    endloop
  endfacet
  facet normal  8.022633e-003  6.437035e-003 -9.999471e-001
    outer loop
      vertex  5.856613e+002  4.693889e+003 -4.686509e+001
      vertex  6.005148e+002  4.212464e+003 -4.984503e+001
      vertex  5.738691e+002  4.212464e+003 -5.005881e+001
    endloop
  endfacet
  facet normal  5.302846e-003  6.503772e-003 -9.999648e-001
    outer loop
      vertex  5.856613e+002  4.693889e+003 -4.686509e+001
      vertex  5.738691e+002  4.212464e+003 -5.005881e+001
      vertex  5.604850e+002  4.693889e+003 -4.699860e+001
    endloop
  endfacet
  facet normal  3.806008e-003  6.462203e-003 -9.999719e-001
    outer loop
      vertex  5.604850e+002  4.693889e+003 -4.699860e+001
      vertex  5.738691e+002  4.212464e+003 -5.005881e+001
      vertex  5.472332e+002  4.212464e+003 -5.016019e+001
    endloop
  endfacet
  facet normal  8.427491e-004  6.543811e-003 -9.999782e-001
    outer loop
      vertex  5.604850e+002  4.693889e+003 -4.699860e+001
      vertex  5.472332e+002  4.212464e+003 -5.016019e+001
      vertex  5.479016e+002  4.693889e+003 -4.700920e+001
    endloop
  endfacet
  facet normal -2.578543e-003  6.548542e-003 -9.999753e-001
    outer loop
      vertex  5.479016e+002  4.693889e+003 -4.700920e+001
      vertex  5.472332e+002  4.212464e+003 -5.016019e+001
      vertex  5.206121e+002  4.212464e+003 -5.009154e+001
    endloop
  endfacet
  facet normal -3.006697e-003  6.572803e-003 -9.999738e-001
    outer loop
      vertex  5.479016e+002  4.693889e+003 -4.700920e+001
      vertex  5.206121e+002  4.212464e+003 -5.009154e+001
      vertex  5.353224e+002  4.693889e+003 -4.697138e+001
    endloop
  endfacet
  facet normal -7.534189e-003  6.710984e-003 -9.999491e-001
    outer loop
      vertex  5.353224e+002  4.693889e+003 -4.697138e+001
      vertex  5.206121e+002  4.212464e+003 -5.009154e+001
      vertex  5.227482e+002  4.693889e+003 -4.687664e+001
    endloop
  endfacet
  facet normal -9.031292e-003  6.717544e-003 -9.999367e-001
    outer loop
      vertex  5.227482e+002  4.693889e+003 -4.687664e+001
      vertex  5.206121e+002  4.212464e+003 -5.009154e+001
      vertex  5.073090e+002  4.212464e+003 -4.997139e+001
    endloop
  endfacet
  facet normal -1.270327e-002  6.835042e-003 -9.998959e-001
    outer loop
      vertex  5.227482e+002  4.693889e+003 -4.687664e+001
      vertex  5.073090e+002  4.212464e+003 -4.997139e+001
      vertex  5.101720e+002  4.693889e+003 -4.671687e+001
    endloop
  endfacet
  facet normal -1.420006e-002  6.843807e-003 -9.998758e-001
    outer loop
      vertex  5.101720e+002  4.693889e+003 -4.671687e+001
      vertex  5.073090e+002  4.212464e+003 -4.997139e+001
      vertex  4.940041e+002  4.212464e+003 -4.978244e+001
    endloop
  endfacet
  facet normal -1.847190e-002  6.986820e-003 -9.998050e-001
    outer loop
      vertex  5.101720e+002  4.693889e+003 -4.671687e+001
      vertex  4.940041e+002  4.212464e+003 -4.978244e+001
      vertex  4.975898e+002  4.693889e+003 -4.648440e+001
    endloop
  endfacet
  facet normal -1.996842e-002  6.997768e-003 -9.997761e-001
    outer loop
      vertex  4.975898e+002  4.693889e+003 -4.648440e+001
      vertex  4.940041e+002  4.212464e+003 -4.978244e+001
      vertex  4.806928e+002  4.212464e+003 -4.951657e+001
    endloop
  endfacet
  facet normal -2.481319e-002  7.167118e-003 -9.996665e-001
    outer loop
      vertex  4.975898e+002  4.693889e+003 -4.648440e+001
      vertex  4.806928e+002  4.212464e+003 -4.951657e+001
      vertex  4.849998e+002  4.693889e+003 -4.617190e+001
    endloop
  endfacet
  facet normal -2.630968e-002  7.180240e-003 -9.996281e-001
    outer loop
      vertex  4.849998e+002  4.693889e+003 -4.617190e+001
      vertex  4.806928e+002  4.212464e+003 -4.951657e+001
      vertex  4.673736e+002  4.212464e+003 -4.916602e+001
    endloop
  endfacet
  facet normal -3.172645e-002  7.377576e-003 -9.994694e-001
    outer loop
      vertex  4.849998e+002  4.693889e+003 -4.617190e+001
      vertex  4.673736e+002  4.212464e+003 -4.916602e+001
      vertex  4.724026e+002  4.693889e+003 -4.577202e+001
    endloop
  endfacet
  facet normal -3.322240e-002  7.392860e-003 -9.994206e-001
    outer loop
      vertex  4.724026e+002  4.693889e+003 -4.577202e+001
      vertex  4.673736e+002  4.212464e+003 -4.916602e+001
      vertex  4.540467e+002  4.212464e+003 -4.872301e+001
    endloop
  endfacet
  facet normal -3.926326e-002  7.621834e-003 -9.991999e-001
    outer loop
      vertex  4.724026e+002  4.693889e+003 -4.577202e+001
      vertex  4.540467e+002  4.212464e+003 -4.872301e+001
      vertex  4.598132e+002  4.693889e+003 -4.527733e+001
    endloop
  endfacet
  facet normal -4.075912e-002  7.639321e-003 -9.991397e-001
    outer loop
      vertex  4.598132e+002  4.693889e+003 -4.527733e+001
      vertex  4.540467e+002  4.212464e+003 -4.872301e+001
      vertex  4.407283e+002  4.212464e+003 -4.817970e+001
    endloop
  endfacet
  facet normal -4.757833e-002  7.907822e-003 -9.988362e-001
    outer loop
      vertex  4.598132e+002  4.693889e+003 -4.527733e+001
      vertex  4.407283e+002  4.212464e+003 -4.817970e+001
      vertex  4.472444e+002  4.693889e+003 -4.467863e+001
    endloop
  endfacet
  facet normal -4.907312e-002  7.927528e-003 -9.987638e-001
    outer loop
      vertex  4.472444e+002  4.693889e+003 -4.467863e+001
      vertex  4.407283e+002  4.212464e+003 -4.817970e+001
      vertex  4.274318e+002  4.212464e+003 -4.752639e+001
    endloop
  endfacet
  facet normal -5.692955e-002  8.248369e-003 -9.983440e-001
    outer loop
      vertex  4.472444e+002  4.693889e+003 -4.467863e+001
      vertex  4.274318e+002  4.212464e+003 -4.752639e+001
      vertex  4.347025e+002  4.693889e+003 -4.396344e+001
    endloop
  endfacet
  facet normal -5.842428e-002  8.270304e-003 -9.982576e-001
    outer loop
      vertex  4.347025e+002  4.693889e+003 -4.396344e+001
      vertex  4.274318e+002  4.212464e+003 -4.752639e+001
      vertex  4.141640e+002  4.212464e+003 -4.674987e+001
    endloop
  endfacet
  facet normal -6.766003e-002  8.660923e-003 -9.976709e-001
    outer loop
      vertex  4.347025e+002  4.693889e+003 -4.396344e+001
      vertex  4.141640e+002  4.212464e+003 -4.674987e+001
      vertex  4.221540e+002  4.693889e+003 -4.311243e+001
    endloop
  endfacet
  facet normal -6.915317e-002  8.684929e-003 -9.975683e-001
    outer loop
      vertex  4.221540e+002  4.693889e+003 -4.311243e+001
      vertex  4.141640e+002  4.212464e+003 -4.674987e+001
      vertex  4.008895e+002  4.212464e+003 -4.582966e+001
    endloop
  endfacet
  facet normal -7.672709e-002  9.016326e-003 -9.970114e-001
    outer loop
      vertex  4.221540e+002  4.693889e+003 -4.311243e+001
      vertex  4.008895e+002  4.212464e+003 -4.582966e+001
      vertex  4.158808e+002  4.693889e+003 -4.262966e+001
    endloop
  endfacet
  facet normal -8.151648e-002  9.162930e-003 -9.966299e-001
    outer loop
      vertex  4.158808e+002  4.693889e+003 -4.262966e+001
      vertex  4.008895e+002  4.212464e+003 -4.582966e+001
      vertex  3.876136e+002  4.212464e+003 -4.474380e+001
    endloop
  endfacet
  facet normal -8.331738e-002  9.268012e-003 -9.964800e-001
    outer loop
      vertex  4.158808e+002  4.693889e+003 -4.262966e+001
      vertex  3.876136e+002  4.212464e+003 -4.474380e+001
      vertex  4.096041e+002  4.693889e+003 -4.210485e+001
    endloop
  endfacet
  facet normal -9.131433e-002  9.667176e-003 -9.957752e-001
    outer loop
      vertex  4.311089e+002  5.416025e+003 -3.709361e+001
      vertex  4.425898e+002  5.416025e+003 -3.814643e+001
      vertex  4.199591e+002  5.054957e+003 -3.957647e+001
    endloop
  endfacet
  facet normal -8.911204e-002  9.529938e-003 -9.959760e-001
    outer loop
      vertex  4.199591e+002  5.054957e+003 -3.957647e+001
      vertex  4.425898e+002  5.416025e+003 -3.814643e+001
      vertex  4.260970e+002  5.054957e+003 -4.012564e+001
    endloop
  endfacet
  facet normal -8.911209e-002  9.474701e-003 -9.959765e-001
    outer loop
      vertex  4.199591e+002  5.054957e+003 -3.957647e+001
      vertex  4.260970e+002  5.054957e+003 -4.012564e+001
      vertex  4.012262e+002  4.693889e+003 -4.133524e+001
    endloop
  endfacet
  facet normal -9.147292e-002  9.636596e-003 -9.957609e-001
    outer loop
      vertex  4.012262e+002  4.693889e+003 -4.133524e+001
      vertex  4.260970e+002  5.054957e+003 -4.012564e+001
      vertex  4.096041e+002  4.693889e+003 -4.210485e+001
    endloop
  endfacet
  facet normal -9.147302e-002  9.527289e-003 -9.957620e-001
    outer loop
      vertex  4.012262e+002  4.693889e+003 -4.133524e+001
      vertex  4.096041e+002  4.693889e+003 -4.210485e+001
      vertex  3.743156e+002  4.212464e+003 -4.346936e+001
    endloop
  endfacet
  facet normal -9.539515e-002  9.813732e-003 -9.953912e-001
    outer loop
      vertex  3.743156e+002  4.212464e+003 -4.346936e+001
      vertex  4.096041e+002  4.693889e+003 -4.210485e+001
      vertex  3.876136e+002  4.212464e+003 -4.474380e+001
    endloop
  endfacet
  facet normal -9.539514e-002  9.810880e-003 -9.953911e-001
    outer loop
      vertex  3.743156e+002  4.212464e+003 -4.346936e+001
      vertex  3.876136e+002  4.212464e+003 -4.474380e+001
      vertex  1.908318e+002  9.094947e-013 -6.740419e+001
    endloop
  endfacet
  facet normal -1.203228e-001  1.076078e-002 -9.926765e-001
    outer loop
      vertex  3.781310e+002  4.693889e+003 -3.877557e+001
      vertex  3.844446e+002  4.693889e+003 -3.954086e+001
      vertex  3.476625e+002  4.212464e+003 -4.030120e+001
    endloop
  endfacet
  facet normal -1.257094e-001  1.117127e-002 -9.920042e-001
    outer loop
      vertex  3.476625e+002  4.212464e+003 -4.030120e+001
      vertex  3.844446e+002  4.693889e+003 -3.954086e+001
      vertex  3.609998e+002  4.212464e+003 -4.199133e+001
    endloop
  endfacet
  facet normal -1.257095e-001  1.115790e-002 -9.920043e-001
    outer loop
      vertex  3.476625e+002  4.212464e+003 -4.030120e+001
      vertex  3.609998e+002  4.212464e+003 -4.199133e+001
      vertex  1.446315e+002  4.547474e-013 -6.195367e+001
    endloop
  endfacet
  facet normal -1.366055e-001  1.167184e-002 -9.905568e-001
    outer loop
      vertex  3.718358e+002  4.693889e+003 -3.796221e+001
      vertex  3.476625e+002  4.212464e+003 -4.030120e+001
      vertex  3.655696e+002  4.693889e+003 -3.709805e+001
    endloop
  endfacet
  facet normal -1.380877e-001  1.172560e-002 -9.903505e-001
    outer loop
      vertex  3.655696e+002  4.693889e+003 -3.709805e+001
      vertex  3.476625e+002  4.212464e+003 -4.030120e+001
      vertex  3.410344e+002  4.212464e+003 -3.937702e+001
    endloop
  endfacet
  facet normal -1.469140e-001  1.216938e-002 -9.890745e-001
    outer loop
      vertex  3.655696e+002  4.693889e+003 -3.709805e+001
      vertex  3.410344e+002  4.212464e+003 -3.937702e+001
      vertex  3.593364e+002  4.693889e+003 -3.617219e+001
    endloop
  endfacet
  facet normal -1.483953e-001  1.222422e-002 -9.888526e-001
    outer loop
      vertex  3.593364e+002  4.693889e+003 -3.617219e+001
      vertex  3.410344e+002  4.212464e+003 -3.937702e+001
      vertex  3.344414e+002  4.212464e+003 -3.838761e+001
    endloop
  endfacet
  facet normal -1.608655e-001  1.286005e-002 -9.868926e-001
    outer loop
      vertex  3.593364e+002  4.693889e+003 -3.617219e+001
      vertex  3.344414e+002  4.212464e+003 -3.838761e+001
      vertex  3.530716e+002  4.693889e+003 -3.515101e+001
    endloop
  endfacet
  facet normal -1.623421e-001  1.291556e-002 -9.866500e-001
    outer loop
      vertex  3.530716e+002  4.693889e+003 -3.515101e+001
      vertex  3.344414e+002  4.212464e+003 -3.838761e+001
      vertex  3.278150e+002  4.212464e+003 -3.729732e+001
    endloop
  endfacet
  facet normal -1.801183e-001  1.383430e-002 -9.835477e-001
    outer loop
      vertex  3.530716e+002  4.693889e+003 -3.515101e+001
      vertex  3.278150e+002  4.212464e+003 -3.729732e+001
      vertex  3.468141e+002  4.693889e+003 -3.400506e+001
    endloop
  endfacet
  facet normal -1.815907e-001  1.389055e-002 -9.832761e-001
    outer loop
      vertex  3.468141e+002  4.693889e+003 -3.400506e+001
      vertex  3.278150e+002  4.212464e+003 -3.729732e+001
      vertex  3.211966e+002  4.212464e+003 -3.607503e+001
    endloop
  endfacet
  facet normal -1.979139e-001  1.474552e-002 -9.801084e-001
    outer loop
      vertex  3.468141e+002  4.693889e+003 -3.400506e+001
      vertex  3.211966e+002  4.212464e+003 -3.607503e+001
      vertex  3.436814e+002  4.693889e+003 -3.337248e+001
    endloop
  endfacet
  facet normal -2.060412e-001  1.511567e-002 -9.784266e-001
    outer loop
      vertex  3.436814e+002  4.693889e+003 -3.337248e+001
      vertex  3.211966e+002  4.212464e+003 -3.607503e+001
      vertex  3.145650e+002  4.212464e+003 -3.467853e+001
    endloop
  endfacet
  facet normal -2.112012e-001  1.542474e-002 -9.773209e-001
    outer loop
      vertex  3.436814e+002  4.693889e+003 -3.337248e+001
      vertex  3.145650e+002  4.212464e+003 -3.467853e+001
      vertex  3.405439e+002  4.693889e+003 -3.269447e+001
    endloop
  endfacet
  facet normal -2.251320e-001  1.616360e-002 -9.741942e-001
    outer loop
      vertex  3.405439e+002  4.693889e+003 -3.269447e+001
      vertex  3.145650e+002  4.212464e+003 -3.467853e+001
      vertex  3.374018e+002  4.693889e+003 -3.196833e+001
    endloop
  endfacet
  facet normal -2.265901e-001  1.623086e-002 -9.738550e-001
    outer loop
      vertex  3.374018e+002  4.693889e+003 -3.196833e+001
      vertex  3.145650e+002  4.212464e+003 -3.467853e+001
      vertex  3.112419e+002  4.212464e+003 -3.390532e+001
    endloop
  endfacet
  facet normal -2.392721e-001  1.690771e-002 -9.708053e-001
    outer loop
      vertex  3.374018e+002  4.693889e+003 -3.196833e+001
      vertex  3.112419e+002  4.212464e+003 -3.390532e+001
      vertex  3.342570e+002  4.693889e+003 -3.119325e+001
    endloop
  endfacet
  facet normal -2.407235e-001  1.697507e-002 -9.704453e-001
    outer loop
      vertex  3.342570e+002  4.693889e+003 -3.119325e+001
      vertex  3.112419e+002  4.212464e+003 -3.390532e+001
      vertex  3.079160e+002  4.212464e+003 -3.308033e+001
    endloop
  endfacet
  facet normal -2.532780e-001  1.764939e-002 -9.672325e-001
    outer loop
      vertex  3.342570e+002  4.693889e+003 -3.119325e+001
      vertex  3.079160e+002  4.212464e+003 -3.308033e+001
      vertex  3.310479e+002  4.693889e+003 -3.035291e+001
    endloop
  endfacet
  facet normal -2.547614e-001  1.771845e-002 -9.668416e-001
    outer loop
      vertex  3.310479e+002  4.693889e+003 -3.035291e+001
      vertex  3.079160e+002  4.212464e+003 -3.308033e+001
      vertex  3.045048e+002  4.212464e+003 -3.218147e+001
    endloop
  endfacet
  facet normal -2.667227e-001  1.836561e-002 -9.635984e-001
    outer loop
      vertex  3.310479e+002  4.693889e+003 -3.035291e+001
      vertex  3.045048e+002  4.212464e+003 -3.218147e+001
      vertex  3.278486e+002  4.693889e+003 -2.946735e+001
    endloop
  endfacet
  facet normal -2.682652e-001  1.843798e-002 -9.631687e-001
    outer loop
      vertex  3.278486e+002  4.693889e+003 -2.946735e+001
      vertex  3.045048e+002  4.212464e+003 -3.218147e+001
      vertex  3.011042e+002  4.212464e+003 -3.123432e+001
    endloop
  endfacet
  facet normal -2.794458e-001  1.904737e-002 -9.599726e-001
    outer loop
      vertex  3.278486e+002  4.693889e+003 -2.946735e+001
      vertex  3.011042e+002  4.212464e+003 -3.123432e+001
      vertex  3.246361e+002  4.693889e+003 -2.853221e+001
    endloop
  endfacet
  facet normal -2.809770e-001  1.911969e-002 -9.595240e-001
    outer loop
      vertex  3.246361e+002  4.693889e+003 -2.853221e+001
      vertex  3.011042e+002  4.212464e+003 -3.123432e+001
      vertex  2.977244e+002  4.212464e+003 -3.024463e+001
    endloop
  endfacet
  facet normal -2.918107e-001  1.971373e-002 -9.562730e-001
    outer loop
      vertex  3.246361e+002  4.693889e+003 -2.853221e+001
      vertex  2.977244e+002  4.212464e+003 -3.024463e+001
      vertex  3.214539e+002  4.693889e+003 -2.756112e+001
    endloop
  endfacet
  facet normal -2.932711e-001  1.978322e-002 -9.558246e-001
    outer loop
      vertex  3.214539e+002  4.693889e+003 -2.756112e+001
      vertex  2.977244e+002  4.212464e+003 -3.024463e+001
      vertex  2.943764e+002  4.212464e+003 -2.921737e+001
    endloop
  endfacet
  facet normal -3.045531e-001  2.040556e-002 -9.522767e-001
    outer loop
      vertex  3.214539e+002  4.693889e+003 -2.756112e+001
      vertex  2.943764e+002  4.212464e+003 -2.921737e+001
      vertex  3.183112e+002  4.693889e+003 -2.655603e+001
    endloop
  endfacet
  facet normal -3.082236e-001  2.058150e-002 -9.510912e-001
    outer loop
      vertex  3.183112e+002  4.693889e+003 -2.655603e+001
      vertex  2.943764e+002  4.212464e+003 -2.921737e+001
      vertex  2.899784e+002  4.212464e+003 -2.779208e+001
    endloop
  endfacet
  facet normal -3.188953e-001  2.120046e-002 -9.475527e-001
    outer loop
      vertex  3.183112e+002  4.693889e+003 -2.655603e+001
      vertex  2.899784e+002  4.212464e+003 -2.779208e+001
      vertex  3.152151e+002  4.693889e+003 -2.551405e+001
    endloop
  endfacet
  facet normal -3.285030e-001  2.168849e-002 -9.442539e-001
    outer loop
      vertex  3.152151e+002  4.693889e+003 -2.551405e+001
      vertex  2.899784e+002  4.212464e+003 -2.779208e+001
      vertex  2.856694e+002  4.212464e+003 -2.629300e+001
    endloop
  endfacet
  facet normal -3.363137e-001  2.216338e-002 -9.414892e-001
    outer loop
      vertex  3.152151e+002  4.693889e+003 -2.551405e+001
      vertex  2.856694e+002  4.212464e+003 -2.629300e+001
      vertex  3.121993e+002  4.693889e+003 -2.443677e+001
    endloop
  endfacet
  facet normal -3.889464e-001  2.510134e-002 -9.209183e-001
    outer loop
      vertex  3.092299e+002  4.693889e+003 -2.329571e+001
      vertex  2.814506e+002  4.212464e+003 -2.468534e+001
      vertex  3.060768e+002  4.693889e+003 -2.196402e+001
    endloop
  endfacet
  facet normal -3.903249e-001  2.516855e-002 -9.203331e-001
    outer loop
      vertex  3.060768e+002  4.693889e+003 -2.196402e+001
      vertex  2.814506e+002  4.212464e+003 -2.468534e+001
      vertex  2.781168e+002  4.212464e+003 -2.327146e+001
    endloop
  endfacet
  facet normal -4.180254e-001  2.674395e-002 -9.080415e-001
    outer loop
      vertex  3.060768e+002  4.693889e+003 -2.196402e+001
      vertex  2.781168e+002  4.212464e+003 -2.327146e+001
      vertex  3.045112e+002  4.693889e+003 -2.124330e+001
    endloop
  endfacet
  facet normal -4.306864e-001  2.741300e-002 -9.020852e-001
    outer loop
      vertex  3.045112e+002  4.693889e+003 -2.124330e+001
      vertex  2.781168e+002  4.212464e+003 -2.327146e+001
      vertex  2.748115e+002  4.212464e+003 -2.169338e+001
    endloop
  endfacet
  facet normal -4.404831e-001  2.801292e-002 -8.973238e-001
    outer loop
      vertex  3.045112e+002  4.693889e+003 -2.124330e+001
      vertex  2.748115e+002  4.212464e+003 -2.169338e+001
      vertex  3.029503e+002  4.693889e+003 -2.047709e+001
    endloop
  endfacet
  facet normal -5.775656e-001  3.586752e-002 -8.155559e-001
    outer loop
      vertex  2.967613e+002  4.693889e+003 -1.683090e+001
      vertex  2.682694e+002  4.212464e+003 -1.782603e+001
      vertex  2.955649e+002  4.693889e+003 -1.598364e+001
    endloop
  endfacet
  facet normal -5.784293e-001  3.591414e-002 -8.149415e-001
    outer loop
      vertex  2.955649e+002  4.693889e+003 -1.598364e+001
      vertex  2.682694e+002  4.212464e+003 -1.782603e+001
      vertex  2.670399e+002  4.212464e+003 -1.695336e+001
    endloop
  endfacet
  facet normal -6.034486e-001  3.735947e-002 -7.965263e-001
    outer loop
      vertex  2.955649e+002  4.693889e+003 -1.598364e+001
      vertex  2.670399e+002  4.212464e+003 -1.695336e+001
      vertex  2.943868e+002  4.693889e+003 -1.509111e+001
    endloop
  endfacet
  facet normal -6.035306e-001  3.736388e-002 -7.964638e-001
    outer loop
      vertex  2.943868e+002  4.693889e+003 -1.509111e+001
      vertex  2.670399e+002  4.212464e+003 -1.695336e+001
      vertex  2.658286e+002  4.212464e+003 -1.603545e+001
    endloop
  endfacet
  facet normal -6.288289e-001  3.882556e-002 -7.765738e-001
    outer loop
      vertex  2.943868e+002  4.693889e+003 -1.509111e+001
      vertex  2.658286e+002  4.212464e+003 -1.603545e+001
      vertex  2.933708e+002  4.693889e+003 -1.426846e+001
    endloop
  endfacet
  facet normal -6.288515e-001  3.882680e-002 -7.765554e-001
    outer loop
      vertex  2.933708e+002  4.693889e+003 -1.426846e+001
      vertex  2.658286e+002  4.212464e+003 -1.603545e+001
      vertex  2.647201e+002  4.212464e+003 -1.513778e+001
    endloop
  endfacet
  facet normal -6.536301e-001  4.026385e-002 -7.557424e-001
    outer loop
      vertex  2.933708e+002  4.693889e+003 -1.426846e+001
      vertex  2.647201e+002  4.212464e+003 -1.513778e+001
      vertex  2.923796e+002  4.693889e+003 -1.341113e+001
    endloop
  endfacet
  facet normal -6.543575e-001  4.030337e-002 -7.551106e-001
    outer loop
      vertex  2.923796e+002  4.693889e+003 -1.341113e+001
      vertex  2.647201e+002  4.212464e+003 -1.513778e+001
      vertex  2.636391e+002  4.212464e+003 -1.420107e+001
    endloop
  endfacet
  facet normal -6.851410e-001  4.209531e-002 -7.271931e-001
    outer loop
      vertex  2.923796e+002  4.693889e+003 -1.341113e+001
      vertex  2.636391e+002  4.212464e+003 -1.420107e+001
      vertex  2.910214e+002  4.693889e+003 -1.213145e+001
    endloop
  endfacet
  facet normal -6.862236e-001  4.215248e-002 -7.261681e-001
    outer loop
      vertex  2.910214e+002  4.693889e+003 -1.213145e+001
      vertex  2.636391e+002  4.212464e+003 -1.420107e+001
      vertex  2.622042e+002  4.212464e+003 -1.284507e+001
    endloop
  endfacet
  facet normal -7.240617e-001  4.436127e-002 -6.883072e-001
    outer loop
      vertex  2.910214e+002  4.693889e+003 -1.213145e+001
      vertex  2.622042e+002  4.212464e+003 -1.284507e+001
      vertex  2.897424e+002  4.693889e+003 -1.078609e+001
    endloop
  endfacet
  facet normal -7.250940e-001  4.441566e-002 -6.872161e-001
    outer loop
      vertex  2.897424e+002  4.693889e+003 -1.078609e+001
      vertex  2.622042e+002  4.212464e+003 -1.284507e+001
      vertex  2.608533e+002  4.212464e+003 -1.141968e+001
    endloop
  endfacet
  facet normal -7.649849e-001  4.675037e-002 -6.423492e-001
    outer loop
      vertex  2.897424e+002  4.693889e+003 -1.078609e+001
      vertex  2.608533e+002  4.212464e+003 -1.141968e+001
      vertex  2.885612e+002  4.693889e+003 -9.379359e+000
    endloop
  endfacet
  facet normal -7.659418e-001  4.680058e-002 -6.412042e-001
    outer loop
      vertex  2.885612e+002  4.693889e+003 -9.379359e+000
      vertex  2.608533e+002  4.212464e+003 -1.141968e+001
      vertex  2.596058e+002  4.212464e+003 -9.929540e+000
    endloop
  endfacet
  facet normal -8.052565e-001  4.910768e-002 -5.908895e-001
    outer loop
      vertex  2.885612e+002  4.693889e+003 -9.379359e+000
      vertex  2.596058e+002  4.212464e+003 -9.929540e+000
      vertex  2.875969e+002  4.693889e+003 -8.065231e+000
    endloop
  endfacet
  facet normal -7.996556e-001  4.881139e-002 -5.984718e-001
    outer loop
      vertex  2.875969e+002  4.693889e+003 -8.065231e+000
      vertex  2.596058e+002  4.212464e+003 -9.929540e+000
      vertex  2.589151e+002  4.212464e+003 -9.006687e+000
    endloop
  endfacet
  facet normal -8.254050e-001  5.027473e-002 -5.622980e-001
    outer loop
      vertex  2.875969e+002  4.693889e+003 -8.065231e+000
      vertex  2.589151e+002  4.212464e+003 -9.006687e+000
      vertex  2.582729e+002  4.212464e+003 -8.063931e+000
    endloop
  endfacet
  facet normal  5.193515e-002  8.690162e-003 -9.986126e-001
    outer loop
      vertex  1.244928e+003  5.054957e+003 -1.857771e+001
      vertex  1.265680e+003  4.693889e+003 -2.064055e+001
      vertex  1.196738e+003  5.054957e+003 -2.108395e+001
    endloop
  endfacet
  facet normal  5.069513e-002  8.453312e-003 -9.986784e-001
    outer loop
      vertex  1.196738e+003  5.054957e+003 -2.108395e+001
      vertex  1.265680e+003  4.693889e+003 -2.064055e+001
      vertex  1.215296e+003  4.693889e+003 -2.319814e+001
    endloop
  endfacet
  facet normal  5.135774e-002  8.487170e-003 -9.986443e-001
    outer loop
      vertex  1.196738e+003  5.054957e+003 -2.108395e+001
      vertex  1.215296e+003  4.693889e+003 -2.319814e+001
      vertex  1.124455e+003  5.054957e+003 -2.480126e+001
    endloop
  endfacet
  facet normal  5.011775e-002  8.174909e-003 -9.987098e-001
    outer loop
      vertex  1.124455e+003  5.054957e+003 -2.480126e+001
      vertex  1.215296e+003  4.693889e+003 -2.319814e+001
      vertex  1.139724e+003  4.693889e+003 -2.699057e+001
    endloop
  endfacet
  facet normal  5.094936e-002  8.209820e-003 -9.986675e-001
    outer loop
      vertex  1.124455e+003  5.054957e+003 -2.480126e+001
      vertex  1.139724e+003  4.693889e+003 -2.699057e+001
      vertex  1.076266e+003  5.054957e+003 -2.725974e+001
    endloop
  endfacet
  facet normal  4.970940e-002  7.991849e-003 -9.987317e-001
    outer loop
      vertex  1.076266e+003  5.054957e+003 -2.725974e+001
      vertex  1.139724e+003  4.693889e+003 -2.699057e+001
      vertex  1.089341e+003  4.693889e+003 -2.949823e+001
    endloop
  endfacet
  facet normal  4.835129e-002  7.943086e-003 -9.987988e-001
    outer loop
      vertex  1.076266e+003  5.054957e+003 -2.725974e+001
      vertex  1.089341e+003  4.693889e+003 -2.949823e+001
      vertex  1.028084e+003  5.054957e+003 -2.959222e+001
    endloop
  endfacet
  facet normal  4.711102e-002  7.732651e-003 -9.988598e-001
    outer loop
      vertex  1.028084e+003  5.054957e+003 -2.959222e+001
      vertex  1.089341e+003  4.693889e+003 -2.949823e+001
      vertex  1.038966e+003  4.693889e+003 -3.187417e+001
    endloop
  endfacet
  facet normal  4.614823e-002  7.703920e-003 -9.989049e-001
    outer loop
      vertex  1.028084e+003  5.054957e+003 -2.959222e+001
      vertex  1.038966e+003  4.693889e+003 -3.187417e+001
      vertex  9.798953e+002  5.054957e+003 -3.181846e+001
    endloop
  endfacet
  facet normal  4.490774e-002  7.500988e-003 -9.989630e-001
    outer loop
      vertex  9.798953e+002  5.054957e+003 -3.181846e+001
      vertex  1.038966e+003  4.693889e+003 -3.187417e+001
      vertex  9.885842e+002  4.693889e+003 -3.413904e+001
    endloop
  endfacet
  facet normal  4.547781e-002  7.514540e-003 -9.989371e-001
    outer loop
      vertex  9.798953e+002  5.054957e+003 -3.181846e+001
      vertex  9.885842e+002  4.693889e+003 -3.413904e+001
      vertex  9.317110e+002  5.054957e+003 -3.401211e+001
    endloop
  endfacet
  facet normal  4.423749e-002  7.319193e-003 -9.989942e-001
    outer loop
      vertex  9.317110e+002  5.054957e+003 -3.401211e+001
      vertex  9.885842e+002  4.693889e+003 -3.413904e+001
      vertex  9.382070e+002  4.693889e+003 -3.636985e+001
    endloop
  endfacet
  facet normal  4.504213e-002  7.333433e-003 -9.989582e-001
    outer loop
      vertex  9.317110e+002  5.054957e+003 -3.401211e+001
      vertex  9.382070e+002  4.693889e+003 -3.636985e+001
      vertex  8.835278e+002  5.054957e+003 -3.618465e+001
    endloop
  endfacet
  facet normal  4.380163e-002  7.145604e-003 -9.990147e-001
    outer loop
      vertex  8.835278e+002  5.054957e+003 -3.618465e+001
      vertex  9.382070e+002  4.693889e+003 -3.636985e+001
      vertex  8.878309e+002  4.693889e+003 -3.857858e+001
    endloop
  endfacet
  facet normal  4.375952e-002  7.145115e-003 -9.990166e-001
    outer loop
      vertex  8.835278e+002  5.054957e+003 -3.618465e+001
      vertex  8.878309e+002  4.693889e+003 -3.857858e+001
      vertex  8.514125e+002  5.054957e+003 -3.759138e+001
    endloop
  endfacet
  facet normal  4.251898e-002  7.020139e-003 -9.990709e-001
    outer loop
      vertex  8.514125e+002  5.054957e+003 -3.759138e+001
      vertex  8.878309e+002  4.693889e+003 -3.857858e+001
      vertex  8.542542e+002  4.693889e+003 -4.000755e+001
    endloop
  endfacet
  facet normal  4.229934e-002  7.018473e-003 -9.990804e-001
    outer loop
      vertex  8.514125e+002  5.054957e+003 -3.759138e+001
      vertex  8.542542e+002  4.693889e+003 -4.000755e+001
      vertex  8.353536e+002  5.054957e+003 -3.827129e+001
    endloop
  endfacet
  facet normal  4.105877e-002  6.953784e-003 -9.991325e-001
    outer loop
      vertex  8.353536e+002  5.054957e+003 -3.827129e+001
      vertex  8.542542e+002  4.693889e+003 -4.000755e+001
      vertex  8.374644e+002  4.693889e+003 -4.069752e+001
    endloop
  endfacet
  facet normal  4.058068e-002  6.951121e-003 -9.991521e-001
    outer loop
      vertex  8.353536e+002  5.054957e+003 -3.827129e+001
      vertex  8.374644e+002  4.693889e+003 -4.069752e+001
      vertex  8.112622e+002  5.054957e+003 -3.924976e+001
    endloop
  endfacet
  facet normal  3.933987e-002  6.861279e-003 -9.992024e-001
    outer loop
      vertex  8.112622e+002  5.054957e+003 -3.924976e+001
      vertex  8.374644e+002  4.693889e+003 -4.069752e+001
      vertex  8.122768e+002  4.693889e+003 -4.168919e+001
    endloop
  endfacet
  facet normal  3.798705e-002  6.857831e-003 -9.992547e-001
    outer loop
      vertex  8.112622e+002  5.054957e+003 -3.924976e+001
      vertex  8.122768e+002  4.693889e+003 -4.168919e+001
      vertex  7.871667e+002  5.054957e+003 -4.016576e+001
    endloop
  endfacet
  facet normal  3.674621e-002  6.771735e-003 -9.993017e-001
    outer loop
      vertex  7.871667e+002  5.054957e+003 -4.016576e+001
      vertex  8.122768e+002  4.693889e+003 -4.168919e+001
      vertex  7.870849e+002  4.693889e+003 -4.261554e+001
    endloop
  endfacet
  facet normal  3.485471e-002  6.772624e-003 -9.993695e-001
    outer loop
      vertex  7.871667e+002  5.054957e+003 -4.016576e+001
      vertex  7.870849e+002  4.693889e+003 -4.261554e+001
      vertex  7.630823e+002  5.054957e+003 -4.100575e+001
    endloop
  endfacet
  facet normal  3.361380e-002  6.690325e-003 -9.994125e-001
    outer loop
      vertex  7.630823e+002  5.054957e+003 -4.100575e+001
      vertex  7.870849e+002  4.693889e+003 -4.261554e+001
      vertex  7.619048e+002  4.693889e+003 -4.346244e+001
    endloop
  endfacet
  facet normal  3.129999e-002  6.698381e-003 -9.994875e-001
    outer loop
      vertex  7.630823e+002  5.054957e+003 -4.100575e+001
      vertex  7.619048e+002  4.693889e+003 -4.346244e+001
      vertex  7.389958e+002  5.054957e+003 -4.176004e+001
    endloop
  endfacet
  facet normal  3.005880e-002  6.619813e-003 -9.995263e-001
    outer loop
      vertex  7.389958e+002  5.054957e+003 -4.176004e+001
      vertex  7.619048e+002  4.693889e+003 -4.346244e+001
      vertex  7.367226e+002  4.693889e+003 -4.421974e+001
    endloop
  endfacet
  facet normal  2.748714e-002  6.636506e-003 -9.996001e-001
    outer loop
      vertex  7.389958e+002  5.054957e+003 -4.176004e+001
      vertex  7.367226e+002  4.693889e+003 -4.421974e+001
      vertex  7.149096e+002  5.054957e+003 -4.242237e+001
    endloop
  endfacet
  facet normal  2.624591e-002  6.561690e-003 -9.996340e-001
    outer loop
      vertex  7.149096e+002  5.054957e+003 -4.242237e+001
      vertex  7.367226e+002  4.693889e+003 -4.421974e+001
      vertex  7.115407e+002  4.693889e+003 -4.488091e+001
    endloop
  endfacet
  facet normal  2.362991e-002  6.586541e-003 -9.996992e-001
    outer loop
      vertex  7.149096e+002  5.054957e+003 -4.242237e+001
      vertex  7.115407e+002  4.693889e+003 -4.488091e+001
      vertex  6.908248e+002  5.054957e+003 -4.299166e+001
    endloop
  endfacet
  facet normal  2.238861e-002  6.515474e-003 -9.997281e-001
    outer loop
      vertex  6.908248e+002  5.054957e+003 -4.299166e+001
      vertex  7.115407e+002  4.693889e+003 -4.488091e+001
      vertex  6.863605e+002  4.693889e+003 -4.544481e+001
    endloop
  endfacet
  facet normal  1.998831e-002  6.545496e-003 -9.997788e-001
    outer loop
      vertex  6.908248e+002  5.054957e+003 -4.299166e+001
      vertex  6.863605e+002  4.693889e+003 -4.544481e+001
      vertex  6.667533e+002  5.054957e+003 -4.347292e+001
    endloop
  endfacet
  facet normal  1.874663e-002  6.478203e-003 -9.998033e-001
    outer loop
      vertex  6.667533e+002  5.054957e+003 -4.347292e+001
      vertex  6.863605e+002  4.693889e+003 -4.544481e+001
      vertex  6.611943e+002  4.693889e+003 -4.591668e+001
    endloop
  endfacet
  facet normal  1.676724e-002  6.508914e-003 -9.998383e-001
    outer loop
      vertex  6.667533e+002  5.054957e+003 -4.347292e+001
      vertex  6.611943e+002  4.693889e+003 -4.591668e+001
      vertex  6.426781e+002  5.054957e+003 -4.387666e+001
    endloop
  endfacet
  facet normal  1.552577e-002  6.445365e-003 -9.998587e-001
    outer loop
      vertex  6.426781e+002  5.054957e+003 -4.387666e+001
      vertex  6.611943e+002  4.693889e+003 -4.591668e+001
      vertex  6.360243e+002  4.693889e+003 -4.630752e+001
    endloop
  endfacet
  facet normal  1.386261e-002  6.476176e-003 -9.998829e-001
    outer loop
      vertex  6.426781e+002  5.054957e+003 -4.387666e+001
      vertex  6.360243e+002  4.693889e+003 -4.630752e+001
      vertex  6.185953e+002  5.054957e+003 -4.421054e+001
    endloop
  endfacet
  facet normal  1.262106e-002  6.416345e-003 -9.998998e-001
    outer loop
      vertex  6.185953e+002  5.054957e+003 -4.421054e+001
      vertex  6.360243e+002  4.693889e+003 -4.630752e+001
      vertex  6.108465e+002  4.693889e+003 -4.662532e+001
    endloop
  endfacet
  facet normal  1.076124e-002  6.456402e-003 -9.999212e-001
    outer loop
      vertex  6.185953e+002  5.054957e+003 -4.421054e+001
      vertex  6.108465e+002  4.693889e+003 -4.662532e+001
      vertex  5.945054e+002  5.054957e+003 -4.446980e+001
    endloop
  endfacet
  facet normal  9.519440e-003  6.400278e-003 -9.999342e-001
    outer loop
      vertex  5.945054e+002  5.054957e+003 -4.446980e+001
      vertex  6.108465e+002  4.693889e+003 -4.662532e+001
      vertex  5.856613e+002  4.693889e+003 -4.686509e+001
    endloop
  endfacet
  facet normal  6.544629e-003  6.473300e-003 -9.999576e-001
    outer loop
      vertex  5.945054e+002  5.054957e+003 -4.446980e+001
      vertex  5.856613e+002  4.693889e+003 -4.686509e+001
      vertex  5.704238e+002  5.054957e+003 -4.462741e+001
    endloop
  endfacet
  facet normal  5.302849e-003  6.420942e-003 -9.999653e-001
    outer loop
      vertex  5.704238e+002  5.054957e+003 -4.462741e+001
      vertex  5.856613e+002  4.693889e+003 -4.686509e+001
      vertex  5.604850e+002  4.693889e+003 -4.699860e+001
    endloop
  endfacet
  facet normal  2.084425e-003  6.509608e-003 -9.999766e-001
    outer loop
      vertex  5.704238e+002  5.054957e+003 -4.462741e+001
      vertex  5.604850e+002  4.693889e+003 -4.699860e+001
      vertex  5.583875e+002  5.054957e+003 -4.465250e+001
    endloop
  endfacet
  facet normal  8.427494e-004  6.502407e-003 -9.999785e-001
    outer loop
      vertex  5.583875e+002  5.054957e+003 -4.465250e+001
      vertex  5.604850e+002  4.693889e+003 -4.699860e+001
      vertex  5.479016e+002  4.693889e+003 -4.700920e+001
    endloop
  endfacet
  facet normal -1.765229e-003  6.578133e-003 -9.999767e-001
    outer loop
      vertex  5.583875e+002  5.054957e+003 -4.465250e+001
      vertex  5.479016e+002  4.693889e+003 -4.700920e+001
      vertex  5.463552e+002  5.054957e+003 -4.463126e+001
    endloop
  endfacet
  facet normal -3.006697e-003  6.572798e-003 -9.999738e-001
    outer loop
      vertex  5.463552e+002  5.054957e+003 -4.463126e+001
      vertex  5.479016e+002  4.693889e+003 -4.700920e+001
      vertex  5.353224e+002  4.693889e+003 -4.697138e+001
    endloop
  endfacet
  facet normal -6.292488e-003  6.673095e-003 -9.999580e-001
    outer loop
      vertex  5.463552e+002  5.054957e+003 -4.463126e+001
      vertex  5.353224e+002  4.693889e+003 -4.697138e+001
      vertex  5.343275e+002  5.054957e+003 -4.455558e+001
    endloop
  endfacet
  facet normal -7.534191e-003  6.669616e-003 -9.999493e-001
    outer loop
      vertex  5.343275e+002  5.054957e+003 -4.455558e+001
      vertex  5.353224e+002  4.693889e+003 -4.697138e+001
      vertex  5.227482e+002  4.693889e+003 -4.687664e+001
    endloop
  endfacet
  facet normal -1.146159e-002  6.795321e-003 -9.999112e-001
    outer loop
      vertex  5.343275e+002  5.054957e+003 -4.455558e+001
      vertex  5.227482e+002  4.693889e+003 -4.687664e+001
      vertex  5.222980e+002  5.054957e+003 -4.441769e+001
    endloop
  endfacet
  facet normal -1.270328e-002  6.793671e-003 -9.998962e-001
    outer loop
      vertex  5.222980e+002  5.054957e+003 -4.441769e+001
      vertex  5.227482e+002  4.693889e+003 -4.687664e+001
      vertex  5.101720e+002  4.693889e+003 -4.671687e+001
    endloop
  endfacet
  facet normal -1.723040e-002  6.945270e-003 -9.998274e-001
    outer loop
      vertex  5.222980e+002  5.054957e+003 -4.441769e+001
      vertex  5.101720e+002  4.693889e+003 -4.671687e+001
      vertex  5.102625e+002  5.054957e+003 -4.421027e+001
    endloop
  endfacet
  facet normal -1.847190e-002  6.945427e-003 -9.998053e-001
    outer loop
      vertex  5.102625e+002  5.054957e+003 -4.421027e+001
      vertex  5.101720e+002  4.693889e+003 -4.671687e+001
      vertex  4.975898e+002  4.693889e+003 -4.648440e+001
    endloop
  endfacet
  facet normal -2.357174e-002  7.123737e-003 -9.996968e-001
    outer loop
      vertex  5.102625e+002  5.054957e+003 -4.421027e+001
      vertex  4.975898e+002  4.693889e+003 -4.648440e+001
      vertex  4.982195e+002  5.054957e+003 -4.392632e+001
    endloop
  endfacet
  facet normal -2.481320e-002  7.125689e-003 -9.996667e-001
    outer loop
      vertex  4.982195e+002  5.054957e+003 -4.392632e+001
      vertex  4.975898e+002  4.693889e+003 -4.648440e+001
      vertex  4.849998e+002  4.693889e+003 -4.617190e+001
    endloop
  endfacet
  facet normal -3.048536e-002  7.332377e-003 -9.995083e-001
    outer loop
      vertex  4.982195e+002  5.054957e+003 -4.392632e+001
      vertex  4.849998e+002  4.693889e+003 -4.617190e+001
      vertex  4.861695e+002  5.054957e+003 -4.355878e+001
    endloop
  endfacet
  facet normal -3.172646e-002  7.336118e-003 -9.994697e-001
    outer loop
      vertex  4.861695e+002  5.054957e+003 -4.355878e+001
      vertex  4.849998e+002  4.693889e+003 -4.617190e+001
      vertex  4.724026e+002  4.693889e+003 -4.577202e+001
    endloop
  endfacet
  facet normal -3.802238e-002  7.574813e-003 -9.992481e-001
    outer loop
      vertex  4.861695e+002  5.054957e+003 -4.355878e+001
      vertex  4.724026e+002  4.693889e+003 -4.577202e+001
      vertex  4.741269e+002  5.054957e+003 -4.310055e+001
    endloop
  endfacet
  facet normal -3.926327e-002  7.580385e-003 -9.992002e-001
    outer loop
      vertex  4.741269e+002  5.054957e+003 -4.310055e+001
      vertex  4.724026e+002  4.693889e+003 -4.577202e+001
      vertex  4.598132e+002  4.693889e+003 -4.527733e+001
    endloop
  endfacet
  facet normal -4.633802e-002  7.859004e-003 -9.988949e-001
    outer loop
      vertex  4.741269e+002  5.054957e+003 -4.310055e+001
      vertex  4.598132e+002  4.693889e+003 -4.527733e+001
      vertex  4.621038e+002  5.054957e+003 -4.254281e+001
    endloop
  endfacet
  facet normal -4.757834e-002  7.866431e-003 -9.988365e-001
    outer loop
      vertex  4.621038e+002  5.054957e+003 -4.254281e+001
      vertex  4.598132e+002  4.693889e+003 -4.527733e+001
      vertex  4.472444e+002  4.693889e+003 -4.467863e+001
    endloop
  endfacet
  facet normal -5.568993e-002  8.197758e-003 -9.984145e-001
    outer loop
      vertex  4.621038e+002  5.054957e+003 -4.254281e+001
      vertex  4.472444e+002  4.693889e+003 -4.467863e+001
      vertex  4.501063e+002  5.054957e+003 -4.187361e+001
    endloop
  endfacet
  facet normal -5.692957e-002  8.207040e-003 -9.983444e-001
    outer loop
      vertex  4.501063e+002  5.054957e+003 -4.187361e+001
      vertex  4.472444e+002  4.693889e+003 -4.467863e+001
      vertex  4.347025e+002  4.693889e+003 -4.396344e+001
    endloop
  endfacet
  facet normal -6.642091e-002  8.608543e-003 -9.977545e-001
    outer loop
      vertex  4.501063e+002  5.054957e+003 -4.187361e+001
      vertex  4.347025e+002  4.693889e+003 -4.396344e+001
      vertex  4.381024e+002  5.054957e+003 -4.107450e+001
    endloop
  endfacet
  facet normal -6.766006e-002  8.619546e-003 -9.976712e-001
    outer loop
      vertex  4.381024e+002  5.054957e+003 -4.107450e+001
      vertex  4.347025e+002  4.693889e+003 -4.396344e+001
      vertex  4.221540e+002  4.693889e+003 -4.311243e+001
    endloop
  endfacet
  facet normal -7.878693e-002  9.106385e-003 -9.968499e-001
    outer loop
      vertex  4.381024e+002  5.054957e+003 -4.107450e+001
      vertex  4.221540e+002  4.693889e+003 -4.311243e+001
      vertex  4.260970e+002  5.054957e+003 -4.012564e+001
    endloop
  endfacet
  facet normal -7.672705e-002  9.085221e-003 -9.970108e-001
    outer loop
      vertex  4.260970e+002  5.054957e+003 -4.012564e+001
      vertex  4.221540e+002  4.693889e+003 -4.311243e+001
      vertex  4.158808e+002  4.693889e+003 -4.262966e+001
    endloop
  endfacet
  facet normal -8.331738e-002  9.268008e-003 -9.964800e-001
    outer loop
      vertex  4.260970e+002  5.054957e+003 -4.012564e+001
      vertex  4.158808e+002  4.693889e+003 -4.262966e+001
      vertex  4.096041e+002  4.693889e+003 -4.210485e+001
    endloop
  endfacet
  facet normal -9.653003e-002  9.856171e-003 -9.952813e-001
    outer loop
      vertex  4.199591e+002  5.054957e+003 -3.957647e+001
      vertex  4.012262e+002  4.693889e+003 -4.133524e+001
      vertex  4.138147e+002  5.054957e+003 -3.898054e+001
    endloop
  endfacet
  facet normal -1.012560e-001  1.001787e-002 -9.948100e-001
    outer loop
      vertex  4.138147e+002  5.054957e+003 -3.898054e+001
      vertex  4.012262e+002  4.693889e+003 -4.133524e+001
      vertex  3.928374e+002  4.693889e+003 -4.048139e+001
    endloop
  endfacet
  facet normal -1.040206e-001  1.017729e-002 -9.945230e-001
    outer loop
      vertex  4.138147e+002  5.054957e+003 -3.898054e+001
      vertex  3.928374e+002  4.693889e+003 -4.048139e+001
      vertex  4.079217e+002  5.054957e+003 -3.836418e+001
    endloop
  endfacet
  facet normal -1.114828e-001  1.048428e-002 -9.937110e-001
    outer loop
      vertex  4.079217e+002  5.054957e+003 -3.836418e+001
      vertex  3.928374e+002  4.693889e+003 -4.048139e+001
      vertex  4.020283e+002  5.054957e+003 -3.770300e+001
    endloop
  endfacet
  facet normal -1.113619e-001  1.048131e-002 -9.937247e-001
    outer loop
      vertex  4.020283e+002  5.054957e+003 -3.770300e+001
      vertex  3.928374e+002  4.693889e+003 -4.048139e+001
      vertex  3.844446e+002  4.693889e+003 -3.954086e+001
    endloop
  endfacet
  facet normal -1.190899e-001  1.085307e-002 -9.928241e-001
    outer loop
      vertex  4.020283e+002  5.054957e+003 -3.770300e+001
      vertex  3.844446e+002  4.693889e+003 -3.954086e+001
      vertex  3.959882e+002  5.054957e+003 -3.697849e+001
    endloop
  endfacet
  facet normal -1.203226e-001  1.089142e-002 -9.926751e-001
    outer loop
      vertex  3.959882e+002  5.054957e+003 -3.697849e+001
      vertex  3.844446e+002  4.693889e+003 -3.954086e+001
      vertex  3.781310e+002  4.693889e+003 -3.877557e+001
    endloop
  endfacet
  facet normal -1.269010e-001  1.121267e-002 -9.918520e-001
    outer loop
      vertex  3.959882e+002  5.054957e+003 -3.697849e+001
      vertex  3.781310e+002  4.693889e+003 -3.877557e+001
      vertex  3.899658e+002  5.054957e+003 -3.620797e+001
    endloop
  endfacet
  facet normal -1.281322e-001  1.125190e-002 -9.916933e-001
    outer loop
      vertex  3.899658e+002  5.054957e+003 -3.620797e+001
      vertex  3.781310e+002  4.693889e+003 -3.877557e+001
      vertex  3.718358e+002  4.693889e+003 -3.796221e+001
    endloop
  endfacet
  facet normal -1.353752e-001  1.161088e-002 -9.907264e-001
    outer loop
      vertex  3.899658e+002  5.054957e+003 -3.620797e+001
      vertex  3.718358e+002  4.693889e+003 -3.796221e+001
      vertex  3.839710e+002  5.054957e+003 -3.538882e+001
    endloop
  endfacet
  facet normal -1.366055e-001  1.165103e-002 -9.905570e-001
    outer loop
      vertex  3.839710e+002  5.054957e+003 -3.538882e+001
      vertex  3.718358e+002  4.693889e+003 -3.796221e+001
      vertex  3.655696e+002  4.693889e+003 -3.709805e+001
    endloop
  endfacet
  facet normal -1.456864e-001  1.210767e-002 -9.892568e-001
    outer loop
      vertex  3.839710e+002  5.054957e+003 -3.538882e+001
      vertex  3.655696e+002  4.693889e+003 -3.709805e+001
      vertex  3.780077e+002  5.054957e+003 -3.451062e+001
    endloop
  endfacet
  facet normal -1.469140e-001  1.214865e-002 -9.890746e-001
    outer loop
      vertex  3.780077e+002  5.054957e+003 -3.451062e+001
      vertex  3.655696e+002  4.693889e+003 -3.709805e+001
      vertex  3.593364e+002  4.693889e+003 -3.617219e+001
    endloop
  endfacet
  facet normal -1.596392e-001  1.279757e-002 -9.870926e-001
    outer loop
      vertex  3.780077e+002  5.054957e+003 -3.451062e+001
      vertex  3.593364e+002  4.693889e+003 -3.617219e+001
      vertex  3.720141e+002  5.054957e+003 -3.354128e+001
    endloop
  endfacet
  facet normal -1.608655e-001  1.283917e-002 -9.868928e-001
    outer loop
      vertex  3.720141e+002  5.054957e+003 -3.354128e+001
      vertex  3.593364e+002  4.693889e+003 -3.617219e+001
      vertex  3.530716e+002  4.693889e+003 -3.515101e+001
    endloop
  endfacet
  facet normal -1.788974e-001  1.377124e-002 -9.837714e-001
    outer loop
      vertex  3.720141e+002  5.054957e+003 -3.354128e+001
      vertex  3.530716e+002  4.693889e+003 -3.515101e+001
      vertex  3.660272e+002  5.054957e+003 -3.245258e+001
    endloop
  endfacet
  facet normal -1.801183e-001  1.381338e-002 -9.835480e-001
    outer loop
      vertex  3.660272e+002  5.054957e+003 -3.245258e+001
      vertex  3.530716e+002  4.693889e+003 -3.515101e+001
      vertex  3.468141e+002  4.693889e+003 -3.400506e+001
    endloop
  endfacet
  facet normal -1.966957e-001  1.468176e-002 -9.803547e-001
    outer loop
      vertex  3.660272e+002  5.054957e+003 -3.245258e+001
      vertex  3.468141e+002  4.693889e+003 -3.400506e+001
      vertex  3.630300e+002  5.054957e+003 -3.185123e+001
    endloop
  endfacet
  facet normal -1.979139e-001  1.473501e-002 -9.801087e-001
    outer loop
      vertex  3.630300e+002  5.054957e+003 -3.185123e+001
      vertex  3.468141e+002  4.693889e+003 -3.400506e+001
      vertex  3.436814e+002  4.693889e+003 -3.337248e+001
    endloop
  endfacet
  facet normal -2.099901e-001  1.537149e-002 -9.775826e-001
    outer loop
      vertex  3.630300e+002  5.054957e+003 -3.185123e+001
      vertex  3.436814e+002  4.693889e+003 -3.337248e+001
      vertex  3.600282e+002  5.054957e+003 -3.120642e+001
    endloop
  endfacet
  facet normal -2.112012e-001  1.542475e-002 -9.773209e-001
    outer loop
      vertex  3.600282e+002  5.054957e+003 -3.120642e+001
      vertex  3.436814e+002  4.693889e+003 -3.337248e+001
      vertex  3.405439e+002  4.693889e+003 -3.269447e+001
    endloop
  endfacet
  facet normal -2.239228e-001  1.609951e-002 -9.744739e-001
    outer loop
      vertex  3.600282e+002  5.054957e+003 -3.120642e+001
      vertex  3.405439e+002  4.693889e+003 -3.269447e+001
      vertex  3.570218e+002  5.054957e+003 -3.051558e+001
    endloop
  endfacet
  facet normal -2.251320e-001  1.615301e-002 -9.741943e-001
    outer loop
      vertex  3.570218e+002  5.054957e+003 -3.051558e+001
      vertex  3.405439e+002  4.693889e+003 -3.269447e+001
      vertex  3.374018e+002  4.693889e+003 -3.196833e+001
    endloop
  endfacet
  facet normal -2.380637e-001  1.684326e-002 -9.711035e-001
    outer loop
      vertex  3.570218e+002  5.054957e+003 -3.051558e+001
      vertex  3.374018e+002  4.693889e+003 -3.196833e+001
      vertex  3.540128e+002  5.054957e+003 -2.977794e+001
    endloop
  endfacet
  facet normal -2.392721e-001  1.689705e-002 -9.708055e-001
    outer loop
      vertex  3.540128e+002  5.054957e+003 -2.977794e+001
      vertex  3.374018e+002  4.693889e+003 -3.196833e+001
      vertex  3.342570e+002  4.693889e+003 -3.119325e+001
    endloop
  endfacet
  facet normal -2.519224e-001  1.757659e-002 -9.675879e-001
    outer loop
      vertex  3.540128e+002  5.054957e+003 -2.977794e+001
      vertex  3.342570e+002  4.693889e+003 -3.119325e+001
      vertex  3.510118e+002  5.054957e+003 -2.899661e+001
    endloop
  endfacet
  facet normal -2.532781e-001  1.763734e-002 -9.672327e-001
    outer loop
      vertex  3.510118e+002  5.054957e+003 -2.899661e+001
      vertex  3.342570e+002  4.693889e+003 -3.119325e+001
      vertex  3.310479e+002  4.693889e+003 -3.035291e+001
    endloop
  endfacet
  facet normal -2.650844e-001  1.827818e-002 -9.640519e-001
    outer loop
      vertex  3.510118e+002  5.054957e+003 -2.899661e+001
      vertex  3.310479e+002  4.693889e+003 -3.035291e+001
      vertex  3.480196e+002  5.054957e+003 -2.817384e+001
    endloop
  endfacet
  facet normal -2.667228e-001  1.835245e-002 -9.635985e-001
    outer loop
      vertex  3.480196e+002  5.054957e+003 -2.817384e+001
      vertex  3.310479e+002  4.693889e+003 -3.035291e+001
      vertex  3.278486e+002  4.693889e+003 -2.946735e+001
    endloop
  endfacet
  facet normal -2.778313e-001  1.896172e-002 -9.604427e-001
    outer loop
      vertex  3.480196e+002  5.054957e+003 -2.817384e+001
      vertex  3.278486e+002  4.693889e+003 -2.946735e+001
      vertex  3.448758e+002  5.054957e+003 -2.726442e+001
    endloop
  endfacet
  facet normal -2.794459e-001  1.903499e-002 -9.599727e-001
    outer loop
      vertex  3.448758e+002  5.054957e+003 -2.726442e+001
      vertex  3.278486e+002  4.693889e+003 -2.946735e+001
      vertex  3.246361e+002  4.693889e+003 -2.853221e+001
    endloop
  endfacet
  facet normal -2.904832e-001  1.964213e-002 -9.566784e-001
    outer loop
      vertex  3.448758e+002  5.054957e+003 -2.726442e+001
      vertex  3.246361e+002  4.693889e+003 -2.853221e+001
      vertex  3.417619e+002  5.054957e+003 -2.631893e+001
    endloop
  endfacet
  facet normal -2.918108e-001  1.970261e-002 -9.562731e-001
    outer loop
      vertex  3.417619e+002  5.054957e+003 -2.631893e+001
      vertex  3.246361e+002  4.693889e+003 -2.853221e+001
      vertex  3.214539e+002  4.693889e+003 -2.756112e+001
    endloop
  endfacet
  facet normal -3.035239e-001  2.034879e-002 -9.526064e-001
    outer loop
      vertex  3.417619e+002  5.054957e+003 -2.631893e+001
      vertex  3.214539e+002  4.693889e+003 -2.756112e+001
      vertex  3.386876e+002  5.054957e+003 -2.533937e+001
    endloop
  endfacet
  facet normal -3.045532e-001  2.039589e-002 -9.522769e-001
    outer loop
      vertex  3.386876e+002  5.054957e+003 -2.533937e+001
      vertex  3.214539e+002  4.693889e+003 -2.756112e+001
      vertex  3.183112e+002  4.693889e+003 -2.655603e+001
    endloop
  endfacet
  facet normal -3.182521e-001  2.115379e-002 -9.477701e-001
    outer loop
      vertex  3.386876e+002  5.054957e+003 -2.533937e+001
      vertex  3.183112e+002  4.693889e+003 -2.655603e+001
      vertex  3.356599e+002  5.054957e+003 -2.432269e+001
    endloop
  endfacet
  facet normal -3.188954e-001  2.118336e-002 -9.475531e-001
    outer loop
      vertex  3.356599e+002  5.054957e+003 -2.432269e+001
      vertex  3.183112e+002  4.693889e+003 -2.655603e+001
      vertex  3.152151e+002  4.693889e+003 -2.551405e+001
    endloop
  endfacet
  facet normal -3.358059e-001  2.212147e-002 -9.416714e-001
    outer loop
      vertex  3.356599e+002  5.054957e+003 -2.432269e+001
      vertex  3.152151e+002  4.693889e+003 -2.551405e+001
      vertex  3.328410e+002  5.054957e+003 -2.331747e+001
    endloop
  endfacet
  facet normal -3.363139e-001  2.214517e-002 -9.414895e-001
    outer loop
      vertex  3.328410e+002  5.054957e+003 -2.331747e+001
      vertex  3.152151e+002  4.693889e+003 -2.551405e+001
      vertex  3.121993e+002  4.693889e+003 -2.443677e+001
    endloop
  endfacet
  facet normal -3.577168e-001  2.334409e-002 -9.335383e-001
    outer loop
      vertex  3.328410e+002  5.054957e+003 -2.331747e+001
      vertex  3.121993e+002  4.693889e+003 -2.443677e+001
      vertex  3.300643e+002  5.054957e+003 -2.225348e+001
    endloop
  endfacet
  facet normal -3.586012e-001  2.338579e-002 -9.331979e-001
    outer loop
      vertex  3.300643e+002  5.054957e+003 -2.225348e+001
      vertex  3.121993e+002  4.693889e+003 -2.443677e+001
      vertex  3.092299e+002  4.693889e+003 -2.329571e+001
    endloop
  endfacet
  facet normal -3.878061e-001  2.503693e-002 -9.214009e-001
    outer loop
      vertex  3.300643e+002  5.054957e+003 -2.225348e+001
      vertex  3.092299e+002  4.693889e+003 -2.329571e+001
      vertex  3.270468e+002  5.054957e+003 -2.098344e+001
    endloop
  endfacet
  facet normal -3.889465e-001  2.509011e-002 -9.209186e-001
    outer loop
      vertex  3.270468e+002  5.054957e+003 -2.098344e+001
      vertex  3.092299e+002  4.693889e+003 -2.329571e+001
      vertex  3.060768e+002  4.693889e+003 -2.196402e+001
    endloop
  endfacet
  facet normal -4.168883e-001  2.667936e-002 -9.085661e-001
    outer loop
      vertex  3.270468e+002  5.054957e+003 -2.098344e+001
      vertex  3.060768e+002  4.693889e+003 -2.196402e+001
      vertex  3.255484e+002  5.054957e+003 -2.029592e+001
    endloop
  endfacet
  facet normal -4.180255e-001  2.673827e-002 -9.080417e-001
    outer loop
      vertex  3.255484e+002  5.054957e+003 -2.029592e+001
      vertex  3.060768e+002  4.693889e+003 -2.196402e+001
      vertex  3.045112e+002  4.693889e+003 -2.124330e+001
    endloop
  endfacet
  facet normal -4.393776e-001  2.795562e-002 -8.978674e-001
    outer loop
      vertex  3.255484e+002  5.054957e+003 -2.029592e+001
      vertex  3.045112e+002  4.693889e+003 -2.124330e+001
      vertex  3.240545e+002  5.054957e+003 -1.956487e+001
    endloop
  endfacet
  facet normal -4.404831e-001  2.801293e-002 -8.973238e-001
    outer loop
      vertex  3.240545e+002  5.054957e+003 -1.956487e+001
      vertex  3.045112e+002  4.693889e+003 -2.124330e+001
      vertex  3.029503e+002  4.693889e+003 -2.047709e+001
    endloop
  endfacet
  facet normal -4.683503e-001  2.960568e-002 -8.830467e-001
    outer loop
      vertex  3.240545e+002  5.054957e+003 -1.956487e+001
      vertex  3.029503e+002  4.693889e+003 -2.047709e+001
      vertex  3.220682e+002  5.054957e+003 -1.851136e+001
    endloop
  endfacet
  facet normal -4.694487e-001  2.966065e-002 -8.824614e-001
    outer loop
      vertex  3.220682e+002  5.054957e+003 -1.851136e+001
      vertex  3.029503e+002  4.693889e+003 -2.047709e+001
      vertex  3.008751e+002  4.693889e+003 -1.937312e+001
    endloop
  endfacet
  facet normal -5.044792e-001  3.166995e-002 -8.628429e-001
    outer loop
      vertex  3.220682e+002  5.054957e+003 -1.851136e+001
      vertex  3.008751e+002  4.693889e+003 -1.937312e+001
      vertex  3.200905e+002  5.054957e+003 -1.735504e+001
    endloop
  endfacet
  facet normal -5.055509e-001  3.172347e-002 -8.622134e-001
    outer loop
      vertex  3.200905e+002  5.054957e+003 -1.735504e+001
      vertex  3.008751e+002  4.693889e+003 -1.937312e+001
      vertex  2.988090e+002  4.693889e+003 -1.816168e+001
    endloop
  endfacet
  facet normal -5.435604e-001  3.391119e-002 -8.386849e-001
    outer loop
      vertex  3.200905e+002  5.054957e+003 -1.735504e+001
      vertex  2.988090e+002  4.693889e+003 -1.816168e+001
      vertex  3.181302e+002  5.054957e+003 -1.608455e+001
    endloop
  endfacet
  facet normal -5.445980e-001  3.396283e-002 -8.380092e-001
    outer loop
      vertex  3.181302e+002  5.054957e+003 -1.608455e+001
      vertex  2.988090e+002  4.693889e+003 -1.816168e+001
      vertex  2.967613e+002  4.693889e+003 -1.683090e+001
    endloop
  endfacet
  facet normal -5.880399e-001  3.647181e-002 -8.080092e-001
    outer loop
      vertex  3.181302e+002  5.054957e+003 -1.608455e+001
      vertex  2.967613e+002  4.693889e+003 -1.683090e+001
      vertex  3.159914e+002  5.054957e+003 -1.452804e+001
    endloop
  endfacet
  facet normal -5.775636e-001  3.596197e-002 -8.155532e-001
    outer loop
      vertex  3.159914e+002  5.054957e+003 -1.452804e+001
      vertex  2.967613e+002  4.693889e+003 -1.683090e+001
      vertex  2.955649e+002  4.693889e+003 -1.598364e+001
    endloop
  endfacet
  facet normal -6.034488e-001  3.734966e-002 -7.965265e-001
    outer loop
      vertex  3.159914e+002  5.054957e+003 -1.452804e+001
      vertex  2.955649e+002  4.693889e+003 -1.598364e+001
      vertex  2.943868e+002  4.693889e+003 -1.509111e+001
    endloop
  endfacet
  facet normal -6.253853e-001  3.863546e-002 -7.793590e-001
    outer loop
      vertex  3.159914e+002  5.054957e+003 -1.452804e+001
      vertex  2.943868e+002  4.693889e+003 -1.509111e+001
      vertex  3.149499e+002  5.054957e+003 -1.369232e+001
    endloop
  endfacet
  facet normal -6.288289e-001  3.882079e-002 -7.765740e-001
    outer loop
      vertex  3.149499e+002  5.054957e+003 -1.369232e+001
      vertex  2.943868e+002  4.693889e+003 -1.509111e+001
      vertex  2.933708e+002  4.693889e+003 -1.426846e+001
    endloop
  endfacet
  facet normal -6.518323e-001  4.016482e-002 -7.572986e-001
    outer loop
      vertex  3.149499e+002  5.054957e+003 -1.369232e+001
      vertex  2.933708e+002  4.693889e+003 -1.426846e+001
      vertex  3.139349e+002  5.054957e+003 -1.281867e+001
    endloop
  endfacet
  facet normal -6.536302e-001  4.026097e-002 -7.557425e-001
    outer loop
      vertex  3.139349e+002  5.054957e+003 -1.281867e+001
      vertex  2.933708e+002  4.693889e+003 -1.426846e+001
      vertex  2.923796e+002  4.693889e+003 -1.341113e+001
    endloop
  endfacet
  facet normal -6.842374e-001  4.204273e-002 -7.280465e-001
    outer loop
      vertex  3.139349e+002  5.054957e+003 -1.281867e+001
      vertex  2.923796e+002  4.693889e+003 -1.341113e+001
      vertex  3.126342e+002  5.054957e+003 -1.159624e+001
    endloop
  endfacet
  facet normal -6.851412e-001  4.208915e-002 -7.271932e-001
    outer loop
      vertex  3.126342e+002  5.054957e+003 -1.159624e+001
      vertex  2.923796e+002  4.693889e+003 -1.341113e+001
      vertex  2.910214e+002  4.693889e+003 -1.213145e+001
    endloop
  endfacet
  facet normal -7.232110e-001  4.431162e-002 -6.892041e-001
    outer loop
      vertex  3.126342e+002  5.054957e+003 -1.159624e+001
      vertex  2.910214e+002  4.693889e+003 -1.213145e+001
      vertex  3.114093e+002  5.054957e+003 -1.031089e+001
    endloop
  endfacet
  facet normal -7.240618e-001  4.435514e-002 -6.883073e-001
    outer loop
      vertex  3.114093e+002  5.054957e+003 -1.031089e+001
      vertex  2.910214e+002  4.693889e+003 -1.213145e+001
      vertex  2.897424e+002  4.693889e+003 -1.078609e+001
    endloop
  endfacet
  facet normal -7.641877e-001  4.670376e-002 -6.433010e-001
    outer loop
      vertex  3.114093e+002  5.054957e+003 -1.031089e+001
      vertex  2.897424e+002  4.693889e+003 -1.078609e+001
      vertex  3.102778e+002  5.054957e+003 -8.966724e+000
    endloop
  endfacet
  facet normal -7.649852e-001  4.674432e-002 -6.423494e-001
    outer loop
      vertex  3.102778e+002  5.054957e+003 -8.966724e+000
      vertex  2.897424e+002  4.693889e+003 -1.078609e+001
      vertex  2.885612e+002  4.693889e+003 -9.379359e+000
    endloop
  endfacet
  facet normal -7.980887e-001  4.868760e-002 -6.005697e-001
    outer loop
      vertex  3.102778e+002  5.054957e+003 -8.966724e+000
      vertex  2.885612e+002  4.693889e+003 -9.379359e+000
      vertex  3.096474e+002  5.054957e+003 -8.129033e+000
    endloop
  endfacet
  facet normal -8.052579e-001  4.907276e-002 -5.908905e-001
    outer loop
      vertex  3.096474e+002  5.054957e+003 -8.129033e+000
      vertex  2.885612e+002  4.693889e+003 -9.379359e+000
      vertex  2.875969e+002  4.693889e+003 -8.065231e+000
    endloop
  endfacet
  facet normal -8.241020e-001  5.022829e-002 -5.642100e-001
    outer loop
      vertex  3.096474e+002  5.054957e+003 -8.129033e+000
      vertex  2.875969e+002  4.693889e+003 -8.065231e+000
      vertex  3.090613e+002  5.054957e+003 -7.273017e+000
    endloop
  endfacet
  facet normal -9.623934e-001  5.843655e-002 -2.653002e-001
    outer loop
      vertex  2.848254e+002  4.693889e+003 -2.053226e+000
      vertex  3.065724e+002  5.054957e+003 -1.411003e+000
      vertex  2.850808e+002  4.693889e+003 -2.979712e+000
    endloop
  endfacet
  facet normal -9.673970e-001  5.865217e-002 -2.463800e-001
    outer loop
      vertex  2.850808e+002  4.693889e+003 -2.979712e+000
      vertex  3.065724e+002  5.054957e+003 -1.411003e+000
      vertex  3.069280e+002  5.054957e+003 -2.807210e+000
    endloop
  endfacet
  facet normal -9.445908e-001  5.730894e-002 -3.232088e-001
    outer loop
      vertex  2.850808e+002  4.693889e+003 -2.979712e+000
      vertex  3.069280e+002  5.054957e+003 -2.807210e+000
      vertex  2.853948e+002  4.693889e+003 -3.897554e+000
    endloop
  endfacet
  facet normal -9.395766e-001  5.705322e-002 -3.375510e-001
    outer loop
      vertex  2.853948e+002  4.693889e+003 -3.897554e+000
      vertex  3.069280e+002  5.054957e+003 -2.807210e+000
      vertex  3.074223e+002  5.054957e+003 -4.182995e+000
    endloop
  endfacet
  facet normal -9.181858e-001  5.570503e-002 -3.922139e-001
    outer loop
      vertex  2.853948e+002  4.693889e+003 -3.897554e+000
      vertex  3.074223e+002  5.054957e+003 -4.182995e+000
      vertex  2.860021e+002  4.693889e+003 -5.319192e+000
    endloop
  endfacet
  facet normal  5.329324e-002  8.767804e-003 -9.985405e-001
    outer loop
      vertex  1.224176e+003  5.416025e+003 -1.651488e+001
      vertex  1.244928e+003  5.054957e+003 -1.857771e+001
      vertex  1.178179e+003  5.416025e+003 -1.896976e+001
    endloop
  endfacet
  facet normal  5.193523e-002  8.516676e-003 -9.986142e-001
    outer loop
      vertex  1.178179e+003  5.416025e+003 -1.896976e+001
      vertex  1.244928e+003  5.054957e+003 -1.857771e+001
      vertex  1.196738e+003  5.054957e+003 -2.108395e+001
    endloop
  endfacet
  facet normal  5.271583e-002  8.556556e-003 -9.985729e-001
    outer loop
      vertex  1.178179e+003  5.416025e+003 -1.896976e+001
      vertex  1.196738e+003  5.054957e+003 -2.108395e+001
      vertex  1.109187e+003  5.416025e+003 -2.261195e+001
    endloop
  endfacet
  facet normal  5.135784e-002  8.226965e-003 -9.986464e-001
    outer loop
      vertex  1.109187e+003  5.416025e+003 -2.261195e+001
      vertex  1.196738e+003  5.054957e+003 -2.108395e+001
      vertex  1.124455e+003  5.054957e+003 -2.480126e+001
    endloop
  endfacet
  facet normal  5.230751e-002  8.266822e-003 -9.985968e-001
    outer loop
      vertex  1.109187e+003  5.416025e+003 -2.261195e+001
      vertex  1.124455e+003  5.054957e+003 -2.480126e+001
      vertex  1.063191e+003  5.416025e+003 -2.502125e+001
    endloop
  endfacet
  facet normal  5.094943e-002  8.036347e-003 -9.986688e-001
    outer loop
      vertex  1.063191e+003  5.416025e+003 -2.502125e+001
      vertex  1.124455e+003  5.054957e+003 -2.480126e+001
      vertex  1.076266e+003  5.054957e+003 -2.725974e+001
    endloop
  endfacet
  facet normal  4.970960e-002  7.991840e-003 -9.987318e-001
    outer loop
      vertex  1.063191e+003  5.416025e+003 -2.502125e+001
      vertex  1.076266e+003  5.054957e+003 -2.725974e+001
      vertex  1.017202e+003  5.416025e+003 -2.731027e+001
    endloop
  endfacet
  facet normal  4.835135e-002  7.769645e-003 -9.988002e-001
    outer loop
      vertex  1.017202e+003  5.416025e+003 -2.731027e+001
      vertex  1.076266e+003  5.054957e+003 -2.725974e+001
      vertex  1.028084e+003  5.054957e+003 -2.959222e+001
    endloop
  endfacet
  facet normal  4.750663e-002  7.744445e-003 -9.988409e-001
    outer loop
      vertex  1.017202e+003  5.416025e+003 -2.731027e+001
      vertex  1.028084e+003  5.054957e+003 -2.959222e+001
      vertex  9.712064e+002  5.416025e+003 -2.949788e+001
    endloop
  endfacet
  facet normal  4.614828e-002  7.530488e-003 -9.989061e-001
    outer loop
      vertex  9.712064e+002  5.416025e+003 -2.949788e+001
      vertex  1.028084e+003  5.054957e+003 -2.959222e+001
      vertex  9.798953e+002  5.054957e+003 -3.181846e+001
    endloop
  endfacet
  facet normal  4.683641e-002  7.546841e-003 -9.988740e-001
    outer loop
      vertex  9.712064e+002  5.416025e+003 -2.949788e+001
      vertex  9.798953e+002  5.054957e+003 -3.181846e+001
      vertex  9.252150e+002  5.416025e+003 -3.165438e+001
    endloop
  endfacet
  facet normal  4.547787e-002  7.341132e-003 -9.989383e-001
    outer loop
      vertex  9.252150e+002  5.416025e+003 -3.165438e+001
      vertex  9.798953e+002  5.054957e+003 -3.181846e+001
      vertex  9.317110e+002  5.054957e+003 -3.401211e+001
    endloop
  endfacet
  facet normal  4.640067e-002  7.357457e-003 -9.988958e-001
    outer loop
      vertex  9.252150e+002  5.416025e+003 -3.165438e+001
      vertex  9.317110e+002  5.054957e+003 -3.401211e+001
      vertex  8.792246e+002  5.416025e+003 -3.379073e+001
    endloop
  endfacet
  facet normal  4.504218e-002  7.160021e-003 -9.989594e-001
    outer loop
      vertex  8.792246e+002  5.416025e+003 -3.379073e+001
      vertex  9.317110e+002  5.054957e+003 -3.401211e+001
      vertex  8.835278e+002  5.054957e+003 -3.618465e+001
    endloop
  endfacet
  facet normal  4.511819e-002  7.160905e-003 -9.989560e-001
    outer loop
      vertex  8.792246e+002  5.416025e+003 -3.379073e+001
      vertex  8.835278e+002  5.054957e+003 -3.618465e+001
      vertex  8.485709e+002  5.416025e+003 -3.517521e+001
    endloop
  endfacet
  facet normal  4.375956e-002  7.029540e-003 -9.990174e-001
    outer loop
      vertex  8.485709e+002  5.416025e+003 -3.517521e+001
      vertex  8.835278e+002  5.054957e+003 -3.618465e+001
      vertex  8.514125e+002  5.054957e+003 -3.759138e+001
    endloop
  endfacet
  facet normal  4.365775e-002  7.028769e-003 -9.990219e-001
    outer loop
      vertex  8.485709e+002  5.416025e+003 -3.517521e+001
      vertex  8.514125e+002  5.054957e+003 -3.759138e+001
      vertex  8.332427e+002  5.416025e+003 -3.584506e+001
    endloop
  endfacet
  facet normal  4.229936e-002  6.960696e-003 -9.990808e-001
    outer loop
      vertex  8.332427e+002  5.416025e+003 -3.584506e+001
      vertex  8.514125e+002  5.054957e+003 -3.759138e+001
      vertex  8.353536e+002  5.054957e+003 -3.827129e+001
    endloop
  endfacet
  facet normal  4.193971e-002  6.958695e-003 -9.990959e-001
    outer loop
      vertex  8.332427e+002  5.416025e+003 -3.584506e+001
      vertex  8.353536e+002  5.054957e+003 -3.827129e+001
      vertex  8.102476e+002  5.416025e+003 -3.681034e+001
    endloop
  endfacet
  facet normal  4.058070e-002  6.864430e-003 -9.991527e-001
    outer loop
      vertex  8.102476e+002  5.416025e+003 -3.681034e+001
      vertex  8.353536e+002  5.054957e+003 -3.827129e+001
      vertex  8.112622e+002  5.054957e+003 -3.924976e+001
    endloop
  endfacet
  facet normal  3.934591e-002  6.861293e-003 -9.992021e-001
    outer loop
      vertex  8.102476e+002  5.416025e+003 -3.681034e+001
      vertex  8.112622e+002  5.054957e+003 -3.924976e+001
      vertex  7.872484e+002  5.416025e+003 -3.771599e+001
    endloop
  endfacet
  facet normal  3.798707e-002  6.771147e-003 -9.992553e-001
    outer loop
      vertex  7.872484e+002  5.416025e+003 -3.771599e+001
      vertex  8.112622e+002  5.054957e+003 -3.924976e+001
      vertex  7.871667e+002  5.054957e+003 -4.016576e+001
    endloop
  endfacet
  facet normal  3.621393e-002  6.771995e-003 -9.993211e-001
    outer loop
      vertex  7.872484e+002  5.416025e+003 -3.771599e+001
      vertex  7.871667e+002  5.054957e+003 -4.016576e+001
      vertex  7.642598e+002  5.416025e+003 -3.854906e+001
    endloop
  endfacet
  facet normal  3.485473e-002  6.685983e-003 -9.993700e-001
    outer loop
      vertex  7.642598e+002  5.416025e+003 -3.854906e+001
      vertex  7.871667e+002  5.054957e+003 -4.016576e+001
      vertex  7.630823e+002  5.054957e+003 -4.100575e+001
    endloop
  endfacet
  facet normal  3.265927e-002  6.693647e-003 -9.994441e-001
    outer loop
      vertex  7.642598e+002  5.416025e+003 -3.854906e+001
      vertex  7.630823e+002  5.054957e+003 -4.100575e+001
      vertex  7.412691e+002  5.416025e+003 -3.930034e+001
    endloop
  endfacet
  facet normal  3.130001e-002  6.611739e-003 -9.994882e-001
    outer loop
      vertex  7.412691e+002  5.416025e+003 -3.930034e+001
      vertex  7.630823e+002  5.054957e+003 -4.100575e+001
      vertex  7.389958e+002  5.054957e+003 -4.176004e+001
    endloop
  endfacet
  facet normal  2.884655e-002  6.627687e-003 -9.995619e-001
    outer loop
      vertex  7.412691e+002  5.416025e+003 -3.930034e+001
      vertex  7.389958e+002  5.054957e+003 -4.176004e+001
      vertex  7.182785e+002  5.416025e+003 -3.996383e+001
    endloop
  endfacet
  facet normal  2.748716e-002  6.549882e-003 -9.996008e-001
    outer loop
      vertex  7.182785e+002  5.416025e+003 -3.996383e+001
      vertex  7.389958e+002  5.054957e+003 -4.176004e+001
      vertex  7.149096e+002  5.054957e+003 -4.242237e+001
    endloop
  endfacet
  facet normal  2.498947e-002  6.573631e-003 -9.996661e-001
    outer loop
      vertex  7.182785e+002  5.416025e+003 -3.996383e+001
      vertex  7.149096e+002  5.054957e+003 -4.242237e+001
      vertex  6.952891e+002  5.416025e+003 -4.053851e+001
    endloop
  endfacet
  facet normal  2.362993e-002  6.499928e-003 -9.996996e-001
    outer loop
      vertex  6.952891e+002  5.416025e+003 -4.053851e+001
      vertex  7.149096e+002  5.054957e+003 -4.242237e+001
      vertex  6.908248e+002  5.054957e+003 -4.299166e+001
    endloop
  endfacet
  facet normal  2.134800e-002  6.528490e-003 -9.997507e-001
    outer loop
      vertex  6.952891e+002  5.416025e+003 -4.053851e+001
      vertex  6.908248e+002  5.054957e+003 -4.299166e+001
      vertex  6.723123e+002  5.416025e+003 -4.102914e+001
    endloop
  endfacet
  facet normal  1.998832e-002  6.458934e-003 -9.997794e-001
    outer loop
      vertex  6.723123e+002  5.416025e+003 -4.102914e+001
      vertex  6.908248e+002  5.054957e+003 -4.299166e+001
      vertex  6.667533e+002  5.054957e+003 -4.347292e+001
    endloop
  endfacet
  facet normal  1.812709e-002  6.487829e-003 -9.998146e-001
    outer loop
      vertex  6.723123e+002  5.416025e+003 -4.102914e+001
      vertex  6.667533e+002  5.054957e+003 -4.347292e+001
      vertex  6.493319e+002  5.416025e+003 -4.144579e+001
    endloop
  endfacet
  facet normal  1.676725e-002  6.422353e-003 -9.998388e-001
    outer loop
      vertex  6.493319e+002  5.416025e+003 -4.144579e+001
      vertex  6.667533e+002  5.054957e+003 -4.347292e+001
      vertex  6.426781e+002  5.054957e+003 -4.387666e+001
    endloop
  endfacet
  facet normal  1.522254e-002  6.450984e-003 -9.998633e-001
    outer loop
      vertex  6.493319e+002  5.416025e+003 -4.144579e+001
      vertex  6.426781e+002  5.054957e+003 -4.387666e+001
      vertex  6.263442e+002  5.416025e+003 -4.179577e+001
    endloop
  endfacet
  facet normal  1.386261e-002  6.389580e-003 -9.998835e-001
    outer loop
      vertex  6.263442e+002  5.416025e+003 -4.179577e+001
      vertex  6.426781e+002  5.054957e+003 -4.387666e+001
      vertex  6.185953e+002  5.054957e+003 -4.421054e+001
    endloop
  endfacet
  facet normal  1.212109e-002  6.427106e-003 -9.999059e-001
    outer loop
      vertex  6.263442e+002  5.416025e+003 -4.179577e+001
      vertex  6.185953e+002  5.054957e+003 -4.421054e+001
      vertex  6.033494e+002  5.416025e+003 -4.207452e+001
    endloop
  endfacet
  facet normal  1.076124e-002  6.369781e-003 -9.999219e-001
    outer loop
      vertex  6.033494e+002  5.416025e+003 -4.207452e+001
      vertex  6.185953e+002  5.054957e+003 -4.421054e+001
      vertex  5.945054e+002  5.054957e+003 -4.446980e+001
    endloop
  endfacet
  facet normal  7.904523e-003  6.439927e-003 -9.999480e-001
    outer loop
      vertex  6.033494e+002  5.416025e+003 -4.207452e+001
      vertex  5.945054e+002  5.054957e+003 -4.446980e+001
      vertex  5.803626e+002  5.416025e+003 -4.225623e+001
    endloop
  endfacet
  facet normal  6.544633e-003  6.386724e-003 -9.999582e-001
    outer loop
      vertex  5.803626e+002  5.416025e+003 -4.225623e+001
      vertex  5.945054e+002  5.054957e+003 -4.446980e+001
      vertex  5.704238e+002  5.054957e+003 -4.462741e+001
    endloop
  endfacet
  facet normal  3.444351e-003  6.472162e-003 -9.999732e-001
    outer loop
      vertex  5.803626e+002  5.416025e+003 -4.225623e+001
      vertex  5.704238e+002  5.054957e+003 -4.462741e+001
      vertex  5.688735e+002  5.416025e+003 -4.229580e+001
    endloop
  endfacet
  facet normal  2.084426e-003  6.466346e-003 -9.999769e-001
    outer loop
      vertex  5.688735e+002  5.416025e+003 -4.229580e+001
      vertex  5.704238e+002  5.054957e+003 -4.462741e+001
      vertex  5.583875e+002  5.054957e+003 -4.465250e+001
    endloop
  endfacet
  facet normal -4.048607e-004  6.538650e-003 -9.999785e-001
    outer loop
      vertex  5.688735e+002  5.416025e+003 -4.229580e+001
      vertex  5.583875e+002  5.054957e+003 -4.465250e+001
      vertex  5.573880e+002  5.416025e+003 -4.229115e+001
    endloop
  endfacet
  facet normal -1.765229e-003  6.534874e-003 -9.999771e-001
    outer loop
      vertex  5.573880e+002  5.416025e+003 -4.229115e+001
      vertex  5.583875e+002  5.054957e+003 -4.465250e+001
      vertex  5.463552e+002  5.054957e+003 -4.463126e+001
    endloop
  endfacet
  facet normal -4.932861e-003  6.631591e-003 -9.999658e-001
    outer loop
      vertex  5.573880e+002  5.416025e+003 -4.229115e+001
      vertex  5.463552e+002  5.054957e+003 -4.463126e+001
      vertex  5.459069e+002  5.416025e+003 -4.223451e+001
    endloop
  endfacet
  facet normal -6.292490e-003  6.629853e-003 -9.999583e-001
    outer loop
      vertex  5.459069e+002  5.416025e+003 -4.223451e+001
      vertex  5.463552e+002  5.054957e+003 -4.463126e+001
      vertex  5.343275e+002  5.054957e+003 -4.455558e+001
    endloop
  endfacet
  facet normal -1.010165e-002  6.751805e-003 -9.999261e-001
    outer loop
      vertex  5.459069e+002  5.416025e+003 -4.223451e+001
      vertex  5.343275e+002  5.054957e+003 -4.455558e+001
      vertex  5.344240e+002  5.416025e+003 -4.211851e+001
    endloop
  endfacet
  facet normal -1.146159e-002  6.752069e-003 -9.999115e-001
    outer loop
      vertex  5.344240e+002  5.416025e+003 -4.211851e+001
      vertex  5.343275e+002  5.054957e+003 -4.455558e+001
      vertex  5.222980e+002  5.054957e+003 -4.441769e+001
    endloop
  endfacet
  facet normal -1.587065e-002  6.899751e-003 -9.998502e-001
    outer loop
      vertex  5.344240e+002  5.416025e+003 -4.211851e+001
      vertex  5.222980e+002  5.054957e+003 -4.441769e+001
      vertex  5.229352e+002  5.416025e+003 -4.193615e+001
    endloop
  endfacet
  facet normal -1.723041e-002  6.901996e-003 -9.998277e-001
    outer loop
      vertex  5.229352e+002  5.416025e+003 -4.193615e+001
      vertex  5.222980e+002  5.054957e+003 -4.441769e+001
      vertex  5.102625e+002  5.054957e+003 -4.421027e+001
    endloop
  endfacet
  facet normal -2.221203e-002  7.076214e-003 -9.997282e-001
    outer loop
      vertex  5.229352e+002  5.416025e+003 -4.193615e+001
      vertex  5.102625e+002  5.054957e+003 -4.421027e+001
      vertex  5.114393e+002  5.416025e+003 -4.168073e+001
    endloop
  endfacet
  facet normal -2.357175e-002  7.080427e-003 -9.996971e-001
    outer loop
      vertex  5.114393e+002  5.416025e+003 -4.168073e+001
      vertex  5.102625e+002  5.054957e+003 -4.421027e+001
      vertex  4.982195e+002  5.054957e+003 -4.392632e+001
    endloop
  endfacet
  facet normal -2.912587e-002  7.282860e-003 -9.995492e-001
    outer loop
      vertex  5.114393e+002  5.416025e+003 -4.168073e+001
      vertex  4.982195e+002  5.054957e+003 -4.392632e+001
      vertex  4.999364e+002  5.416025e+003 -4.134555e+001
    endloop
  endfacet
  facet normal -3.048537e-002  7.289034e-003 -9.995087e-001
    outer loop
      vertex  4.999364e+002  5.416025e+003 -4.134555e+001
      vertex  4.982195e+002  5.054957e+003 -4.392632e+001
      vertex  4.861695e+002  5.054957e+003 -4.355878e+001
    endloop
  endfacet
  facet normal -3.666379e-002  7.523323e-003 -9.992993e-001
    outer loop
      vertex  4.999364e+002  5.416025e+003 -4.134555e+001
      vertex  4.861695e+002  5.054957e+003 -4.355878e+001
      vertex  4.884406e+002  5.416025e+003 -4.092377e+001
    endloop
  endfacet
  facet normal -3.802239e-002  7.531499e-003 -9.992486e-001
    outer loop
      vertex  4.884406e+002  5.416025e+003 -4.092377e+001
      vertex  4.861695e+002  5.054957e+003 -4.355878e+001
      vertex  4.741269e+002  5.054957e+003 -4.310055e+001
    endloop
  endfacet
  facet normal -4.497918e-002  7.805529e-003 -9.989574e-001
    outer loop
      vertex  4.884406e+002  5.416025e+003 -4.092377e+001
      vertex  4.741269e+002  5.054957e+003 -4.310055e+001
      vertex  4.769632e+002  5.416025e+003 -4.040699e+001
    endloop
  endfacet
  facet normal -4.633804e-002  7.815739e-003 -9.988952e-001
    outer loop
      vertex  4.769632e+002  5.416025e+003 -4.040699e+001
      vertex  4.741269e+002  5.054957e+003 -4.310055e+001
      vertex  4.621038e+002  5.054957e+003 -4.254281e+001
    endloop
  endfacet
  facet normal -5.433183e-002  8.142318e-003 -9.984897e-001
    outer loop
      vertex  4.769632e+002  5.416025e+003 -4.040699e+001
      vertex  4.621038e+002  5.054957e+003 -4.254281e+001
      vertex  4.655102e+002  5.416025e+003 -3.978378e+001
    endloop
  endfacet
  facet normal -5.568995e-002  8.154557e-003 -9.984148e-001
    outer loop
      vertex  4.655102e+002  5.416025e+003 -3.978378e+001
      vertex  4.621038e+002  5.054957e+003 -4.254281e+001
      vertex  4.501063e+002  5.054957e+003 -4.187361e+001
    endloop
  endfacet
  facet normal -6.506435e-002  8.551186e-003 -9.978443e-001
    outer loop
      vertex  4.655102e+002  5.416025e+003 -3.978378e+001
      vertex  4.501063e+002  5.054957e+003 -4.187361e+001
      vertex  4.540508e+002  5.416025e+003 -3.903658e+001
    endloop
  endfacet
  facet normal -6.642094e-002  8.565303e-003 -9.977549e-001
    outer loop
      vertex  4.540508e+002  5.416025e+003 -3.903658e+001
      vertex  4.501063e+002  5.054957e+003 -4.187361e+001
      vertex  4.381024e+002  5.054957e+003 -4.107450e+001
    endloop
  endfacet
  facet normal -7.743102e-002  9.047114e-003 -9.969566e-001
    outer loop
      vertex  4.540508e+002  5.416025e+003 -3.903658e+001
      vertex  4.381024e+002  5.054957e+003 -4.107450e+001
      vertex  4.425898e+002  5.416025e+003 -3.814643e+001
    endloop
  endfacet
  facet normal -7.878695e-002  9.063102e-003 -9.968502e-001
    outer loop
      vertex  4.425898e+002  5.416025e+003 -3.814643e+001
      vertex  4.381024e+002  5.054957e+003 -4.107450e+001
      vertex  4.260970e+002  5.054957e+003 -4.012564e+001
    endloop
  endfacet
  facet normal -1.047529e-001  1.024847e-002 -9.944455e-001
    outer loop
      vertex  4.371956e+002  5.777094e+003 -3.402730e+001
      vertex  4.481469e+002  5.777094e+003 -3.518089e+001
      vertex  4.253607e+002  5.416025e+003 -3.650171e+001
    endloop
  endfacet
  facet normal -1.024264e-001  1.010254e-002 -9.946893e-001
    outer loop
      vertex  4.253607e+002  5.416025e+003 -3.650171e+001
      vertex  4.481469e+002  5.777094e+003 -3.518089e+001
      vertex  4.311089e+002  5.416025e+003 -3.709361e+001
    endloop
  endfacet
  facet normal -1.024264e-001  1.007787e-002 -9.946895e-001
    outer loop
      vertex  4.253607e+002  5.416025e+003 -3.650171e+001
      vertex  4.311089e+002  5.416025e+003 -3.709361e+001
      vertex  4.079217e+002  5.054957e+003 -3.836418e+001
    endloop
  endfacet
  facet normal -1.040206e-001  1.017966e-002 -9.945230e-001
    outer loop
      vertex  4.079217e+002  5.054957e+003 -3.836418e+001
      vertex  4.311089e+002  5.416025e+003 -3.709361e+001
      vertex  4.138147e+002  5.054957e+003 -3.898054e+001
    endloop
  endfacet
  facet normal -1.100500e-001  1.044185e-002 -9.938712e-001
    outer loop
      vertex  4.253607e+002  5.416025e+003 -3.650171e+001
      vertex  4.079217e+002  5.054957e+003 -3.836418e+001
      vertex  4.196120e+002  5.416025e+003 -3.586515e+001
    endloop
  endfacet
  facet normal -1.114828e-001  1.048714e-002 -9.937110e-001
    outer loop
      vertex  4.196120e+002  5.416025e+003 -3.586515e+001
      vertex  4.079217e+002  5.054957e+003 -3.836418e+001
      vertex  4.020283e+002  5.054957e+003 -3.770300e+001
    endloop
  endfacet
  facet normal -1.177396e-001  1.078814e-002 -9.929858e-001
    outer loop
      vertex  4.196120e+002  5.416025e+003 -3.586515e+001
      vertex  4.020283e+002  5.054957e+003 -3.770300e+001
      vertex  4.138455e+002  5.416025e+003 -3.518141e+001
    endloop
  endfacet
  facet normal -1.190900e-001  1.083121e-002 -9.928244e-001
    outer loop
      vertex  4.138455e+002  5.416025e+003 -3.518141e+001
      vertex  4.020283e+002  5.054957e+003 -3.770300e+001
      vertex  3.959882e+002  5.054957e+003 -3.697849e+001
    endloop
  endfacet
  facet normal -1.255511e-001  1.114677e-002 -9.920245e-001
    outer loop
      vertex  4.138455e+002  5.416025e+003 -3.518141e+001
      vertex  3.959882e+002  5.054957e+003 -3.697849e+001
      vertex  4.080958e+002  5.416025e+003 -3.445373e+001
    endloop
  endfacet
  facet normal -1.269010e-001  1.119084e-002 -9.918522e-001
    outer loop
      vertex  4.080958e+002  5.416025e+003 -3.445373e+001
      vertex  3.959882e+002  5.054957e+003 -3.697849e+001
      vertex  3.899658e+002  5.054957e+003 -3.620797e+001
    endloop
  endfacet
  facet normal -1.340288e-001  1.154416e-002 -9.909101e-001
    outer loop
      vertex  4.080958e+002  5.416025e+003 -3.445373e+001
      vertex  3.899658e+002  5.054957e+003 -3.620797e+001
      vertex  4.023724e+002  5.416025e+003 -3.367959e+001
    endloop
  endfacet
  facet normal -1.353752e-001  1.158914e-002 -9.907266e-001
    outer loop
      vertex  4.023724e+002  5.416025e+003 -3.367959e+001
      vertex  3.899658e+002  5.054957e+003 -3.620797e+001
      vertex  3.839710e+002  5.054957e+003 -3.538882e+001
    endloop
  endfacet
  facet normal -1.443409e-001  1.204004e-002 -9.894547e-001
    outer loop
      vertex  4.023724e+002  5.416025e+003 -3.367959e+001
      vertex  3.839710e+002  5.054957e+003 -3.538882e+001
      vertex  3.966790e+002  5.416025e+003 -3.284904e+001
    endloop
  endfacet
  facet normal -1.456864e-001  1.208601e-002 -9.892570e-001
    outer loop
      vertex  3.966790e+002  5.416025e+003 -3.284904e+001
      vertex  3.839710e+002  5.054957e+003 -3.538882e+001
      vertex  3.780077e+002  5.054957e+003 -3.451062e+001
    endloop
  endfacet
  facet normal -1.582970e-001  1.272915e-002 -9.873095e-001
    outer loop
      vertex  3.966790e+002  5.416025e+003 -3.284904e+001
      vertex  3.780077e+002  5.054957e+003 -3.451062e+001
      vertex  3.909565e+002  5.416025e+003 -3.193155e+001
    endloop
  endfacet
  facet normal -1.596393e-001  1.277574e-002 -9.870927e-001
    outer loop
      vertex  3.909565e+002  5.416025e+003 -3.193155e+001
      vertex  3.780077e+002  5.054957e+003 -3.451062e+001
      vertex  3.720141e+002  5.054957e+003 -3.354128e+001
    endloop
  endfacet
  facet normal -1.775590e-001  1.370213e-002 -9.840147e-001
    outer loop
      vertex  3.909565e+002  5.416025e+003 -3.193155e+001
      vertex  3.720141e+002  5.054957e+003 -3.354128e+001
      vertex  3.852404e+002  5.416025e+003 -3.090011e+001
    endloop
  endfacet
  facet normal -1.788974e-001  1.374938e-002 -9.837716e-001
    outer loop
      vertex  3.852404e+002  5.416025e+003 -3.090011e+001
      vertex  3.720141e+002  5.054957e+003 -3.354128e+001
      vertex  3.660272e+002  5.054957e+003 -3.245258e+001
    endloop
  endfacet
  facet normal -2.020302e-001  1.496095e-002 -9.792650e-001
    outer loop
      vertex  3.852404e+002  5.416025e+003 -3.090011e+001
      vertex  3.660272e+002  5.054957e+003 -3.245258e+001
      vertex  3.795124e+002  5.416025e+003 -2.971837e+001
    endloop
  endfacet
  facet normal -1.966954e-001  1.476994e-002 -9.803533e-001
    outer loop
      vertex  3.795124e+002  5.416025e+003 -2.971837e+001
      vertex  3.660272e+002  5.054957e+003 -3.245258e+001
      vertex  3.630300e+002  5.054957e+003 -3.185123e+001
    endloop
  endfacet
  facet normal -2.099901e-001  1.536047e-002 -9.775829e-001
    outer loop
      vertex  3.795124e+002  5.416025e+003 -2.971837e+001
      vertex  3.630300e+002  5.054957e+003 -3.185123e+001
      vertex  3.600282e+002  5.054957e+003 -3.120642e+001
    endloop
  endfacet
  facet normal -2.507969e-001  1.751618e-002 -9.678813e-001
    outer loop
      vertex  3.737686e+002  5.416025e+003 -2.836263e+001
      vertex  3.540128e+002  5.054957e+003 -2.977794e+001
      vertex  3.708214e+002  5.416025e+003 -2.759896e+001
    endloop
  endfacet
  facet normal -2.519224e-001  1.756681e-002 -9.675879e-001
    outer loop
      vertex  3.708214e+002  5.416025e+003 -2.759896e+001
      vertex  3.540128e+002  5.054957e+003 -2.977794e+001
      vertex  3.510118e+002  5.054957e+003 -2.899661e+001
    endloop
  endfacet
  facet normal -2.643163e-001  1.823391e-002 -9.642637e-001
    outer loop
      vertex  3.708214e+002  5.416025e+003 -2.759896e+001
      vertex  3.510118e+002  5.054957e+003 -2.899661e+001
      vertex  3.678833e+002  5.416025e+003 -2.679358e+001
    endloop
  endfacet
  facet normal -2.650844e-001  1.826852e-002 -9.640521e-001
    outer loop
      vertex  3.678833e+002  5.416025e+003 -2.679358e+001
      vertex  3.510118e+002  5.054957e+003 -2.899661e+001
      vertex  3.480196e+002  5.054957e+003 -2.817384e+001
    endloop
  endfacet
  facet normal -2.778313e-001  1.895597e-002 -9.604427e-001
    outer loop
      vertex  3.678833e+002  5.416025e+003 -2.679358e+001
      vertex  3.480196e+002  5.054957e+003 -2.817384e+001
      vertex  3.448758e+002  5.054957e+003 -2.726442e+001
    endloop
  endfacet
  facet normal -2.831862e-001  1.929513e-002 -9.588708e-001
    outer loop
      vertex  3.678833e+002  5.416025e+003 -2.679358e+001
      vertex  3.448758e+002  5.054957e+003 -2.726442e+001
      vertex  3.620700e+002  5.416025e+003 -2.507674e+001
    endloop
  endfacet
  facet normal -2.904833e-001  1.962934e-002 -9.566787e-001
    outer loop
      vertex  3.620700e+002  5.416025e+003 -2.507674e+001
      vertex  3.448758e+002  5.054957e+003 -2.726442e+001
      vertex  3.417619e+002  5.054957e+003 -2.631893e+001
    endloop
  endfacet
  facet normal -3.023913e-001  2.028633e-002 -9.529680e-001
    outer loop
      vertex  3.620700e+002  5.416025e+003 -2.507674e+001
      vertex  3.417619e+002  5.054957e+003 -2.631893e+001
      vertex  3.590656e+002  5.416025e+003 -2.412338e+001
    endloop
  endfacet
  facet normal -3.035240e-001  2.033842e-002 -9.526067e-001
    outer loop
      vertex  3.590656e+002  5.416025e+003 -2.412338e+001
      vertex  3.417619e+002  5.054957e+003 -2.631893e+001
      vertex  3.386876e+002  5.054957e+003 -2.533937e+001
    endloop
  endfacet
  facet normal -3.175403e-001  2.111399e-002 -9.480097e-001
    outer loop
      vertex  3.590656e+002  5.416025e+003 -2.412338e+001
      vertex  3.386876e+002  5.054957e+003 -2.533937e+001
      vertex  3.561078e+002  5.416025e+003 -2.313266e+001
    endloop
  endfacet
  facet normal -3.182521e-001  2.114687e-002 -9.477702e-001
    outer loop
      vertex  3.561078e+002  5.416025e+003 -2.313266e+001
      vertex  3.386876e+002  5.054957e+003 -2.533937e+001
      vertex  3.356599e+002  5.054957e+003 -2.432269e+001
    endloop
  endfacet
  facet normal -3.352377e-001  2.208936e-002 -9.418746e-001
    outer loop
      vertex  3.561078e+002  5.416025e+003 -2.313266e+001
      vertex  3.356599e+002  5.054957e+003 -2.432269e+001
      vertex  3.534843e+002  5.416025e+003 -2.219888e+001
    endloop
  endfacet
  facet normal -3.358059e-001  2.211622e-002 -9.416716e-001
    outer loop
      vertex  3.534843e+002  5.416025e+003 -2.219888e+001
      vertex  3.356599e+002  5.054957e+003 -2.432269e+001
      vertex  3.328410e+002  5.054957e+003 -2.331747e+001
    endloop
  endfacet
  facet normal -3.567448e-001  2.328931e-002 -9.339115e-001
    outer loop
      vertex  3.534843e+002  5.416025e+003 -2.219888e+001
      vertex  3.328410e+002  5.054957e+003 -2.331747e+001
      vertex  3.508988e+002  5.416025e+003 -2.121126e+001
    endloop
  endfacet
  facet normal -3.577169e-001  2.333575e-002 -9.335385e-001
    outer loop
      vertex  3.508988e+002  5.416025e+003 -2.121126e+001
      vertex  3.328410e+002  5.054957e+003 -2.331747e+001
      vertex  3.300643e+002  5.054957e+003 -2.225348e+001
    endloop
  endfacet
  facet normal -3.865525e-001  2.496612e-002 -9.219294e-001
    outer loop
      vertex  3.508988e+002  5.416025e+003 -2.121126e+001
      vertex  3.300643e+002  5.054957e+003 -2.225348e+001
      vertex  3.480168e+002  5.416025e+003 -2.000286e+001
    endloop
  endfacet
  facet normal -3.878062e-001  2.502516e-002 -9.214011e-001
    outer loop
      vertex  3.480168e+002  5.416025e+003 -2.000286e+001
      vertex  3.300643e+002  5.054957e+003 -2.225348e+001
      vertex  3.270468e+002  5.054957e+003 -2.098344e+001
    endloop
  endfacet
  facet normal -4.156579e-001  2.660940e-002 -9.091318e-001
    outer loop
      vertex  3.480168e+002  5.416025e+003 -2.000286e+001
      vertex  3.270468e+002  5.054957e+003 -2.098344e+001
      vertex  3.465856e+002  5.416025e+003 -1.934853e+001
    endloop
  endfacet
  facet normal -4.168884e-001  2.667342e-002 -9.085663e-001
    outer loop
      vertex  3.465856e+002  5.416025e+003 -1.934853e+001
      vertex  3.270468e+002  5.054957e+003 -2.098344e+001
      vertex  3.255484e+002  5.054957e+003 -2.029592e+001
    endloop
  endfacet
  facet normal -4.381500e-001  2.788571e-002 -8.984692e-001
    outer loop
      vertex  3.465856e+002  5.416025e+003 -1.934853e+001
      vertex  3.255484e+002  5.054957e+003 -2.029592e+001
      vertex  3.451586e+002  5.416025e+003 -1.865265e+001
    endloop
  endfacet
  facet normal -4.393777e-001  2.794965e-002 -8.978675e-001
    outer loop
      vertex  3.451586e+002  5.416025e+003 -1.865265e+001
      vertex  3.255484e+002  5.054957e+003 -2.029592e+001
      vertex  3.240545e+002  5.054957e+003 -1.956487e+001
    endloop
  endfacet
  facet normal -4.671531e-001  2.953726e-002 -8.836829e-001
    outer loop
      vertex  3.451586e+002  5.416025e+003 -1.865265e+001
      vertex  3.240545e+002  5.054957e+003 -1.956487e+001
      vertex  3.432612e+002  5.416025e+003 -1.764960e+001
    endloop
  endfacet
  facet normal -4.683504e-001  2.959758e-002 -8.830469e-001
    outer loop
      vertex  3.432612e+002  5.416025e+003 -1.764960e+001
      vertex  3.240545e+002  5.054957e+003 -1.956487e+001
      vertex  3.220682e+002  5.054957e+003 -1.851136e+001
    endloop
  endfacet
  facet normal -5.033041e-001  3.160262e-002 -8.635313e-001
    outer loop
      vertex  3.432612e+002  5.416025e+003 -1.764960e+001
      vertex  3.220682e+002  5.054957e+003 -1.851136e+001
      vertex  3.413719e+002  5.416025e+003 -1.654841e+001
    endloop
  endfacet
  facet normal -5.044793e-001  3.166171e-002 -8.628430e-001
    outer loop
      vertex  3.413719e+002  5.416025e+003 -1.654841e+001
      vertex  3.220682e+002  5.054957e+003 -1.851136e+001
      vertex  3.200905e+002  5.054957e+003 -1.735504e+001
    endloop
  endfacet
  facet normal -5.424234e-001  3.384582e-002 -8.394232e-001
    outer loop
      vertex  3.413719e+002  5.416025e+003 -1.654841e+001
      vertex  3.200905e+002  5.054957e+003 -1.735504e+001
      vertex  3.394991e+002  5.416025e+003 -1.533821e+001
    endloop
  endfacet
  facet normal -5.435606e-001  3.390283e-002 -8.386851e-001
    outer loop
      vertex  3.394991e+002  5.416025e+003 -1.533821e+001
      vertex  3.200905e+002  5.054957e+003 -1.735504e+001
      vertex  3.181302e+002  5.054957e+003 -1.608455e+001
    endloop
  endfacet
  facet normal -5.869411e-001  3.640844e-002 -8.088106e-001
    outer loop
      vertex  3.394991e+002  5.416025e+003 -1.533821e+001
      vertex  3.181302e+002  5.054957e+003 -1.608455e+001
      vertex  3.374555e+002  5.416025e+003 -1.385522e+001
    endloop
  endfacet
  facet normal -5.880401e-001  3.646231e-002 -8.080094e-001
    outer loop
      vertex  3.374555e+002  5.416025e+003 -1.385522e+001
      vertex  3.181302e+002  5.054957e+003 -1.608455e+001
      vertex  3.159914e+002  5.054957e+003 -1.452804e+001
    endloop
  endfacet
  facet normal -6.243200e-001  3.856722e-002 -7.802160e-001
    outer loop
      vertex  3.374555e+002  5.416025e+003 -1.385522e+001
      vertex  3.159914e+002  5.054957e+003 -1.452804e+001
      vertex  3.364602e+002  5.416025e+003 -1.305884e+001
    endloop
  endfacet
  facet normal -6.253856e-001  3.862414e-002 -7.793593e-001
    outer loop
      vertex  3.364602e+002  5.416025e+003 -1.305884e+001
      vertex  3.159914e+002  5.054957e+003 -1.452804e+001
      vertex  3.149499e+002  5.054957e+003 -1.369232e+001
    endloop
  endfacet
  facet normal -6.508087e-001  4.010154e-002 -7.581820e-001
    outer loop
      vertex  3.364602e+002  5.416025e+003 -1.305884e+001
      vertex  3.149499e+002  5.054957e+003 -1.369232e+001
      vertex  3.354902e+002  5.416025e+003 -1.222621e+001
    endloop
  endfacet
  facet normal -6.518326e-001  4.015621e-002 -7.572989e-001
    outer loop
      vertex  3.354902e+002  5.416025e+003 -1.222621e+001
      vertex  3.149499e+002  5.054957e+003 -1.369232e+001
      vertex  3.139349e+002  5.054957e+003 -1.281867e+001
    endloop
  endfacet
  facet normal -6.832467e-001  4.198512e-002 -7.289796e-001
    outer loop
      vertex  3.354902e+002  5.416025e+003 -1.222621e+001
      vertex  3.139349e+002  5.054957e+003 -1.281867e+001
      vertex  3.342471e+002  5.416025e+003 -1.106103e+001
    endloop
  endfacet
  facet normal -6.842375e-001  4.203631e-002 -7.280467e-001
    outer loop
      vertex  3.342471e+002  5.416025e+003 -1.106103e+001
      vertex  3.139349e+002  5.054957e+003 -1.281867e+001
      vertex  3.126342e+002  5.054957e+003 -1.159624e+001
    endloop
  endfacet
  facet normal -7.222778e-001  4.425721e-002 -6.901855e-001
    outer loop
      vertex  3.342471e+002  5.416025e+003 -1.106103e+001
      vertex  3.126342e+002  5.054957e+003 -1.159624e+001
      vertex  3.330762e+002  5.416025e+003 -9.835690e+000
    endloop
  endfacet
  facet normal -7.232112e-001  4.430528e-002 -6.892043e-001
    outer loop
      vertex  3.330762e+002  5.416025e+003 -9.835690e+000
      vertex  3.126342e+002  5.054957e+003 -1.159624e+001
      vertex  3.114093e+002  5.054957e+003 -1.031089e+001
    endloop
  endfacet
  facet normal -7.633133e-001  4.665266e-002 -6.443418e-001
    outer loop
      vertex  3.330762e+002  5.416025e+003 -9.835690e+000
      vertex  3.114093e+002  5.054957e+003 -1.031089e+001
      vertex  3.319943e+002  5.416025e+003 -8.554089e+000
    endloop
  endfacet
  facet normal -7.641878e-001  4.669746e-002 -6.433010e-001
    outer loop
      vertex  3.319943e+002  5.416025e+003 -8.554089e+000
      vertex  3.114093e+002  5.054957e+003 -1.031089e+001
      vertex  3.102778e+002  5.054957e+003 -8.966724e+000
    endloop
  endfacet
  facet normal -7.975859e-001  4.865812e-002 -6.012397e-001
    outer loop
      vertex  3.319943e+002  5.416025e+003 -8.554089e+000
      vertex  3.102778e+002  5.054957e+003 -8.966724e+000
      vertex  3.313778e+002  5.416025e+003 -7.736278e+000
    endloop
  endfacet
  facet normal -7.980888e-001  4.868523e-002 -6.005698e-001
    outer loop
      vertex  3.313778e+002  5.416025e+003 -7.736278e+000
      vertex  3.102778e+002  5.054957e+003 -8.966724e+000
      vertex  3.096474e+002  5.054957e+003 -8.129033e+000
    endloop
  endfacet
  facet normal -8.242518e-001  5.022002e-002 -5.639920e-001
    outer loop
      vertex  3.313778e+002  5.416025e+003 -7.736278e+000
      vertex  3.096474e+002  5.054957e+003 -8.129033e+000
      vertex  3.308057e+002  5.416025e+003 -6.900113e+000
    endloop
  endfacet
  facet normal -8.241026e-001  5.021203e-002 -5.642104e-001
    outer loop
      vertex  3.308057e+002  5.416025e+003 -6.900113e+000
      vertex  3.096474e+002  5.054957e+003 -8.129033e+000
      vertex  3.090613e+002  5.054957e+003 -7.273017e+000
    endloop
  endfacet
  facet normal -9.054541e-001  5.499751e-002 -4.208660e-001
    outer loop
      vertex  3.298610e+002  5.416025e+003 -5.279200e+000
      vertex  3.080475e+002  5.054957e+003 -5.532866e+000
      vertex  3.292624e+002  5.416025e+003 -3.991494e+000
    endloop
  endfacet
  facet normal -9.060221e-001  5.502564e-002 -4.196381e-001
    outer loop
      vertex  3.292624e+002  5.416025e+003 -3.991494e+000
      vertex  3.080475e+002  5.054957e+003 -5.532866e+000
      vertex  3.074223e+002  5.054957e+003 -4.182995e+000
    endloop
  endfacet
  facet normal -9.391161e-001  5.698457e-002 -3.388416e-001
    outer loop
      vertex  3.292624e+002  5.416025e+003 -3.991494e+000
      vertex  3.074223e+002  5.054957e+003 -4.182995e+000
      vertex  3.287888e+002  5.416025e+003 -2.678882e+000
    endloop
  endfacet
  facet normal -9.395792e-001  5.700660e-002 -3.375519e-001
    outer loop
      vertex  3.287888e+002  5.416025e+003 -2.678882e+000
      vertex  3.074223e+002  5.054957e+003 -4.182995e+000
      vertex  3.069280e+002  5.054957e+003 -2.807210e+000
    endloop
  endfacet
  facet normal -9.670606e-001  5.863852e-002 -2.477000e-001
    outer loop
      vertex  3.287888e+002  5.416025e+003 -2.678882e+000
      vertex  3.069280e+002  5.054957e+003 -2.807210e+000
      vertex  3.284476e+002  5.416025e+003 -1.346597e+000
    endloop
  endfacet
  facet normal -9.673969e-001  5.865322e-002 -2.463800e-001
    outer loop
      vertex  3.284476e+002  5.416025e+003 -1.346597e+000
      vertex  3.069280e+002  5.054957e+003 -2.807210e+000
      vertex  3.065724e+002  5.054957e+003 -1.411003e+000
    endloop
  endfacet
  facet normal  5.478704e-002  8.853195e-003 -9.984588e-001
    outer loop
      vertex  1.203423e+003  5.777094e+003 -1.445204e+001
      vertex  1.224176e+003  5.416025e+003 -1.651488e+001
      vertex  1.159620e+003  5.777094e+003 -1.685558e+001
    endloop
  endfacet
  facet normal  5.329332e-002  8.586057e-003 -9.985420e-001
    outer loop
      vertex  1.159620e+003  5.777094e+003 -1.685558e+001
      vertex  1.224176e+003  5.416025e+003 -1.651488e+001
      vertex  1.178179e+003  5.416025e+003 -1.896976e+001
    endloop
  endfacet
  facet normal  5.420959e-002  8.632862e-003 -9.984922e-001
    outer loop
      vertex  1.159620e+003  5.777094e+003 -1.685558e+001
      vertex  1.178179e+003  5.416025e+003 -1.896976e+001
      vertex  1.093918e+003  5.777094e+003 -2.042265e+001
    endloop
  endfacet
  facet normal  5.271595e-002  8.283962e-003 -9.985752e-001
    outer loop
      vertex  1.093918e+003  5.777094e+003 -2.042265e+001
      vertex  1.178179e+003  5.416025e+003 -1.896976e+001
      vertex  1.109187e+003  5.416025e+003 -2.261195e+001
    endloop
  endfacet
  facet normal  5.380134e-002  8.329507e-003 -9.985169e-001
    outer loop
      vertex  1.093918e+003  5.777094e+003 -2.042265e+001
      vertex  1.109187e+003  5.416025e+003 -2.261195e+001
      vertex  1.050116e+003  5.777094e+003 -2.278276e+001
    endloop
  endfacet
  facet normal  5.230758e-002  8.085091e-003 -9.985983e-001
    outer loop
      vertex  1.050116e+003  5.777094e+003 -2.278276e+001
      vertex  1.109187e+003  5.416025e+003 -2.261195e+001
      vertex  1.063191e+003  5.416025e+003 -2.502125e+001
    endloop
  endfacet
  facet normal  5.120367e-002  8.045474e-003 -9.986559e-001
    outer loop
      vertex  1.050116e+003  5.777094e+003 -2.278276e+001
      vertex  1.063191e+003  5.416025e+003 -2.502125e+001
      vertex  1.006320e+003  5.777094e+003 -2.502831e+001
    endloop
  endfacet
  facet normal  4.970967e-002  7.810154e-003 -9.987332e-001
    outer loop
      vertex  1.006320e+003  5.777094e+003 -2.502831e+001
      vertex  1.063191e+003  5.416025e+003 -2.502125e+001
      vertex  1.017202e+003  5.416025e+003 -2.731027e+001
    endloop
  endfacet
  facet normal  4.900082e-002  7.789013e-003 -9.987684e-001
    outer loop
      vertex  1.006320e+003  5.777094e+003 -2.502831e+001
      vertex  1.017202e+003  5.416025e+003 -2.731027e+001
      vertex  9.625176e+002  5.777094e+003 -2.717730e+001
    endloop
  endfacet
  facet normal  4.750670e-002  7.562754e-003 -9.988424e-001
    outer loop
      vertex  9.625176e+002  5.777094e+003 -2.717730e+001
      vertex  1.017202e+003  5.416025e+003 -2.731027e+001
      vertex  9.712064e+002  5.416025e+003 -2.949788e+001
    endloop
  endfacet
  facet normal  4.833064e-002  7.582326e-003 -9.988025e-001
    outer loop
      vertex  9.625176e+002  5.777094e+003 -2.717730e+001
      vertex  9.712064e+002  5.416025e+003 -2.949788e+001
      vertex  9.187191e+002  5.777094e+003 -2.929665e+001
    endloop
  endfacet
  facet normal  4.683648e-002  7.365165e-003 -9.988755e-001
    outer loop
      vertex  9.187191e+002  5.777094e+003 -2.929665e+001
      vertex  9.712064e+002  5.416025e+003 -2.949788e+001
      vertex  9.252150e+002  5.416025e+003 -3.165438e+001
    endloop
  endfacet
  facet normal  4.789489e-002  7.383877e-003 -9.988251e-001
    outer loop
      vertex  9.187191e+002  5.777094e+003 -2.929665e+001
      vertex  9.252150e+002  5.416025e+003 -3.165438e+001
      vertex  8.749214e+002  5.777094e+003 -3.139680e+001
    endloop
  endfacet
  facet normal  4.640073e-002  7.175806e-003 -9.988971e-001
    outer loop
      vertex  8.749214e+002  5.777094e+003 -3.139680e+001
      vertex  9.252150e+002  5.416025e+003 -3.165438e+001
      vertex  8.792246e+002  5.416025e+003 -3.379073e+001
    endloop
  endfacet
  facet normal  4.612590e-002  7.172614e-003 -9.989098e-001
    outer loop
      vertex  8.749214e+002  5.777094e+003 -3.139680e+001
      vertex  8.792246e+002  5.416025e+003 -3.379073e+001
      vertex  8.311318e+002  5.777094e+003 -3.341884e+001
    endloop
  endfacet
  facet normal  4.511824e-002  7.038447e-003 -9.989569e-001
    outer loop
      vertex  8.311318e+002  5.777094e+003 -3.341884e+001
      vertex  8.792246e+002  5.416025e+003 -3.379073e+001
      vertex  8.485709e+002  5.416025e+003 -3.517521e+001
    endloop
  endfacet
  facet normal  4.365777e-002  6.968226e-003 -9.990222e-001
    outer loop
      vertex  8.311318e+002  5.777094e+003 -3.341884e+001
      vertex  8.485709e+002  5.416025e+003 -3.517521e+001
      vertex  8.332427e+002  5.416025e+003 -3.584506e+001
    endloop
  endfacet
  facet normal  4.343395e-002  6.966983e-003 -9.990320e-001
    outer loop
      vertex  8.311318e+002  5.777094e+003 -3.341884e+001
      vertex  8.332427e+002  5.416025e+003 -3.584506e+001
      vertex  8.092330e+002  5.777094e+003 -3.437091e+001
    endloop
  endfacet
  facet normal  4.193974e-002  6.867887e-003 -9.990966e-001
    outer loop
      vertex  8.092330e+002  5.777094e+003 -3.437091e+001
      vertex  8.332427e+002  5.416025e+003 -3.584506e+001
      vertex  8.102476e+002  5.416025e+003 -3.681034e+001
    endloop
  endfacet
  facet normal  4.084095e-002  6.865107e-003 -9.991421e-001
    outer loop
      vertex  8.092330e+002  5.777094e+003 -3.437091e+001
      vertex  8.102476e+002  5.416025e+003 -3.681034e+001
      vertex  7.873302e+002  5.777094e+003 -3.526621e+001
    endloop
  endfacet
  facet normal  3.934593e-002  6.770475e-003 -9.992027e-001
    outer loop
      vertex  7.873302e+002  5.777094e+003 -3.526621e+001
      vertex  8.102476e+002  5.416025e+003 -3.681034e+001
      vertex  7.872484e+002  5.416025e+003 -3.771599e+001
    endloop
  endfacet
  facet normal  3.770878e-002  6.771274e-003 -9.992658e-001
    outer loop
      vertex  7.873302e+002  5.777094e+003 -3.526621e+001
      vertex  7.872484e+002  5.416025e+003 -3.771599e+001
      vertex  7.654373e+002  5.777094e+003 -3.609237e+001
    endloop
  endfacet
  facet normal  3.621395e-002  6.681228e-003 -9.993217e-001
    outer loop
      vertex  7.654373e+002  5.777094e+003 -3.609237e+001
      vertex  7.872484e+002  5.416025e+003 -3.771599e+001
      vertex  7.642598e+002  5.416025e+003 -3.854906e+001
    endloop
  endfacet
  facet normal  3.415431e-002  6.688438e-003 -9.993942e-001
    outer loop
      vertex  7.654373e+002  5.777094e+003 -3.609237e+001
      vertex  7.642598e+002  5.416025e+003 -3.854906e+001
      vertex  7.435424e+002  5.777094e+003 -3.684063e+001
    endloop
  endfacet
  facet normal  3.265929e-002  6.602895e-003 -9.994447e-001
    outer loop
      vertex  7.435424e+002  5.777094e+003 -3.684063e+001
      vertex  7.642598e+002  5.416025e+003 -3.854906e+001
      vertex  7.412691e+002  5.416025e+003 -3.930034e+001
    endloop
  endfacet
  facet normal  3.034193e-002  6.617982e-003 -9.995177e-001
    outer loop
      vertex  7.435424e+002  5.777094e+003 -3.684063e+001
      vertex  7.412691e+002  5.416025e+003 -3.930034e+001
      vertex  7.216473e+002  5.777094e+003 -3.750529e+001
    endloop
  endfacet
  facet normal  2.884657e-002  6.536942e-003 -9.995624e-001
    outer loop
      vertex  7.216473e+002  5.777094e+003 -3.750529e+001
      vertex  7.412691e+002  5.416025e+003 -3.930034e+001
      vertex  7.182785e+002  5.416025e+003 -3.996383e+001
    endloop
  endfacet
  facet normal  2.648508e-002  6.559419e-003 -9.996276e-001
    outer loop
      vertex  7.216473e+002  5.777094e+003 -3.750529e+001
      vertex  7.182785e+002  5.416025e+003 -3.996383e+001
      vertex  6.997534e+002  5.777094e+003 -3.808537e+001
    endloop
  endfacet
  facet normal  2.498948e-002  6.482889e-003 -9.996668e-001
    outer loop
      vertex  6.997534e+002  5.777094e+003 -3.808537e+001
      vertex  7.182785e+002  5.416025e+003 -3.996383e+001
      vertex  6.952891e+002  5.416025e+003 -4.053851e+001
    endloop
  endfacet
  facet normal  2.284347e-002  6.509769e-003 -9.997178e-001
    outer loop
      vertex  6.997534e+002  5.777094e+003 -3.808537e+001
      vertex  6.952891e+002  5.416025e+003 -4.053851e+001
      vertex  6.778713e+002  5.777094e+003 -3.858537e+001
    endloop
  endfacet
  facet normal  2.134801e-002  6.437810e-003 -9.997513e-001
    outer loop
      vertex  6.778713e+002  5.777094e+003 -3.858537e+001
      vertex  6.952891e+002  5.416025e+003 -4.053851e+001
      vertex  6.723123e+002  5.416025e+003 -4.102914e+001
    endloop
  endfacet
  facet normal  1.962280e-002  6.464610e-003 -9.997865e-001
    outer loop
      vertex  6.778713e+002  5.777094e+003 -3.858537e+001
      vertex  6.723123e+002  5.416025e+003 -4.102914e+001
      vertex  6.559857e+002  5.777094e+003 -3.901492e+001
    endloop
  endfacet
  facet normal  1.812710e-002  6.397138e-003 -9.998153e-001
    outer loop
      vertex  6.559857e+002  5.777094e+003 -3.901492e+001
      vertex  6.723123e+002  5.416025e+003 -4.102914e+001
      vertex  6.493319e+002  5.416025e+003 -4.144579e+001
    endloop
  endfacet
  facet normal  1.671828e-002  6.423263e-003 -9.998395e-001
    outer loop
      vertex  6.559857e+002  5.777094e+003 -3.901492e+001
      vertex  6.493319e+002  5.416025e+003 -4.144579e+001
      vertex  6.340930e+002  5.777094e+003 -3.938099e+001
    endloop
  endfacet
  facet normal  1.522254e-002  6.360275e-003 -9.998639e-001
    outer loop
      vertex  6.340930e+002  5.777094e+003 -3.938099e+001
      vertex  6.493319e+002  5.416025e+003 -4.144579e+001
      vertex  6.263442e+002  5.416025e+003 -4.179577e+001
    endloop
  endfacet
  facet normal  1.361708e-002  6.394882e-003 -9.998868e-001
    outer loop
      vertex  6.340930e+002  5.777094e+003 -3.938099e+001
      vertex  6.263442e+002  5.416025e+003 -4.179577e+001
      vertex  6.121935e+002  5.777094e+003 -3.967923e+001
    endloop
  endfacet
  facet normal  1.212109e-002  6.336369e-003 -9.999065e-001
    outer loop
      vertex  6.121935e+002  5.777094e+003 -3.967923e+001
      vertex  6.263442e+002  5.416025e+003 -4.179577e+001
      vertex  6.033494e+002  5.416025e+003 -4.207452e+001
    endloop
  endfacet
  facet normal  9.400355e-003  6.403202e-003 -9.999353e-001
    outer loop
      vertex  6.121935e+002  5.777094e+003 -3.967923e+001
      vertex  6.033494e+002  5.416025e+003 -4.207452e+001
      vertex  5.903015e+002  5.777094e+003 -3.988504e+001
    endloop
  endfacet
  facet normal  7.904529e-003  6.349228e-003 -9.999486e-001
    outer loop
      vertex  5.903015e+002  5.777094e+003 -3.988504e+001
      vertex  6.033494e+002  5.416025e+003 -4.207452e+001
      vertex  5.803626e+002  5.416025e+003 -4.225623e+001
    endloop
  endfacet
  facet normal  4.940222e-003  6.430946e-003 -9.999672e-001
    outer loop
      vertex  5.903015e+002  5.777094e+003 -3.988504e+001
      vertex  5.803626e+002  5.416025e+003 -4.225623e+001
      vertex  5.793594e+002  5.777094e+003 -3.993909e+001
    endloop
  endfacet
  facet normal  3.444351e-003  6.426830e-003 -9.999734e-001
    outer loop
      vertex  5.793594e+002  5.777094e+003 -3.993909e+001
      vertex  5.803626e+002  5.416025e+003 -4.225623e+001
      vertex  5.688735e+002  5.416025e+003 -4.229580e+001
    endloop
  endfacet
  facet normal  1.091181e-003  6.495201e-003 -9.999784e-001
    outer loop
      vertex  5.793594e+002  5.777094e+003 -3.993909e+001
      vertex  5.688735e+002  5.416025e+003 -4.229580e+001
      vertex  5.684208e+002  5.777094e+003 -3.995103e+001
    endloop
  endfacet
  facet normal -4.048608e-004  6.493329e-003 -9.999788e-001
    outer loop
      vertex  5.684208e+002  5.777094e+003 -3.995103e+001
      vertex  5.688735e+002  5.416025e+003 -4.229580e+001
      vertex  5.573880e+002  5.416025e+003 -4.229115e+001
    endloop
  endfacet
  facet normal -3.436582e-003  6.585925e-003 -9.999725e-001
    outer loop
      vertex  5.684208e+002  5.777094e+003 -3.995103e+001
      vertex  5.573880e+002  5.416025e+003 -4.229115e+001
      vertex  5.574863e+002  5.777094e+003 -3.991345e+001
    endloop
  endfacet
  facet normal -4.932863e-003  6.586290e-003 -9.999660e-001
    outer loop
      vertex  5.574863e+002  5.777094e+003 -3.991345e+001
      vertex  5.573880e+002  5.416025e+003 -4.229115e+001
      vertex  5.459069e+002  5.416025e+003 -4.223451e+001
    endloop
  endfacet
  facet normal -8.605961e-003  6.703922e-003 -9.999405e-001
    outer loop
      vertex  5.574863e+002  5.777094e+003 -3.991345e+001
      vertex  5.459069e+002  5.416025e+003 -4.223451e+001
      vertex  5.465499e+002  5.777094e+003 -3.981933e+001
    endloop
  endfacet
  facet normal -1.010166e-002  6.706492e-003 -9.999265e-001
    outer loop
      vertex  5.465499e+002  5.777094e+003 -3.981933e+001
      vertex  5.459069e+002  5.416025e+003 -4.223451e+001
      vertex  5.344240e+002  5.416025e+003 -4.211851e+001
    endloop
  endfacet
  facet normal -1.437491e-002  6.849663e-003 -9.998732e-001
    outer loop
      vertex  5.465499e+002  5.777094e+003 -3.981933e+001
      vertex  5.344240e+002  5.416025e+003 -4.211851e+001
      vertex  5.356078e+002  5.777094e+003 -3.966202e+001
    endloop
  endfacet
  facet normal -1.587066e-002  6.854414e-003 -9.998506e-001
    outer loop
      vertex  5.356078e+002  5.777094e+003 -3.966202e+001
      vertex  5.344240e+002  5.416025e+003 -4.211851e+001
      vertex  5.229352e+002  5.416025e+003 -4.193615e+001
    endloop
  endfacet
  facet normal -2.071642e-002  7.023923e-003 -9.997607e-001
    outer loop
      vertex  5.356078e+002  5.777094e+003 -3.966202e+001
      vertex  5.229352e+002  5.416025e+003 -4.193615e+001
      vertex  5.246590e+002  5.777094e+003 -3.943514e+001
    endloop
  endfacet
  facet normal -2.221203e-002  7.030840e-003 -9.997286e-001
    outer loop
      vertex  5.246590e+002  5.777094e+003 -3.943514e+001
      vertex  5.229352e+002  5.416025e+003 -4.193615e+001
      vertex  5.114393e+002  5.416025e+003 -4.168073e+001
    endloop
  endfacet
  facet normal -2.763040e-002  7.228373e-003 -9.995921e-001
    outer loop
      vertex  5.246590e+002  5.777094e+003 -3.943514e+001
      vertex  5.114393e+002  5.416025e+003 -4.168073e+001
      vertex  5.137033e+002  5.777094e+003 -3.913231e+001
    endloop
  endfacet
  facet normal -2.912588e-002  7.237450e-003 -9.995496e-001
    outer loop
      vertex  5.137033e+002  5.777094e+003 -3.913231e+001
      vertex  5.114393e+002  5.416025e+003 -4.168073e+001
      vertex  4.999364e+002  5.416025e+003 -4.134555e+001
    endloop
  endfacet
  facet normal -3.516893e-002  7.466659e-003 -9.993535e-001
    outer loop
      vertex  5.137033e+002  5.777094e+003 -3.913231e+001
      vertex  4.999364e+002  5.416025e+003 -4.134555e+001
      vertex  5.027543e+002  5.777094e+003 -3.874699e+001
    endloop
  endfacet
  facet normal -3.666380e-002  7.477937e-003 -9.992996e-001
    outer loop
      vertex  5.027543e+002  5.777094e+003 -3.874699e+001
      vertex  4.999364e+002  5.416025e+003 -4.134555e+001
      vertex  4.884406e+002  5.416025e+003 -4.092377e+001
    endloop
  endfacet
  facet normal -4.348472e-002  7.746675e-003 -9.990240e-001
    outer loop
      vertex  5.027543e+002  5.777094e+003 -3.874699e+001
      vertex  4.884406e+002  5.416025e+003 -4.092377e+001
      vertex  4.918227e+002  5.777094e+003 -3.827117e+001
    endloop
  endfacet
  facet normal -4.497920e-002  7.760187e-003 -9.989578e-001
    outer loop
      vertex  4.918227e+002  5.777094e+003 -3.827117e+001
      vertex  4.884406e+002  5.416025e+003 -4.092377e+001
      vertex  4.769632e+002  5.416025e+003 -4.040699e+001
    endloop
  endfacet
  facet normal -5.283815e-002  8.081323e-003 -9.985703e-001
    outer loop
      vertex  4.918227e+002  5.777094e+003 -3.827117e+001
      vertex  4.769632e+002  5.416025e+003 -4.040699e+001
      vertex  4.809140e+002  5.777094e+003 -3.769395e+001
    endloop
  endfacet
  facet normal -5.433185e-002  8.097065e-003 -9.984901e-001
    outer loop
      vertex  4.809140e+002  5.777094e+003 -3.769395e+001
      vertex  4.769632e+002  5.416025e+003 -4.040699e+001
      vertex  4.655102e+002  5.416025e+003 -3.978378e+001
    endloop
  endfacet
  facet normal -6.357130e-002  8.488060e-003 -9.979412e-001
    outer loop
      vertex  4.809140e+002  5.777094e+003 -3.769395e+001
      vertex  4.655102e+002  5.416025e+003 -3.978378e+001
      vertex  4.699993e+002  5.777094e+003 -3.699866e+001
    endloop
  endfacet
  facet normal -6.506438e-002  8.505881e-003 -9.978449e-001
    outer loop
      vertex  4.699993e+002  5.777094e+003 -3.699866e+001
      vertex  4.655102e+002  5.416025e+003 -3.978378e+001
      vertex  4.540508e+002  5.416025e+003 -3.903658e+001
    endloop
  endfacet
  facet normal -7.593958e-002  8.981876e-003 -9.970719e-001
    outer loop
      vertex  4.699993e+002  5.777094e+003 -3.699866e+001
      vertex  4.540508e+002  5.416025e+003 -3.903658e+001
      vertex  4.590827e+002  5.777094e+003 -3.616722e+001
    endloop
  endfacet
  facet normal -7.743105e-002  9.001750e-003 -9.969571e-001
    outer loop
      vertex  4.590827e+002  5.777094e+003 -3.616722e+001
      vertex  4.540508e+002  5.416025e+003 -3.903658e+001
      vertex  4.425898e+002  5.416025e+003 -3.814643e+001
    endloop
  endfacet
  facet normal -8.982488e-002  9.562143e-003 -9.959117e-001
    outer loop
      vertex  4.590827e+002  5.777094e+003 -3.616722e+001
      vertex  4.425898e+002  5.416025e+003 -3.814643e+001
      vertex  4.481469e+002  5.777094e+003 -3.518089e+001
    endloop
  endfacet
  facet normal -9.131441e-002  9.583953e-003 -9.957760e-001
    outer loop
      vertex  4.481469e+002  5.777094e+003 -3.518089e+001
      vertex  4.425898e+002  5.416025e+003 -3.814643e+001
      vertex  4.311089e+002  5.416025e+003 -3.709361e+001
    endloop
  endfacet
  facet normal -1.162540e-001  1.071668e-002 -9.931617e-001
    outer loop
      vertex  4.371956e+002  5.777094e+003 -3.402730e+001
      vertex  4.196120e+002  5.416025e+003 -3.586515e+001
      vertex  4.317027e+002  5.777094e+003 -3.338433e+001
    endloop
  endfacet
  facet normal -1.177396e-001  1.076522e-002 -9.929861e-001
    outer loop
      vertex  4.317027e+002  5.777094e+003 -3.338433e+001
      vertex  4.196120e+002  5.416025e+003 -3.586515e+001
      vertex  4.138455e+002  5.416025e+003 -3.518141e+001
    endloop
  endfacet
  facet normal -1.240673e-001  1.107431e-002 -9.922119e-001
    outer loop
      vertex  4.317027e+002  5.777094e+003 -3.338433e+001
      vertex  4.138455e+002  5.416025e+003 -3.518141e+001
      vertex  4.262258e+002  5.777094e+003 -3.269949e+001
    endloop
  endfacet
  facet normal -1.255511e-001  1.112390e-002 -9.920248e-001
    outer loop
      vertex  4.262258e+002  5.777094e+003 -3.269949e+001
      vertex  4.138455e+002  5.416025e+003 -3.518141e+001
      vertex  4.080958e+002  5.416025e+003 -3.445373e+001
    endloop
  endfacet
  facet normal -1.325457e-001  1.147068e-002 -9.911105e-001
    outer loop
      vertex  4.262258e+002  5.777094e+003 -3.269949e+001
      vertex  4.080958e+002  5.416025e+003 -3.445373e+001
      vertex  4.207738e+002  5.777094e+003 -3.197037e+001
    endloop
  endfacet
  facet normal -1.340288e-001  1.152137e-002 -9.909105e-001
    outer loop
      vertex  4.207738e+002  5.777094e+003 -3.197037e+001
      vertex  4.080958e+002  5.416025e+003 -3.445373e+001
      vertex  4.023724e+002  5.416025e+003 -3.367959e+001
    endloop
  endfacet
  facet normal -1.428611e-001  1.196563e-002 -9.896703e-001
    outer loop
      vertex  4.207738e+002  5.777094e+003 -3.197037e+001
      vertex  4.023724e+002  5.416025e+003 -3.367959e+001
      vertex  4.153503e+002  5.777094e+003 -3.118748e+001
    endloop
  endfacet
  facet normal -1.443409e-001  1.201733e-002 -9.894550e-001
    outer loop
      vertex  4.153503e+002  5.777094e+003 -3.118748e+001
      vertex  4.023724e+002  5.416025e+003 -3.367959e+001
      vertex  3.966790e+002  5.416025e+003 -3.284904e+001
    endloop
  endfacet
  facet normal -1.568197e-001  1.265384e-002 -9.875462e-001
    outer loop
      vertex  4.153503e+002  5.777094e+003 -3.118748e+001
      vertex  3.966790e+002  5.416025e+003 -3.284904e+001
      vertex  4.098990e+002  5.777094e+003 -3.032182e+001
    endloop
  endfacet
  facet normal -1.582970e-001  1.270628e-002 -9.873098e-001
    outer loop
      vertex  4.098990e+002  5.777094e+003 -3.032182e+001
      vertex  3.966790e+002  5.416025e+003 -3.284904e+001
      vertex  3.909565e+002  5.416025e+003 -3.193155e+001
    endloop
  endfacet
  facet normal -1.760870e-001  1.362607e-002 -9.842802e-001
    outer loop
      vertex  4.098990e+002  5.777094e+003 -3.032182e+001
      vertex  3.909565e+002  5.416025e+003 -3.193155e+001
      vertex  4.044535e+002  5.777094e+003 -2.934763e+001
    endloop
  endfacet
  facet normal -1.775590e-001  1.367920e-002 -9.840151e-001
    outer loop
      vertex  4.044535e+002  5.777094e+003 -2.934763e+001
      vertex  3.909565e+002  5.416025e+003 -3.193155e+001
      vertex  3.852404e+002  5.416025e+003 -3.090011e+001
    endloop
  endfacet
  facet normal -2.005652e-001  1.488428e-002 -9.795673e-001
    outer loop
      vertex  4.044535e+002  5.777094e+003 -2.934763e+001
      vertex  3.852404e+002  5.416025e+003 -3.090011e+001
      vertex  3.989966e+002  5.777094e+003 -2.823032e+001
    endloop
  endfacet
  facet normal -2.020303e-001  1.493786e-002 -9.792654e-001
    outer loop
      vertex  3.989966e+002  5.777094e+003 -2.823032e+001
      vertex  3.852404e+002  5.416025e+003 -3.090011e+001
      vertex  3.795124e+002  5.416025e+003 -2.971837e+001
    endloop
  endfacet
  facet normal -2.282367e-001  1.632814e-002 -9.734688e-001
    outer loop
      vertex  3.989966e+002  5.777094e+003 -2.823032e+001
      vertex  3.795124e+002  5.416025e+003 -2.971837e+001
      vertex  3.935243e+002  5.777094e+003 -2.694731e+001
    endloop
  endfacet
  facet normal -2.296924e-001  1.638200e-002 -9.731254e-001
    outer loop
      vertex  3.935243e+002  5.777094e+003 -2.694731e+001
      vertex  3.795124e+002  5.416025e+003 -2.971837e+001
      vertex  3.737686e+002  5.416025e+003 -2.836263e+001
    endloop
  endfacet
  facet normal -2.507969e-001  1.751617e-002 -9.678813e-001
    outer loop
      vertex  3.935243e+002  5.777094e+003 -2.694731e+001
      vertex  3.737686e+002  5.416025e+003 -2.836263e+001
      vertex  3.708214e+002  5.416025e+003 -2.759896e+001
    endloop
  endfacet
  facet normal -2.561194e-001  1.784830e-002 -9.664804e-001
    outer loop
      vertex  3.935243e+002  5.777094e+003 -2.694731e+001
      vertex  3.708214e+002  5.416025e+003 -2.759896e+001
      vertex  3.879170e+002  5.777094e+003 -2.546137e+001
    endloop
  endfacet
  facet normal -2.643164e-001  1.822328e-002 -9.642639e-001
    outer loop
      vertex  3.879170e+002  5.777094e+003 -2.546137e+001
      vertex  3.708214e+002  5.416025e+003 -2.759896e+001
      vertex  3.678833e+002  5.416025e+003 -2.679358e+001
    endloop
  endfacet
  facet normal -2.817526e-001  1.917239e-002 -9.592955e-001
    outer loop
      vertex  3.879170e+002  5.777094e+003 -2.546137e+001
      vertex  3.678833e+002  5.416025e+003 -2.679358e+001
      vertex  3.823781e+002  5.777094e+003 -2.383455e+001
    endloop
  endfacet
  facet normal -2.831866e-001  1.922649e-002 -9.588721e-001
    outer loop
      vertex  3.823781e+002  5.777094e+003 -2.383455e+001
      vertex  3.678833e+002  5.416025e+003 -2.679358e+001
      vertex  3.620700e+002  5.416025e+003 -2.507674e+001
    endloop
  endfacet
  facet normal -3.011430e-001  2.021749e-002 -9.533647e-001
    outer loop
      vertex  3.823781e+002  5.777094e+003 -2.383455e+001
      vertex  3.620700e+002  5.416025e+003 -2.507674e+001
      vertex  3.794452e+002  5.777094e+003 -2.290812e+001
    endloop
  endfacet
  facet normal -3.023914e-001  2.027518e-002 -9.529682e-001
    outer loop
      vertex  3.794452e+002  5.777094e+003 -2.290812e+001
      vertex  3.620700e+002  5.416025e+003 -2.507674e+001
      vertex  3.590656e+002  5.416025e+003 -2.412338e+001
    endloop
  endfacet
  facet normal -3.167470e-001  2.106966e-002 -9.482760e-001
    outer loop
      vertex  3.794452e+002  5.777094e+003 -2.290812e+001
      vertex  3.590656e+002  5.416025e+003 -2.412338e+001
      vertex  3.765590e+002  5.777094e+003 -2.194407e+001
    endloop
  endfacet
  facet normal -3.175404e-001  2.110649e-002 -9.480098e-001
    outer loop
      vertex  3.765590e+002  5.777094e+003 -2.194407e+001
      vertex  3.590656e+002  5.416025e+003 -2.412338e+001
      vertex  3.561078e+002  5.416025e+003 -2.313266e+001
    endloop
  endfacet
  facet normal -3.345994e-001  2.205328e-002 -9.421024e-001
    outer loop
      vertex  3.765590e+002  5.777094e+003 -2.194407e+001
      vertex  3.561078e+002  5.416025e+003 -2.313266e+001
      vertex  3.741291e+002  5.777094e+003 -2.108104e+001
    endloop
  endfacet
  facet normal -3.352377e-001  2.208385e-002 -9.418747e-001
    outer loop
      vertex  3.741291e+002  5.777094e+003 -2.108104e+001
      vertex  3.561078e+002  5.416025e+003 -2.313266e+001
      vertex  3.534843e+002  5.416025e+003 -2.219888e+001
    endloop
  endfacet
  facet normal -3.556695e-001  2.322870e-002 -9.343231e-001
    outer loop
      vertex  3.741291e+002  5.777094e+003 -2.108104e+001
      vertex  3.534843e+002  5.416025e+003 -2.219888e+001
      vertex  3.717333e+002  5.777094e+003 -2.016903e+001
    endloop
  endfacet
  facet normal -3.567449e-001  2.328074e-002 -9.339117e-001
    outer loop
      vertex  3.717333e+002  5.777094e+003 -2.016903e+001
      vertex  3.534843e+002  5.416025e+003 -2.219888e+001
      vertex  3.508988e+002  5.416025e+003 -2.121126e+001
    endloop
  endfacet
  facet normal -3.851728e-001  2.488818e-002 -9.225088e-001
    outer loop
      vertex  3.717333e+002  5.777094e+003 -2.016903e+001
      vertex  3.508988e+002  5.416025e+003 -2.121126e+001
      vertex  3.689867e+002  5.777094e+003 -1.902227e+001
    endloop
  endfacet
  facet normal -3.865527e-001  2.495380e-002 -9.219297e-001
    outer loop
      vertex  3.689867e+002  5.777094e+003 -1.902227e+001
      vertex  3.508988e+002  5.416025e+003 -2.121126e+001
      vertex  3.480168e+002  5.416025e+003 -2.000286e+001
    endloop
  endfacet
  facet normal -4.256347e-001  2.717621e-002 -9.044869e-001
    outer loop
      vertex  3.689867e+002  5.777094e+003 -1.902227e+001
      vertex  3.480168e+002  5.416025e+003 -2.000286e+001
      vertex  3.662628e+002  5.777094e+003 -1.774043e+001
    endloop
  endfacet
  facet normal -4.156569e-001  2.670109e-002 -9.091294e-001
    outer loop
      vertex  3.662628e+002  5.777094e+003 -1.774043e+001
      vertex  3.480168e+002  5.416025e+003 -2.000286e+001
      vertex  3.465856e+002  5.416025e+003 -1.934853e+001
    endloop
  endfacet
  facet normal -4.381501e-001  2.787942e-002 -8.984694e-001
    outer loop
      vertex  3.662628e+002  5.777094e+003 -1.774043e+001
      vertex  3.465856e+002  5.416025e+003 -1.934853e+001
      vertex  3.451586e+002  5.416025e+003 -1.865265e+001
    endloop
  endfacet
  facet normal -4.617451e-001  2.922837e-002 -8.865310e-001
    outer loop
      vertex  3.662628e+002  5.777094e+003 -1.774043e+001
      vertex  3.451586e+002  5.416025e+003 -1.865265e+001
      vertex  3.648744e+002  5.777094e+003 -1.701730e+001
    endloop
  endfacet
  facet normal -4.671535e-001  2.951079e-002 -8.836836e-001
    outer loop
      vertex  3.648744e+002  5.777094e+003 -1.701730e+001
      vertex  3.451586e+002  5.416025e+003 -1.865265e+001
      vertex  3.432612e+002  5.416025e+003 -1.764960e+001
    endloop
  endfacet
  facet normal -4.889491e-001  3.079459e-002 -8.717685e-001
    outer loop
      vertex  3.648744e+002  5.777094e+003 -1.701730e+001
      vertex  3.432612e+002  5.416025e+003 -1.764960e+001
      vertex  3.634898e+002  5.777094e+003 -1.624073e+001
    endloop
  endfacet
  facet normal -5.033046e-001  3.156671e-002 -8.635322e-001
    outer loop
      vertex  3.634898e+002  5.777094e+003 -1.624073e+001
      vertex  3.432612e+002  5.416025e+003 -1.764960e+001
      vertex  3.413719e+002  5.416025e+003 -1.654841e+001
    endloop
  endfacet
  facet normal -5.172658e-001  3.241483e-002 -8.552107e-001
    outer loop
      vertex  3.634898e+002  5.777094e+003 -1.624073e+001
      vertex  3.413719e+002  5.416025e+003 -1.654841e+001
      vertex  3.621739e+002  5.777094e+003 -1.544479e+001
    endloop
  endfacet
  facet normal -5.465129e-001  3.404343e-002 -8.367584e-001
    outer loop
      vertex  3.621739e+002  5.777094e+003 -1.544479e+001
      vertex  3.413719e+002  5.416025e+003 -1.654841e+001
      vertex  3.608680e+002  5.777094e+003 -1.459186e+001
    endloop
  endfacet
  facet normal -5.424235e-001  3.383706e-002 -8.394234e-001
    outer loop
      vertex  3.608680e+002  5.777094e+003 -1.459186e+001
      vertex  3.413719e+002  5.416025e+003 -1.654841e+001
      vertex  3.394991e+002  5.416025e+003 -1.533821e+001
    endloop
  endfacet
  facet normal -5.857307e-001  3.633862e-002 -8.096908e-001
    outer loop
      vertex  3.608680e+002  5.777094e+003 -1.459186e+001
      vertex  3.394991e+002  5.416025e+003 -1.533821e+001
      vertex  3.589196e+002  5.777094e+003 -1.318239e+001
    endloop
  endfacet
  facet normal -5.869413e-001  3.639849e-002 -8.088108e-001
    outer loop
      vertex  3.589196e+002  5.777094e+003 -1.318239e+001
      vertex  3.394991e+002  5.416025e+003 -1.533821e+001
      vertex  3.374555e+002  5.416025e+003 -1.385522e+001
    endloop
  endfacet
  facet normal -6.231588e-001  3.849992e-002 -7.811472e-001
    outer loop
      vertex  3.589196e+002  5.777094e+003 -1.318239e+001
      vertex  3.374555e+002  5.416025e+003 -1.385522e+001
      vertex  3.579706e+002  5.777094e+003 -1.242535e+001
    endloop
  endfacet
  facet normal -6.243201e-001  3.856222e-002 -7.802162e-001
    outer loop
      vertex  3.579706e+002  5.777094e+003 -1.242535e+001
      vertex  3.374555e+002  5.416025e+003 -1.385522e+001
      vertex  3.364602e+002  5.416025e+003 -1.305884e+001
    endloop
  endfacet
  facet normal -6.496691e-001  4.003543e-002 -7.591621e-001
    outer loop
      vertex  3.579706e+002  5.777094e+003 -1.242535e+001
      vertex  3.364602e+002  5.416025e+003 -1.305884e+001
      vertex  3.570456e+002  5.777094e+003 -1.163375e+001
    endloop
  endfacet
  facet normal -6.508088e-001  4.009653e-002 -7.581822e-001
    outer loop
      vertex  3.570456e+002  5.777094e+003 -1.163375e+001
      vertex  3.364602e+002  5.416025e+003 -1.305884e+001
      vertex  3.354902e+002  5.416025e+003 -1.222621e+001
    endloop
  endfacet
  facet normal -6.821552e-001  4.192164e-002 -7.300047e-001
    outer loop
      vertex  3.570456e+002  5.777094e+003 -1.163375e+001
      vertex  3.354902e+002  5.416025e+003 -1.222621e+001
      vertex  3.558599e+002  5.777094e+003 -1.052582e+001
    endloop
  endfacet
  facet normal -6.832469e-001  4.197840e-002 -7.289798e-001
    outer loop
      vertex  3.558599e+002  5.777094e+003 -1.052582e+001
      vertex  3.354902e+002  5.416025e+003 -1.222621e+001
      vertex  3.342471e+002  5.416025e+003 -1.106103e+001
    endloop
  endfacet
  facet normal -7.212499e-001  4.419728e-002 -6.912634e-001
    outer loop
      vertex  3.558599e+002  5.777094e+003 -1.052582e+001
      vertex  3.342471e+002  5.416025e+003 -1.106103e+001
      vertex  3.547430e+002  5.777094e+003 -9.360491e+000
    endloop
  endfacet
  facet normal -7.222779e-001  4.425056e-002 -6.901858e-001
    outer loop
      vertex  3.547430e+002  5.777094e+003 -9.360491e+000
      vertex  3.342471e+002  5.416025e+003 -1.106103e+001
      vertex  3.330762e+002  5.416025e+003 -9.835690e+000
    endloop
  endfacet
  facet normal -7.623497e-001  4.659634e-002 -6.454858e-001
    outer loop
      vertex  3.547430e+002  5.777094e+003 -9.360491e+000
      vertex  3.330762e+002  5.416025e+003 -9.835690e+000
      vertex  3.537109e+002  5.777094e+003 -8.141454e+000
    endloop
  endfacet
  facet normal -7.633135e-001  4.664606e-002 -6.443420e-001
    outer loop
      vertex  3.537109e+002  5.777094e+003 -8.141454e+000
      vertex  3.330762e+002  5.416025e+003 -9.835690e+000
      vertex  3.319943e+002  5.416025e+003 -8.554089e+000
    endloop
  endfacet
  facet normal -7.970091e-001  4.862431e-002 -6.020068e-001
    outer loop
      vertex  3.537109e+002  5.777094e+003 -8.141454e+000
      vertex  3.319943e+002  5.416025e+003 -8.554089e+000
      vertex  3.531086e+002  5.777094e+003 -7.344023e+000
    endloop
  endfacet
  facet normal -7.975860e-001  4.865547e-002 -6.012399e-001
    outer loop
      vertex  3.531086e+002  5.777094e+003 -7.344023e+000
      vertex  3.319943e+002  5.416025e+003 -8.554089e+000
      vertex  3.313778e+002  5.416025e+003 -7.736278e+000
    endloop
  endfacet
  facet normal -8.244063e-001  5.022893e-002 -5.637653e-001
    outer loop
      vertex  3.531086e+002  5.777094e+003 -7.344023e+000
      vertex  3.313778e+002  5.416025e+003 -7.736278e+000
      vertex  3.525507e+002  5.777094e+003 -6.528205e+000
    endloop
  endfacet
  facet normal -8.242518e-001  5.022062e-002 -5.639920e-001
    outer loop
      vertex  3.525507e+002  5.777094e+003 -6.528205e+000
      vertex  3.313778e+002  5.416025e+003 -7.736278e+000
      vertex  3.308057e+002  5.416025e+003 -6.900113e+000
    endloop
  endfacet
  facet normal -9.048277e-001  5.496054e-002 -4.222159e-001
    outer loop
      vertex  3.516744e+002  5.777094e+003 -5.025534e+000
      vertex  3.298610e+002  5.416025e+003 -5.279200e+000
      vertex  3.511025e+002  5.777094e+003 -3.799993e+000
    endloop
  endfacet
  facet normal -9.054543e-001  5.499187e-002 -4.208661e-001
    outer loop
      vertex  3.511025e+002  5.777094e+003 -3.799993e+000
      vertex  3.298610e+002  5.416025e+003 -5.279200e+000
      vertex  3.292624e+002  5.416025e+003 -3.991494e+000
    endloop
  endfacet
  facet normal -9.386124e-001  5.695476e-002 -3.402393e-001
    outer loop
      vertex  3.511025e+002  5.777094e+003 -3.799993e+000
      vertex  3.292624e+002  5.416025e+003 -3.991494e+000
      vertex  3.506496e+002  5.777094e+003 -2.550554e+000
    endloop
  endfacet
  facet normal -9.391164e-001  5.697903e-002 -3.388417e-001
    outer loop
      vertex  3.506496e+002  5.777094e+003 -2.550554e+000
      vertex  3.292624e+002  5.416025e+003 -3.991494e+000
      vertex  3.287888e+002  5.416025e+003 -2.678882e+000
    endloop
  endfacet
  facet normal -9.666890e-001  5.861654e-002 -2.491515e-001
    outer loop
      vertex  3.506496e+002  5.777094e+003 -2.550554e+000
      vertex  3.287888e+002  5.416025e+003 -2.678882e+000
      vertex  3.503227e+002  5.777094e+003 -1.282190e+000
    endloop
  endfacet
  facet normal -9.670610e-001  5.863311e-002 -2.477001e-001
    outer loop
      vertex  3.503227e+002  5.777094e+003 -1.282190e+000
      vertex  3.287888e+002  5.416025e+003 -2.678882e+000
      vertex  3.284476e+002  5.416025e+003 -1.346597e+000
    endloop
  endfacet
  facet normal  5.643769e-002  8.947511e-003 -9.983660e-001
    outer loop
      vertex  1.182671e+003  6.138162e+003 -1.238921e+001
      vertex  1.203423e+003  5.777094e+003 -1.445204e+001
      vertex  1.141062e+003  6.138162e+003 -1.474139e+001
    endloop
  endfacet
  facet normal  5.478713e-002  8.662362e-003 -9.984605e-001
    outer loop
      vertex  1.141062e+003  6.138162e+003 -1.474139e+001
      vertex  1.203423e+003  5.777094e+003 -1.445204e+001
      vertex  1.159620e+003  5.777094e+003 -1.685558e+001
    endloop
  endfacet
  facet normal  5.586044e-002  8.717177e-003 -9.984006e-001
    outer loop
      vertex  1.141062e+003  6.138162e+003 -1.474139e+001
      vertex  1.159620e+003  5.777094e+003 -1.685558e+001
      vertex  1.078650e+003  6.138162e+003 -1.823334e+001
    endloop
  endfacet
  facet normal  5.420973e-002  8.346641e-003 -9.984947e-001
    outer loop
      vertex  1.078650e+003  6.138162e+003 -1.823334e+001
      vertex  1.159620e+003  5.777094e+003 -1.685558e+001
      vertex  1.093918e+003  5.777094e+003 -2.042265e+001
    endloop
  endfacet
  facet normal  5.545225e-002  8.398768e-003 -9.984260e-001
    outer loop
      vertex  1.078650e+003  6.138162e+003 -1.823334e+001
      vertex  1.093918e+003  5.777094e+003 -2.042265e+001
      vertex  1.037041e+003  6.138162e+003 -2.054427e+001
    endloop
  endfacet
  facet normal  5.380142e-002  8.138691e-003 -9.985184e-001
    outer loop
      vertex  1.037041e+003  6.138162e+003 -2.054427e+001
      vertex  1.093918e+003  5.777094e+003 -2.042265e+001
      vertex  1.050116e+003  5.777094e+003 -2.278276e+001
    endloop
  endfacet
  facet normal  5.285472e-002  8.104724e-003 -9.985693e-001
    outer loop
      vertex  1.037041e+003  6.138162e+003 -2.054427e+001
      vertex  1.050116e+003  5.777094e+003 -2.278276e+001
      vertex  9.954377e+002  6.138162e+003 -2.274636e+001
    endloop
  endfacet
  facet normal  5.120374e-002  7.854718e-003 -9.986573e-001
    outer loop
      vertex  9.954377e+002  6.138162e+003 -2.274636e+001
      vertex  1.050116e+003  5.777094e+003 -2.278276e+001
      vertex  1.006320e+003  5.777094e+003 -2.502831e+001
    endloop
  endfacet
  facet normal  5.065214e-002  7.838272e-003 -9.986856e-001
    outer loop
      vertex  9.954377e+002  6.138162e+003 -2.274636e+001
      vertex  1.006320e+003  5.777094e+003 -2.502831e+001
      vertex  9.538287e+002  6.138162e+003 -2.485672e+001
    endloop
  endfacet
  facet normal  4.900089e-002  7.598259e-003 -9.987699e-001
    outer loop
      vertex  9.538287e+002  6.138162e+003 -2.485672e+001
      vertex  1.006320e+003  5.777094e+003 -2.502831e+001
      vertex  9.625176e+002  5.777094e+003 -2.717730e+001
    endloop
  endfacet
  facet normal  4.998208e-002  7.621557e-003 -9.987210e-001
    outer loop
      vertex  9.538287e+002  6.138162e+003 -2.485672e+001
      vertex  9.625176e+002  5.777094e+003 -2.717730e+001
      vertex  9.122231e+002  6.138162e+003 -2.693892e+001
    endloop
  endfacet
  facet normal  4.833071e-002  7.391586e-003 -9.988040e-001
    outer loop
      vertex  9.122231e+002  6.138162e+003 -2.693892e+001
      vertex  9.625176e+002  5.777094e+003 -2.717730e+001
      vertex  9.187191e+002  5.777094e+003 -2.929665e+001
    endloop
  endfacet
  facet normal  4.954630e-002  7.413066e-003 -9.987444e-001
    outer loop
      vertex  9.122231e+002  6.138162e+003 -2.693892e+001
      vertex  9.187191e+002  5.777094e+003 -2.929665e+001
      vertex  8.706183e+002  6.138162e+003 -2.900287e+001
    endloop
  endfacet
  facet normal  4.789496e-002  7.193144e-003 -9.988264e-001
    outer loop
      vertex  8.706183e+002  6.138162e+003 -2.900287e+001
      vertex  9.187191e+002  5.777094e+003 -2.929665e+001
      vertex  8.749214e+002  5.777094e+003 -3.139680e+001
    endloop
  endfacet
  facet normal  4.777743e-002  7.191782e-003 -9.988322e-001
    outer loop
      vertex  8.706183e+002  6.138162e+003 -2.900287e+001
      vertex  8.749214e+002  5.777094e+003 -3.139680e+001
      vertex  8.290209e+002  6.138162e+003 -3.099261e+001
    endloop
  endfacet
  facet normal  4.612596e-002  6.981928e-003 -9.989112e-001
    outer loop
      vertex  8.290209e+002  6.138162e+003 -3.099261e+001
      vertex  8.749214e+002  5.777094e+003 -3.139680e+001
      vertex  8.311318e+002  5.777094e+003 -3.341884e+001
    endloop
  endfacet
  facet normal  4.508597e-002  6.976167e-003 -9.989587e-001
    outer loop
      vertex  8.290209e+002  6.138162e+003 -3.099261e+001
      vertex  8.311318e+002  5.777094e+003 -3.341884e+001
      vertex  8.082184e+002  6.138162e+003 -3.193149e+001
    endloop
  endfacet
  facet normal  4.343398e-002  6.871636e-003 -9.990327e-001
    outer loop
      vertex  8.082184e+002  6.138162e+003 -3.193149e+001
      vertex  8.311318e+002  5.777094e+003 -3.341884e+001
      vertex  8.092330e+002  5.777094e+003 -3.437091e+001
    endloop
  endfacet
  facet normal  4.249293e-002  6.869265e-003 -9.990731e-001
    outer loop
      vertex  8.082184e+002  6.138162e+003 -3.193149e+001
      vertex  8.092330e+002  5.777094e+003 -3.437091e+001
      vertex  7.874120e+002  6.138162e+003 -3.281644e+001
    endloop
  endfacet
  facet normal  4.084098e-002  6.769730e-003 -9.991427e-001
    outer loop
      vertex  7.874120e+002  6.138162e+003 -3.281644e+001
      vertex  8.092330e+002  5.777094e+003 -3.437091e+001
      vertex  7.873302e+002  5.777094e+003 -3.526621e+001
    endloop
  endfacet
  facet normal  3.936096e-002  6.770468e-003 -9.992021e-001
    outer loop
      vertex  7.874120e+002  6.138162e+003 -3.281644e+001
      vertex  7.873302e+002  5.777094e+003 -3.526621e+001
      vertex  7.666149e+002  6.138162e+003 -3.363568e+001
    endloop
  endfacet
  facet normal  3.770880e-002  6.675971e-003 -9.992665e-001
    outer loop
      vertex  7.666149e+002  6.138162e+003 -3.363568e+001
      vertex  7.873302e+002  5.777094e+003 -3.526621e+001
      vertex  7.654373e+002  5.777094e+003 -3.609237e+001
    endloop
  endfacet
  facet normal  3.580668e-002  6.682649e-003 -9.993364e-001
    outer loop
      vertex  7.666149e+002  6.138162e+003 -3.363568e+001
      vertex  7.654373e+002  5.777094e+003 -3.609237e+001
      vertex  7.458156e+002  6.138162e+003 -3.438093e+001
    endloop
  endfacet
  facet normal  3.415433e-002  6.593132e-003 -9.993948e-001
    outer loop
      vertex  7.458156e+002  6.138162e+003 -3.438093e+001
      vertex  7.654373e+002  5.777094e+003 -3.609237e+001
      vertex  7.435424e+002  5.777094e+003 -3.684063e+001
    endloop
  endfacet
  facet normal  3.199450e-002  6.607217e-003 -9.994662e-001
    outer loop
      vertex  7.458156e+002  6.138162e+003 -3.438093e+001
      vertex  7.435424e+002  5.777094e+003 -3.684063e+001
      vertex  7.250162e+002  6.138162e+003 -3.504675e+001
    endloop
  endfacet
  facet normal  3.034194e-002  6.522684e-003 -9.995182e-001
    outer loop
      vertex  7.250162e+002  6.138162e+003 -3.504675e+001
      vertex  7.435424e+002  5.777094e+003 -3.684063e+001
      vertex  7.216473e+002  5.777094e+003 -3.750529e+001
    endloop
  endfacet
  facet normal  2.813777e-002  6.543688e-003 -9.995826e-001
    outer loop
      vertex  7.250162e+002  6.138162e+003 -3.504675e+001
      vertex  7.216473e+002  5.777094e+003 -3.750529e+001
      vertex  7.042177e+002  6.138162e+003 -3.563222e+001
    endloop
  endfacet
  facet normal  2.648509e-002  6.464146e-003 -9.996282e-001
    outer loop
      vertex  7.042177e+002  6.138162e+003 -3.563222e+001
      vertex  7.216473e+002  5.777094e+003 -3.750529e+001
      vertex  6.997534e+002  5.777094e+003 -3.808537e+001
    endloop
  endfacet
  facet normal  2.449665e-002  6.489075e-003 -9.996789e-001
    outer loop
      vertex  7.042177e+002  6.138162e+003 -3.563222e+001
      vertex  6.997534e+002  5.777094e+003 -3.808537e+001
      vertex  6.834304e+002  6.138162e+003 -3.614161e+001
    endloop
  endfacet
  facet normal  2.284349e-002  6.414553e-003 -9.997185e-001
    outer loop
      vertex  6.834304e+002  6.138162e+003 -3.614161e+001
      vertex  6.997534e+002  5.777094e+003 -3.808537e+001
      vertex  6.778713e+002  5.777094e+003 -3.858537e+001
    endloop
  endfacet
  facet normal  2.127576e-002  6.438923e-003 -9.997529e-001
    outer loop
      vertex  6.834304e+002  6.138162e+003 -3.614161e+001
      vertex  6.778713e+002  5.777094e+003 -3.858537e+001
      vertex  6.626395e+002  6.138162e+003 -3.658406e+001
    endloop
  endfacet
  facet normal  1.962282e-002  6.369382e-003 -9.997872e-001
    outer loop
      vertex  6.626395e+002  6.138162e+003 -3.658406e+001
      vertex  6.778713e+002  5.777094e+003 -3.858537e+001
      vertex  6.559857e+002  5.777094e+003 -3.901492e+001
    endloop
  endfacet
  facet normal  1.837149e-002  6.392601e-003 -9.998108e-001
    outer loop
      vertex  6.626395e+002  6.138162e+003 -3.658406e+001
      vertex  6.559857e+002  5.777094e+003 -3.901492e+001
      vertex  6.418418e+002  6.138162e+003 -3.696621e+001
    endloop
  endfacet
  facet normal  1.671829e-002  6.328009e-003 -9.998403e-001
    outer loop
      vertex  6.418418e+002  6.138162e+003 -3.696621e+001
      vertex  6.559857e+002  5.777094e+003 -3.901492e+001
      vertex  6.340930e+002  5.777094e+003 -3.938099e+001
    endloop
  endfacet
  facet normal  1.527012e-002  6.359241e-003 -9.998631e-001
    outer loop
      vertex  6.418418e+002  6.138162e+003 -3.696621e+001
      vertex  6.340930e+002  5.777094e+003 -3.938099e+001
      vertex  6.210376e+002  6.138162e+003 -3.728394e+001
    endloop
  endfacet
  facet normal  1.361709e-002  6.299612e-003 -9.998875e-001
    outer loop
      vertex  6.210376e+002  6.138162e+003 -3.728394e+001
      vertex  6.340930e+002  5.777094e+003 -3.938099e+001
      vertex  6.121935e+002  5.777094e+003 -3.967923e+001
    endloop
  endfacet
  facet normal  1.105380e-002  6.362604e-003 -9.999187e-001
    outer loop
      vertex  6.210376e+002  6.138162e+003 -3.728394e+001
      vertex  6.121935e+002  5.777094e+003 -3.967923e+001
      vertex  6.002403e+002  6.138162e+003 -3.751385e+001
    endloop
  endfacet
  facet normal  9.400361e-003  6.307970e-003 -9.999360e-001
    outer loop
      vertex  6.002403e+002  6.138162e+003 -3.751385e+001
      vertex  6.121935e+002  5.777094e+003 -3.967923e+001
      vertex  5.903015e+002  5.777094e+003 -3.988504e+001
    endloop
  endfacet
  facet normal  6.593909e-003  6.385366e-003 -9.999579e-001
    outer loop
      vertex  6.002403e+002  6.138162e+003 -3.751385e+001
      vertex  5.903015e+002  5.777094e+003 -3.988504e+001
      vertex  5.898453e+002  6.138162e+003 -3.758239e+001
    endloop
  endfacet
  facet normal  4.940223e-003  6.383337e-003 -9.999674e-001
    outer loop
      vertex  5.898453e+002  6.138162e+003 -3.758239e+001
      vertex  5.903015e+002  5.777094e+003 -3.988504e+001
      vertex  5.793594e+002  5.777094e+003 -3.993909e+001
    endloop
  endfacet
  facet normal  2.744297e-003  6.447163e-003 -9.999754e-001
    outer loop
      vertex  5.898453e+002  6.138162e+003 -3.758239e+001
      vertex  5.793594e+002  5.777094e+003 -3.993909e+001
      vertex  5.794536e+002  6.138162e+003 -3.761091e+001
    endloop
  endfacet
  facet normal  1.091182e-003  6.447614e-003 -9.999785e-001
    outer loop
      vertex  5.794536e+002  6.138162e+003 -3.761091e+001
      vertex  5.793594e+002  5.777094e+003 -3.993909e+001
      vertex  5.684208e+002  5.777094e+003 -3.995103e+001
    endloop
  endfacet
  facet normal -1.783187e-003  6.535433e-003 -9.999770e-001
    outer loop
      vertex  5.794536e+002  6.138162e+003 -3.761091e+001
      vertex  5.684208e+002  5.777094e+003 -3.995103e+001
      vertex  5.690656e+002  6.138162e+003 -3.759239e+001
    endloop
  endfacet
  facet normal -3.436583e-003  6.538357e-003 -9.999727e-001
    outer loop
      vertex  5.690656e+002  6.138162e+003 -3.759239e+001
      vertex  5.684208e+002  5.777094e+003 -3.995103e+001
      vertex  5.574863e+002  5.777094e+003 -3.991345e+001
    endloop
  endfacet
  facet normal -6.952567e-003  6.650992e-003 -9.999537e-001
    outer loop
      vertex  5.690656e+002  6.138162e+003 -3.759239e+001
      vertex  5.574863e+002  5.777094e+003 -3.991345e+001
      vertex  5.586758e+002  6.138162e+003 -3.752015e+001
    endloop
  endfacet
  facet normal -8.605964e-003  6.656354e-003 -9.999409e-001
    outer loop
      vertex  5.586758e+002  6.138162e+003 -3.752015e+001
      vertex  5.574863e+002  5.777094e+003 -3.991345e+001
      vertex  5.465499e+002  5.777094e+003 -3.981933e+001
    endloop
  endfacet
  facet normal -1.272135e-002  6.794278e-003 -9.998960e-001
    outer loop
      vertex  5.586758e+002  6.138162e+003 -3.752015e+001
      vertex  5.465499e+002  5.777094e+003 -3.981933e+001
      vertex  5.482806e+002  6.138162e+003 -3.738789e+001
    endloop
  endfacet
  facet normal -1.437492e-002  6.802053e-003 -9.998736e-001
    outer loop
      vertex  5.482806e+002  6.138162e+003 -3.738789e+001
      vertex  5.465499e+002  5.777094e+003 -3.981933e+001
      vertex  5.356078e+002  5.777094e+003 -3.966202e+001
    endloop
  endfacet
  facet normal -1.906348e-002  6.966110e-003 -9.997941e-001
    outer loop
      vertex  5.482806e+002  6.138162e+003 -3.738789e+001
      vertex  5.356078e+002  5.777094e+003 -3.966202e+001
      vertex  5.378787e+002  6.138162e+003 -3.718956e+001
    endloop
  endfacet
  facet normal -2.071643e-002  6.976280e-003 -9.997611e-001
    outer loop
      vertex  5.378787e+002  6.138162e+003 -3.718956e+001
      vertex  5.356078e+002  5.777094e+003 -3.966202e+001
      vertex  5.246590e+002  5.777094e+003 -3.943514e+001
    endloop
  endfacet
  facet normal -2.597777e-002  7.168139e-003 -9.996368e-001
    outer loop
      vertex  5.378787e+002  6.138162e+003 -3.718956e+001
      vertex  5.246590e+002  5.777094e+003 -3.943514e+001
      vertex  5.274703e+002  6.138162e+003 -3.691907e+001
    endloop
  endfacet
  facet normal -2.763041e-002  7.180697e-003 -9.995924e-001
    outer loop
      vertex  5.274703e+002  6.138162e+003 -3.691907e+001
      vertex  5.246590e+002  5.777094e+003 -3.943514e+001
      vertex  5.137033e+002  5.777094e+003 -3.913231e+001
    endloop
  endfacet
  facet normal -3.351634e-002  7.404005e-003 -9.994107e-001
    outer loop
      vertex  5.274703e+002  6.138162e+003 -3.691907e+001
      vertex  5.137033e+002  5.777094e+003 -3.913231e+001
      vertex  5.170679e+002  6.138162e+003 -3.657022e+001
    endloop
  endfacet
  facet normal -3.516894e-002  7.419001e-003 -9.993538e-001
    outer loop
      vertex  5.170679e+002  6.138162e+003 -3.657022e+001
      vertex  5.137033e+002  5.777094e+003 -3.913231e+001
      vertex  5.027543e+002  5.777094e+003 -3.874699e+001
    endloop
  endfacet
  facet normal -4.183287e-002  7.681616e-003 -9.990951e-001
    outer loop
      vertex  5.170679e+002  6.138162e+003 -3.657022e+001
      vertex  5.027543e+002  5.777094e+003 -3.874699e+001
      vertex  5.066821e+002  6.138162e+003 -3.613535e+001
    endloop
  endfacet
  facet normal -4.348474e-002  7.699075e-003 -9.990245e-001
    outer loop
      vertex  5.066821e+002  6.138162e+003 -3.613535e+001
      vertex  5.027543e+002  5.777094e+003 -3.874699e+001
      vertex  4.918227e+002  5.777094e+003 -3.827117e+001
    endloop
  endfacet
  facet normal -5.118714e-002  8.013885e-003 -9.986569e-001
    outer loop
      vertex  5.066821e+002  6.138162e+003 -3.613535e+001
      vertex  4.918227e+002  5.777094e+003 -3.827117e+001
      vertex  4.963179e+002  6.138162e+003 -3.560413e+001
    endloop
  endfacet
  facet normal -5.283818e-002  8.033805e-003 -9.985708e-001
    outer loop
      vertex  4.963179e+002  6.138162e+003 -3.560413e+001
      vertex  4.918227e+002  5.777094e+003 -3.827117e+001
      vertex  4.809140e+002  5.777094e+003 -3.769395e+001
    endloop
  endfacet
  facet normal -6.192113e-002  8.418259e-003 -9.980455e-001
    outer loop
      vertex  4.963179e+002  6.138162e+003 -3.560413e+001
      vertex  4.809140e+002  5.777094e+003 -3.769395e+001
      vertex  4.859477e+002  6.138162e+003 -3.496074e+001
    endloop
  endfacet
  facet normal -6.357133e-002  8.440479e-003 -9.979417e-001
    outer loop
      vertex  4.859477e+002  6.138162e+003 -3.496074e+001
      vertex  4.809140e+002  5.777094e+003 -3.769395e+001
      vertex  4.699993e+002  5.777094e+003 -3.699866e+001
    endloop
  endfacet
  facet normal -7.429098e-002  8.909762e-003 -9.971969e-001
    outer loop
      vertex  4.859477e+002  6.138162e+003 -3.496074e+001
      vertex  4.699993e+002  5.777094e+003 -3.699866e+001
      vertex  4.755755e+002  6.138162e+003 -3.418801e+001
    endloop
  endfacet
  facet normal -7.593961e-002  8.934255e-003 -9.970724e-001
    outer loop
      vertex  4.755755e+002  6.138162e+003 -3.418801e+001
      vertex  4.699993e+002  5.777094e+003 -3.699866e+001
      vertex  4.590827e+002  5.777094e+003 -3.616722e+001
    endloop
  endfacet
  facet normal -8.817802e-002  9.487730e-003 -9.960595e-001
    outer loop
      vertex  4.755755e+002  6.138162e+003 -3.418801e+001
      vertex  4.590827e+002  5.777094e+003 -3.616722e+001
      vertex  4.651849e+002  6.138162e+003 -3.326816e+001
    endloop
  endfacet
  facet normal -8.982491e-002  9.514378e-003 -9.959121e-001
    outer loop
      vertex  4.651849e+002  6.138162e+003 -3.326816e+001
      vertex  4.590827e+002  5.777094e+003 -3.616722e+001
      vertex  4.481469e+002  5.777094e+003 -3.518089e+001
    endloop
  endfacet
  facet normal -1.031089e-001  1.013437e-002 -9.946184e-001
    outer loop
      vertex  4.651849e+002  6.138162e+003 -3.326816e+001
      vertex  4.481469e+002  5.777094e+003 -3.518089e+001
      vertex  4.547793e+002  6.138162e+003 -3.218945e+001
    endloop
  endfacet
  facet normal -1.047530e-001  1.016314e-002 -9.944463e-001
    outer loop
      vertex  4.547793e+002  6.138162e+003 -3.218945e+001
      vertex  4.481469e+002  5.777094e+003 -3.518089e+001
      vertex  4.371956e+002  5.777094e+003 -3.402730e+001
    endloop
  endfacet
  facet normal -1.146108e-001  1.063765e-002 -9.933535e-001
    outer loop
      vertex  4.547793e+002  6.138162e+003 -3.218945e+001
      vertex  4.371956e+002  5.777094e+003 -3.402730e+001
      vertex  4.495599e+002  6.138162e+003 -3.158725e+001
    endloop
  endfacet
  facet normal -1.162541e-001  1.069262e-002 -9.931620e-001
    outer loop
      vertex  4.495599e+002  6.138162e+003 -3.158725e+001
      vertex  4.371956e+002  5.777094e+003 -3.402730e+001
      vertex  4.317027e+002  5.777094e+003 -3.338433e+001
    endloop
  endfacet
  facet normal -1.224273e-001  1.099422e-002 -9.924166e-001
    outer loop
      vertex  4.495599e+002  6.138162e+003 -3.158725e+001
      vertex  4.317027e+002  5.777094e+003 -3.338433e+001
      vertex  4.443557e+002  6.138162e+003 -3.094524e+001
    endloop
  endfacet
  facet normal -1.240673e-001  1.105031e-002 -9.922123e-001
    outer loop
      vertex  4.443557e+002  6.138162e+003 -3.094524e+001
      vertex  4.317027e+002  5.777094e+003 -3.338433e+001
      vertex  4.262258e+002  5.777094e+003 -3.269949e+001
    endloop
  endfacet
  facet normal -1.309070e-001  1.138945e-002 -9.913291e-001
    outer loop
      vertex  4.443557e+002  6.138162e+003 -3.094524e+001
      vertex  4.262258e+002  5.777094e+003 -3.269949e+001
      vertex  4.391752e+002  6.138162e+003 -3.026114e+001
    endloop
  endfacet
  facet normal -1.325458e-001  1.144675e-002 -9.911107e-001
    outer loop
      vertex  4.391752e+002  6.138162e+003 -3.026114e+001
      vertex  4.262258e+002  5.777094e+003 -3.269949e+001
      vertex  4.207738e+002  5.777094e+003 -3.197037e+001
    endloop
  endfacet
  facet normal -1.412238e-001  1.188332e-002 -9.899064e-001
    outer loop
      vertex  4.391752e+002  6.138162e+003 -3.026114e+001
      vertex  4.207738e+002  5.777094e+003 -3.197037e+001
      vertex  4.340216e+002  6.138162e+003 -2.952591e+001
    endloop
  endfacet
  facet normal -1.428611e-001  1.194180e-002 -9.896707e-001
    outer loop
      vertex  4.340216e+002  6.138162e+003 -2.952591e+001
      vertex  4.207738e+002  5.777094e+003 -3.197037e+001
      vertex  4.153503e+002  5.777094e+003 -3.118748e+001
    endloop
  endfacet
  facet normal -1.551874e-001  1.257062e-002 -9.878051e-001
    outer loop
      vertex  4.340216e+002  6.138162e+003 -2.952591e+001
      vertex  4.153503e+002  5.777094e+003 -3.118748e+001
      vertex  4.288414e+002  6.138162e+003 -2.871209e+001
    endloop
  endfacet
  facet normal -1.568197e-001  1.262984e-002 -9.875464e-001
    outer loop
      vertex  4.288414e+002  6.138162e+003 -2.871209e+001
      vertex  4.153503e+002  5.777094e+003 -3.118748e+001
      vertex  4.098990e+002  5.777094e+003 -3.032182e+001
    endloop
  endfacet
  facet normal -1.744600e-001  1.354202e-002 -9.845711e-001
    outer loop
      vertex  4.288414e+002  6.138162e+003 -2.871209e+001
      vertex  4.098990e+002  5.777094e+003 -3.032182e+001
      vertex  4.236667e+002  6.138162e+003 -2.779516e+001
    endloop
  endfacet
  facet normal -1.760871e-001  1.360203e-002 -9.842806e-001
    outer loop
      vertex  4.236667e+002  6.138162e+003 -2.779516e+001
      vertex  4.098990e+002  5.777094e+003 -3.032182e+001
      vertex  4.044535e+002  5.777094e+003 -2.934763e+001
    endloop
  endfacet
  facet normal -1.989449e-001  1.479950e-002 -9.798989e-001
    outer loop
      vertex  4.236667e+002  6.138162e+003 -2.779516e+001
      vertex  4.044535e+002  5.777094e+003 -2.934763e+001
      vertex  4.184807e+002  6.138162e+003 -2.674228e+001
    endloop
  endfacet
  facet normal -2.005652e-001  1.486006e-002 -9.795677e-001
    outer loop
      vertex  4.184807e+002  6.138162e+003 -2.674228e+001
      vertex  4.044535e+002  5.777094e+003 -2.934763e+001
      vertex  3.989966e+002  5.777094e+003 -2.823032e+001
    endloop
  endfacet
  facet normal -2.266267e-001  1.624282e-002 -9.738463e-001
    outer loop
      vertex  4.184807e+002  6.138162e+003 -2.674228e+001
      vertex  3.989966e+002  5.777094e+003 -2.823032e+001
      vertex  4.132800e+002  6.138162e+003 -2.553200e+001
    endloop
  endfacet
  facet normal -2.282368e-001  1.630370e-002 -9.734691e-001
    outer loop
      vertex  4.132800e+002  6.138162e+003 -2.553200e+001
      vertex  3.989966e+002  5.777094e+003 -2.823032e+001
      vertex  3.935243e+002  5.777094e+003 -2.694731e+001
    endloop
  endfacet
  facet normal -2.545218e-001  1.771614e-002 -9.669046e-001
    outer loop
      vertex  4.132800e+002  6.138162e+003 -2.553200e+001
      vertex  3.935243e+002  5.777094e+003 -2.694731e+001
      vertex  4.079507e+002  6.138162e+003 -2.412915e+001
    endloop
  endfacet
  facet normal -2.561197e-001  1.777668e-002 -9.664816e-001
    outer loop
      vertex  4.079507e+002  6.138162e+003 -2.412915e+001
      vertex  3.935243e+002  5.777094e+003 -2.694731e+001
      vertex  3.879170e+002  5.777094e+003 -2.546137e+001
    endloop
  endfacet
  facet normal -2.801669e-001  1.908614e-002 -9.597615e-001
    outer loop
      vertex  4.079507e+002  6.138162e+003 -2.412915e+001
      vertex  3.879170e+002  5.777094e+003 -2.546137e+001
      vertex  4.026862e+002  6.138162e+003 -2.259235e+001
    endloop
  endfacet
  facet normal -2.817528e-001  1.914730e-002 -9.592960e-001
    outer loop
      vertex  4.026862e+002  6.138162e+003 -2.259235e+001
      vertex  3.879170e+002  5.777094e+003 -2.546137e+001
      vertex  3.823781e+002  5.777094e+003 -2.383455e+001
    endloop
  endfacet
  facet normal -2.997576e-001  2.014107e-002 -9.538028e-001
    outer loop
      vertex  4.026862e+002  6.138162e+003 -2.259235e+001
      vertex  3.823781e+002  5.777094e+003 -2.383455e+001
      vertex  3.998266e+002  6.138162e+003 -2.169366e+001
    endloop
  endfacet
  facet normal -3.011431e-001  2.020543e-002 -9.533649e-001
    outer loop
      vertex  3.998266e+002  6.138162e+003 -2.169366e+001
      vertex  3.823781e+002  5.777094e+003 -2.383455e+001
      vertex  3.794452e+002  5.777094e+003 -2.290812e+001
    endloop
  endfacet
  facet normal -3.158621e-001  2.102016e-002 -9.485723e-001
    outer loop
      vertex  3.998266e+002  6.138162e+003 -2.169366e+001
      vertex  3.794452e+002  5.777094e+003 -2.290812e+001
      vertex  3.970138e+002  6.138162e+003 -2.075705e+001
    endloop
  endfacet
  facet normal -3.167471e-001  2.106146e-002 -9.482762e-001
    outer loop
      vertex  3.970138e+002  6.138162e+003 -2.075705e+001
      vertex  3.794452e+002  5.777094e+003 -2.290812e+001
      vertex  3.765590e+002  5.777094e+003 -2.194407e+001
    endloop
  endfacet
  facet normal -3.338813e-001  2.201268e-002 -9.423580e-001
    outer loop
      vertex  3.970138e+002  6.138162e+003 -2.075705e+001
      vertex  3.765590e+002  5.777094e+003 -2.194407e+001
      vertex  3.947756e+002  6.138162e+003 -1.996404e+001
    endloop
  endfacet
  facet normal -3.345995e-001  2.204750e-002 -9.421024e-001
    outer loop
      vertex  3.947756e+002  6.138162e+003 -1.996404e+001
      vertex  3.765590e+002  5.777094e+003 -2.194407e+001
      vertex  3.741291e+002  5.777094e+003 -2.108104e+001
    endloop
  endfacet
  facet normal -3.544712e-001  2.316115e-002 -9.347800e-001
    outer loop
      vertex  3.947756e+002  6.138162e+003 -1.996404e+001
      vertex  3.741291e+002  5.777094e+003 -2.108104e+001
      vertex  3.925677e+002  6.138162e+003 -1.912681e+001
    endloop
  endfacet
  facet normal -3.556696e-001  2.321988e-002 -9.343233e-001
    outer loop
      vertex  3.925677e+002  6.138162e+003 -1.912681e+001
      vertex  3.741291e+002  5.777094e+003 -2.108104e+001
      vertex  3.717333e+002  5.777094e+003 -2.016903e+001
    endloop
  endfacet
  facet normal -3.836474e-001  2.480200e-002 -9.231465e-001
    outer loop
      vertex  3.925677e+002  6.138162e+003 -1.912681e+001
      vertex  3.717333e+002  5.777094e+003 -2.016903e+001
      vertex  3.899567e+002  6.138162e+003 -1.804169e+001
    endloop
  endfacet
  facet normal -3.851729e-001  2.487524e-002 -9.225091e-001
    outer loop
      vertex  3.899567e+002  6.138162e+003 -1.804169e+001
      vertex  3.717333e+002  5.777094e+003 -2.016903e+001
      vertex  3.689867e+002  5.777094e+003 -1.902227e+001
    endloop
  endfacet
  facet normal -4.241425e-001  2.709147e-002 -9.051902e-001
    outer loop
      vertex  3.899567e+002  6.138162e+003 -1.804169e+001
      vertex  3.689867e+002  5.777094e+003 -1.902227e+001
      vertex  3.873669e+002  6.138162e+003 -1.682820e+001
    endloop
  endfacet
  facet normal -4.256348e-001  2.716316e-002 -9.044871e-001
    outer loop
      vertex  3.873669e+002  6.138162e+003 -1.682820e+001
      vertex  3.689867e+002  5.777094e+003 -1.902227e+001
      vertex  3.662628e+002  5.777094e+003 -1.774043e+001
    endloop
  endfacet
  facet normal -4.606198e-001  2.916412e-002 -8.871183e-001
    outer loop
      vertex  3.873669e+002  6.138162e+003 -1.682820e+001
      vertex  3.662628e+002  5.777094e+003 -1.774043e+001
      vertex  3.860125e+002  6.138162e+003 -1.612497e+001
    endloop
  endfacet
  facet normal -4.617452e-001  2.922305e-002 -8.865312e-001
    outer loop
      vertex  3.860125e+002  6.138162e+003 -1.612497e+001
      vertex  3.662628e+002  5.777094e+003 -1.774043e+001
      vertex  3.648744e+002  5.777094e+003 -1.701730e+001
    endloop
  endfacet
  facet normal -4.886180e-001  3.076025e-002 -8.719555e-001
    outer loop
      vertex  3.860125e+002  6.138162e+003 -1.612497e+001
      vertex  3.648744e+002  5.777094e+003 -1.701730e+001
      vertex  3.846620e+002  6.138162e+003 -1.536814e+001
    endloop
  endfacet
  facet normal -4.889494e-001  3.077756e-002 -8.717690e-001
    outer loop
      vertex  3.846620e+002  6.138162e+003 -1.536814e+001
      vertex  3.648744e+002  5.777094e+003 -1.701730e+001
      vertex  3.634898e+002  5.777094e+003 -1.624073e+001
    endloop
  endfacet
  facet normal -5.170164e-001  3.238370e-002 -8.553627e-001
    outer loop
      vertex  3.846620e+002  6.138162e+003 -1.536814e+001
      vertex  3.634898e+002  5.777094e+003 -1.624073e+001
      vertex  3.834449e+002  6.138162e+003 -1.463249e+001
    endloop
  endfacet
  facet normal -5.172660e-001  3.239682e-002 -8.552111e-001
    outer loop
      vertex  3.834449e+002  6.138162e+003 -1.463249e+001
      vertex  3.634898e+002  5.777094e+003 -1.624073e+001
      vertex  3.621739e+002  5.777094e+003 -1.544479e+001
    endloop
  endfacet
  facet normal -5.455166e-001  3.402105e-002 -8.374092e-001
    outer loop
      vertex  3.834449e+002  6.138162e+003 -1.463249e+001
      vertex  3.621739e+002  5.777094e+003 -1.544479e+001
      vertex  3.822368e+002  6.138162e+003 -1.384552e+001
    endloop
  endfacet
  facet normal -5.465123e-001  3.407348e-002 -8.367575e-001
    outer loop
      vertex  3.822368e+002  6.138162e+003 -1.384552e+001
      vertex  3.621739e+002  5.777094e+003 -1.544479e+001
      vertex  3.608680e+002  5.777094e+003 -1.459186e+001
    endloop
  endfacet
  facet normal -5.843982e-001  3.626171e-002 -8.106565e-001
    outer loop
      vertex  3.822368e+002  6.138162e+003 -1.384552e+001
      vertex  3.608680e+002  5.777094e+003 -1.459186e+001
      vertex  3.803836e+002  6.138162e+003 -1.250957e+001
    endloop
  endfacet
  facet normal -5.857309e-001  3.632817e-002 -8.096910e-001
    outer loop
      vertex  3.803836e+002  6.138162e+003 -1.250957e+001
      vertex  3.608680e+002  5.777094e+003 -1.459186e+001
      vertex  3.589196e+002  5.777094e+003 -1.318239e+001
    endloop
  endfacet
  facet normal -6.352546e-001  3.920063e-002 -7.713072e-001
    outer loop
      vertex  3.803836e+002  6.138162e+003 -1.250957e+001
      vertex  3.589196e+002  5.777094e+003 -1.318239e+001
      vertex  3.786009e+002  6.138162e+003 -1.104129e+001
    endloop
  endfacet
  facet normal -6.231564e-001  3.859951e-002 -7.811441e-001
    outer loop
      vertex  3.786009e+002  6.138162e+003 -1.104129e+001
      vertex  3.589196e+002  5.777094e+003 -1.318239e+001
      vertex  3.579706e+002  5.777094e+003 -1.242535e+001
    endloop
  endfacet
  facet normal -6.496692e-001  4.003011e-002 -7.591623e-001
    outer loop
      vertex  3.786009e+002  6.138162e+003 -1.104129e+001
      vertex  3.579706e+002  5.777094e+003 -1.242535e+001
      vertex  3.570456e+002  5.777094e+003 -1.163375e+001
    endloop
  endfacet
  facet normal -7.666682e-001  4.681351e-002 -6.403345e-001
    outer loop
      vertex  3.761476e+002  6.138162e+003 -8.591017e+000
      vertex  3.547430e+002  5.777094e+003 -9.360491e+000
      vertex  3.754274e+002  6.138162e+003 -7.728818e+000
    endloop
  endfacet
  facet normal -7.623498e-001  4.658941e-002 -6.454859e-001
    outer loop
      vertex  3.754274e+002  6.138162e+003 -7.728818e+000
      vertex  3.547430e+002  5.777094e+003 -9.360491e+000
      vertex  3.537109e+002  5.777094e+003 -8.141454e+000
    endloop
  endfacet
  facet normal -8.084354e-001  4.929385e-002 -5.865170e-001
    outer loop
      vertex  3.754274e+002  6.138162e+003 -7.728818e+000
      vertex  3.537109e+002  5.777094e+003 -8.141454e+000
      vertex  3.743761e+002  6.138162e+003 -6.279657e+000
    endloop
  endfacet
  facet normal -7.970054e-001  4.871952e-002 -6.020039e-001
    outer loop
      vertex  3.743761e+002  6.138162e+003 -6.279657e+000
      vertex  3.537109e+002  5.777094e+003 -8.141454e+000
      vertex  3.531086e+002  5.777094e+003 -7.344023e+000
    endloop
  endfacet
  facet normal -8.244066e-001  5.022078e-002 -5.637655e-001
    outer loop
      vertex  3.743761e+002  6.138162e+003 -6.279657e+000
      vertex  3.531086e+002  5.777094e+003 -7.344023e+000
      vertex  3.525507e+002  5.777094e+003 -6.528205e+000
    endloop
  endfacet
  facet normal -9.041239e-001  5.491916e-002 -4.237264e-001
    outer loop
      vertex  3.734879e+002  6.138162e+003 -4.771868e+000
      vertex  3.516744e+002  5.777094e+003 -5.025534e+000
      vertex  3.729427e+002  6.138162e+003 -3.608492e+000
    endloop
  endfacet
  facet normal -9.048280e-001  5.495471e-002 -4.222160e-001
    outer loop
      vertex  3.729427e+002  6.138162e+003 -3.608492e+000
      vertex  3.516744e+002  5.777094e+003 -5.025534e+000
      vertex  3.511025e+002  5.777094e+003 -3.799993e+000
    endloop
  endfacet
  facet normal -9.380534e-001  5.692177e-002 -3.417833e-001
    outer loop
      vertex  3.729427e+002  6.138162e+003 -3.608492e+000
      vertex  3.511025e+002  5.777094e+003 -3.799993e+000
      vertex  3.725104e+002  6.138162e+003 -2.422226e+000
    endloop
  endfacet
  facet normal -9.386128e-001  5.694903e-002 -3.402394e-001
    outer loop
      vertex  3.725104e+002  6.138162e+003 -2.422226e+000
      vertex  3.511025e+002  5.777094e+003 -3.799993e+000
      vertex  3.506496e+002  5.777094e+003 -2.550554e+000
    endloop
  endfacet
  facet normal -9.662758e-001  5.859209e-002 -2.507551e-001
    outer loop
      vertex  3.725104e+002  6.138162e+003 -2.422226e+000
      vertex  3.506496e+002  5.777094e+003 -2.550554e+000
      vertex  3.721979e+002  6.138162e+003 -1.217783e+000
    endloop
  endfacet
  facet normal -9.666893e-001  5.861085e-002 -2.491515e-001
    outer loop
      vertex  3.721979e+002  6.138162e+003 -1.217783e+000
      vertex  3.506496e+002  5.777094e+003 -2.550554e+000
      vertex  3.503227e+002  5.777094e+003 -1.282190e+000
    endloop
  endfacet
  facet normal  9.981179e-001  6.045604e-002 -1.029152e-002
    outer loop
      vertex  1.181626e+003  6.499231e+003 -9.136100e+000
      vertex  1.181647e+003  6.499231e+003 -7.087966e+000
      vertex  1.206206e+003  6.093029e+003 -1.142541e+001
    endloop
  endfacet
  facet normal  9.980929e-001  6.047678e-002 -1.237380e-002
    outer loop
      vertex  1.206206e+003  6.093029e+003 -1.142541e+001
      vertex  1.181647e+003  6.499231e+003 -7.087966e+000
      vertex  1.206233e+003  6.093029e+003 -9.249355e+000
    endloop
  endfacet
  facet normal  9.980935e-001  6.046661e-002 -1.237381e-002
    outer loop
      vertex  1.206206e+003  6.093029e+003 -1.142541e+001
      vertex  1.206233e+003  6.093029e+003 -9.249355e+000
      vertex  1.230786e+003  5.686827e+003 -1.371472e+001
    endloop
  endfacet
  facet normal  9.980693e-001  6.048433e-002 -1.411897e-002
    outer loop
      vertex  1.230786e+003  5.686827e+003 -1.371472e+001
      vertex  1.206233e+003  6.093029e+003 -9.249355e+000
      vertex  1.230819e+003  5.686827e+003 -1.141074e+001
    endloop
  endfacet
  facet normal  9.980698e-001  6.047478e-002 -1.411898e-002
    outer loop
      vertex  1.230786e+003  5.686827e+003 -1.371472e+001
      vertex  1.230819e+003  5.686827e+003 -1.141074e+001
      vertex  1.255366e+003  5.280625e+003 -1.600404e+001
    endloop
  endfacet
  facet normal  9.980440e-001  6.049201e-002 -1.578061e-002
    outer loop
      vertex  1.255366e+003  5.280625e+003 -1.600404e+001
      vertex  1.230819e+003  5.686827e+003 -1.141074e+001
      vertex  1.255405e+003  5.280625e+003 -1.357213e+001
    endloop
  endfacet
  facet normal  9.980445e-001  6.048254e-002 -1.578062e-002
    outer loop
      vertex  1.255366e+003  5.280625e+003 -1.600404e+001
      vertex  1.255405e+003  5.280625e+003 -1.357213e+001
      vertex  1.279946e+003  4.874423e+003 -1.829335e+001
    endloop
  endfacet
  facet normal  9.980196e-001  6.049787e-002 -1.722848e-002
    outer loop
      vertex  1.279946e+003  4.874423e+003 -1.829335e+001
      vertex  1.255405e+003  5.280625e+003 -1.357213e+001
      vertex  1.279991e+003  4.874423e+003 -1.573352e+001
    endloop
  endfacet
  facet normal  9.980201e-001  6.048930e-002 -1.722849e-002
    outer loop
      vertex  1.279946e+003  4.874423e+003 -1.829335e+001
      vertex  1.279991e+003  4.874423e+003 -1.573352e+001
      vertex  1.304526e+003  4.468221e+003 -2.058266e+001
    endloop
  endfacet
  facet normal  9.979949e-001  6.050395e-002 -1.858374e-002
    outer loop
      vertex  1.304526e+003  4.468221e+003 -2.058266e+001
      vertex  1.279991e+003  4.874423e+003 -1.573352e+001
      vertex  1.304577e+003  4.468221e+003 -1.789491e+001
    endloop
  endfacet
  facet normal  9.979955e-001  6.049541e-002 -1.858375e-002
    outer loop
      vertex  1.304526e+003  4.468221e+003 -2.058266e+001
      vertex  1.304577e+003  4.468221e+003 -1.789491e+001
      vertex  1.329107e+003  4.062019e+003 -2.287197e+001
    endloop
  endfacet
  facet normal  9.979719e-001  6.050855e-002 -1.977253e-002
    outer loop
      vertex  1.329107e+003  4.062019e+003 -2.287197e+001
      vertex  1.304577e+003  4.468221e+003 -1.789491e+001
      vertex  1.329162e+003  4.062019e+003 -2.005630e+001
    endloop
  endfacet
  facet normal  9.979723e-001  6.050076e-002 -1.977254e-002
    outer loop
      vertex  1.329107e+003  4.062019e+003 -2.287197e+001
      vertex  1.329162e+003  4.062019e+003 -2.005630e+001
      vertex  1.574908e+003 -9.094947e-013 -4.576510e+001
    endloop
  endfacet
  facet normal  9.977816e-001  6.053935e-002 -2.769178e-002
    outer loop
      vertex  1.574908e+003 -9.094947e-013 -4.576510e+001
      vertex  1.329162e+003  4.062019e+003 -2.005630e+001
      vertex  1.575021e+003 -4.547474e-013 -4.167019e+001
    endloop
  endfacet
  facet normal -9.959381e-001  6.033413e-002 -6.683633e-002
    outer loop
      vertex  3.938928e+002  6.499231e+003  4.765803e-015
      vertex  3.281809e+002  5.416025e+003  1.357103e+000
      vertex  3.938381e+002  6.499231e+003  8.149067e-001
    endloop
  endfacet
  facet normal -9.970964e-001  6.043008e-002 -4.633563e-002
    outer loop
      vertex  3.938928e+002  6.499231e+003  4.765803e-015
      vertex  1.136868e-013 -4.547474e-013  2.186388e-014
      vertex  3.281809e+002  5.416025e+003  1.357103e+000
    endloop
  endfacet
  facet normal -9.979975e-001  6.047772e-002 -1.852652e-002
    outer loop
      vertex  1.136868e-013 -4.547474e-013  2.186388e-014
      vertex  1.968848e+002  3.249615e+003  2.095030e+000
      vertex  3.281809e+002  5.416025e+003  1.357103e+000
    endloop
  endfacet
  facet normal -9.976428e-001  6.046519e-002 -3.244518e-002
    outer loop
      vertex  1.136868e-013 -4.547474e-013  2.186388e-014
      vertex -7.786693e-002 -9.094947e-013  2.394296e+000
      vertex  1.968848e+002  3.249615e+003  2.095030e+000
    endloop
  endfacet
  facet normal -9.749665e-001  5.916363e-002  2.143359e-001
    outer loop
      vertex  3.942085e+002  6.499231e+003  4.083302e+000
      vertex  3.940293e+002  6.499231e+003  3.268026e+000
      vertex  3.284751e+002  5.416025e+003  4.076535e+000
    endloop
  endfacet
  facet normal -9.663583e-001  5.864103e-002  2.504255e-001
    outer loop
      vertex  3.284751e+002  5.416025e+003  4.076535e+000
      vertex  3.288254e+002  5.416025e+003  5.428339e+000
      vertex  3.942085e+002  6.499231e+003  4.083302e+000
    endloop
  endfacet
  facet normal -9.590936e-001  5.823556e-002  2.770347e-001
    outer loop
      vertex  3.942085e+002  6.499231e+003  4.083302e+000
      vertex  3.288254e+002  5.416025e+003  5.428339e+000
      vertex  3.944429e+002  6.499231e+003  4.894814e+000
    endloop
  endfacet
  facet normal -9.419562e-001  5.722393e-002  3.308234e-001
    outer loop
      vertex  3.944429e+002  6.499231e+003  4.894814e+000
      vertex  3.288254e+002  5.416025e+003  5.428339e+000
      vertex  3.292440e+002  5.416025e+003  6.619989e+000
    endloop
  endfacet
  facet normal -9.354079e-001  5.685868e-002  3.489686e-001
    outer loop
      vertex  3.944429e+002  6.499231e+003  4.894814e+000
      vertex  3.292440e+002  5.416025e+003  6.619989e+000
      vertex  3.948932e+002  6.499231e+003  6.101805e+000
    endloop
  endfacet
  facet normal -9.154098e-001  5.567044e-002  3.986548e-001
    outer loop
      vertex  3.948932e+002  6.499231e+003  6.101805e+000
      vertex  3.292440e+002  5.416025e+003  6.619989e+000
      vertex  3.297573e+002  5.416025e+003  7.798736e+000
    endloop
  endfacet
  facet normal -9.032146e-001  5.497941e-002  4.256531e-001
    outer loop
      vertex  3.948932e+002  6.499231e+003  6.101805e+000
      vertex  3.297573e+002  5.416025e+003  7.798736e+000
      vertex  3.954542e+002  6.499231e+003  7.292229e+000
    endloop
  endfacet
  facet normal -8.868278e-001  5.400109e-002  4.589340e-001
    outer loop
      vertex  3.297573e+002  5.416025e+003  7.798736e+000
      vertex  3.303589e+002  5.416025e+003  8.961350e+000
      vertex  3.954542e+002  6.499231e+003  7.292229e+000
    endloop
  endfacet
  facet normal -8.010706e-001  4.901166e-002  5.965600e-001
    outer loop
      vertex  3.968680e+002  6.499231e+003  9.605700e+000
      vertex  3.326182e+002  5.416025e+003  1.232306e+001
      vertex  3.976984e+002  6.499231e+003  1.072079e+001
    endloop
  endfacet
  facet normal -3.084709e-001  2.122444e-002  9.509969e-001
    outer loop
      vertex  3.805653e+002  5.416025e+003  3.928812e+001
      vertex  3.863374e+002  5.416025e+003  4.116040e+001
      vertex  4.409263e+002  6.499231e+003  3.469206e+001
    endloop
  endfacet
  facet normal -3.047330e-001  2.104329e-002  9.522052e-001
    outer loop
      vertex  4.409263e+002  6.499231e+003  3.469206e+001
      vertex  3.863374e+002  5.416025e+003  4.116040e+001
      vertex  4.450760e+002  6.499231e+003  3.602011e+001
    endloop
  endfacet
  facet normal -1.995139e-001  1.572175e-002  9.797688e-001
    outer loop
      vertex  4.811554e+002  6.499231e+003  4.533032e+001
      vertex  4.362745e+002  5.416025e+003  5.357258e+001
      vertex  4.880246e+002  6.499231e+003  4.672911e+001
    endloop
  endfacet
  facet normal -1.827992e-001  1.494385e-002  9.830366e-001
    outer loop
      vertex  4.880246e+002  6.499231e+003  4.672911e+001
      vertex  4.362745e+002  5.416025e+003  5.357258e+001
      vertex  4.439536e+002  5.416025e+003  5.500053e+001
    endloop
  endfacet
  facet normal -1.833119e-001  1.496398e-002  9.829409e-001
    outer loop
      vertex  4.880246e+002  6.499231e+003  4.672911e+001
      vertex  4.439536e+002  5.416025e+003  5.500053e+001
      vertex  4.948947e+002  6.499231e+003  4.801035e+001
    endloop
  endfacet
  facet normal -1.699305e-001  1.435023e-002  9.853516e-001
    outer loop
      vertex  4.948947e+002  6.499231e+003  4.801035e+001
      vertex  4.439536e+002  5.416025e+003  5.500053e+001
      vertex  4.496327e+002  5.416025e+003  5.597993e+001
    endloop
  endfacet
  facet normal  1.763846e-001  6.461171e-003  9.843000e-001
    outer loop
      vertex  1.086883e+003  5.416025e+003  1.925341e+001
      vertex  1.109813e+003  5.416025e+003  1.514441e+001
      vertex  1.053922e+003  6.499231e+003  1.804945e+001
    endloop
  endfacet
  facet normal  2.113129e-001  7.589284e-003  9.773889e-001
    outer loop
      vertex  1.162008e+003  6.499231e+003 -2.841952e+000
      vertex  1.230819e+003  5.686827e+003 -1.141074e+001
      vertex  1.206233e+003  6.093029e+003 -9.249355e+000
    endloop
  endfacet
  facet normal  2.113142e-001  7.589421e-003  9.773887e-001
    outer loop
      vertex  1.181647e+003  6.499231e+003 -7.087966e+000
      vertex  1.162008e+003  6.499231e+003 -2.841952e+000
      vertex  1.206233e+003  6.093029e+003 -9.249355e+000
    endloop
  endfacet
  facet normal -9.954448e-001  6.034176e-002  7.381504e-002
    outer loop
      vertex  1.968848e+002  3.249615e+003  2.095030e+000
      vertex -7.786693e-002 -9.094947e-013  2.394296e+000
      vertex  9.989303e-002 -9.094947e-013  4.791507e+000
    endloop
  endfacet
  facet normal -9.937368e-001  6.025517e-002  9.410917e-002
    outer loop
      vertex  1.968848e+002  3.249615e+003  2.095030e+000
      vertex  9.989303e-002 -9.094947e-013  4.791507e+000
      vertex  1.970834e+002  3.249615e+003  4.192861e+000
    endloop
  endfacet
  facet normal -9.825526e-001  5.959233e-002  1.761789e-001
    outer loop
      vertex  1.970834e+002  3.249615e+003  4.192861e+000
      vertex  9.989303e-002 -9.094947e-013  4.791507e+000
      vertex  5.284841e-001 -9.094947e-013  7.181767e+000
    endloop
  endfacet
  facet normal -9.756656e-001  5.920790e-002  2.111190e-001
    outer loop
      vertex  1.970834e+002  3.249615e+003  4.192861e+000
      vertex  5.284841e-001 -9.094947e-013  7.181767e+000
      vertex  1.975354e+002  3.249615e+003  6.281785e+000
    endloop
  endfacet
  facet normal -5.215187e-001  3.295037e-002  8.526034e-001
    outer loop
      vertex  2.197579e+002  3.249615e+003  3.033886e+001
      vertex  2.954035e+001  4.547474e-013  3.957415e+001
      vertex  3.398148e+001  9.094947e-013  4.229069e+001
    endloop
  endfacet
  facet normal -5.166379e-001  3.268229e-002  8.555800e-001
    outer loop
      vertex  2.197579e+002  3.249615e+003  3.033886e+001
      vertex  3.398148e+001  9.094947e-013  4.229069e+001
      vertex  2.234926e+002  3.249615e+003  3.259409e+001
    endloop
  endfacet
  facet normal -4.944484e-001  3.142721e-002  8.686387e-001
    outer loop
      vertex  2.234926e+002  3.249615e+003  3.259409e+001
      vertex  3.398148e+001  9.094947e-013  4.229069e+001
      vertex  3.731932e+001  4.547474e-013  4.419066e+001
    endloop
  endfacet
  facet normal -3.773692e-001  2.494385e-002  9.257269e-001
    outer loop
      vertex  2.416802e+002  3.249615e+003  4.147063e+001
      vertex  6.503529e+001  0.000000e+000  5.702336e+001
      vertex  2.493144e+002  3.249615e+003  4.458269e+001
    endloop
  endfacet
  facet normal -3.651361e-001  2.426893e-002  9.306378e-001
    outer loop
      vertex  2.493144e+002  3.249615e+003  4.458269e+001
      vertex  6.503529e+001  0.000000e+000  5.702336e+001
      vertex  7.017102e+001  0.000000e+000  5.903837e+001
    endloop
  endfacet
  facet normal -3.518796e-001  2.356087e-002  9.357488e-001
    outer loop
      vertex  2.493144e+002  3.249615e+003  4.458269e+001
      vertex  7.017102e+001  0.000000e+000  5.903837e+001
      vertex  7.535142e+001  0.000000e+000  6.098641e+001
    endloop
  endfacet
  facet normal -3.507883e-001  2.350453e-002  9.361598e-001
    outer loop
      vertex  2.493144e+002  3.249615e+003  4.458269e+001
      vertex  7.535142e+001  0.000000e+000  6.098641e+001
      vertex  2.570844e+002  3.249615e+003  4.749418e+001
    endloop
  endfacet
  facet normal -3.101279e-001  2.133249e-002  9.504555e-001
    outer loop
      vertex  8.657663e+001  0.000000e+000  6.492881e+001
      vertex  9.258790e+001  4.547474e-013  6.689025e+001
      vertex  2.645508e+002  3.249615e+003  5.006477e+001
    endloop
  endfacet
  facet normal  1.493719e-002  7.502434e-003  9.998602e-001
    outer loop
      vertex  5.730991e+002  3.249615e+003  8.524549e+001
      vertex  5.179669e+002  9.094947e-013  1.104526e+002
      vertex  5.927991e+002  3.249615e+003  8.495119e+001
    endloop
  endfacet
  facet normal  2.625281e-002  7.240044e-003  9.996291e-001
    outer loop
      vertex  5.179669e+002  9.094947e-013  1.104526e+002
      vertex  5.389742e+002  1.364242e-012  1.099009e+002
      vertex  5.927991e+002  3.249615e+003  8.495119e+001
    endloop
  endfacet
  facet normal  1.245944e-001  5.988092e-003  9.921898e-001
    outer loop
      vertex  8.779694e+002  3.249615e+003  6.316541e+001
      vertex  9.085359e+002  4.547474e-013  7.893917e+001
      vertex  9.281523e+002  9.094947e-013  7.647584e+001
    endloop
  endfacet
  facet normal  1.284061e-001  5.974343e-003  9.917037e-001
    outer loop
      vertex  9.074070e+002  3.249615e+003  5.958522e+001
      vertex  9.281523e+002  9.094947e-013  7.647584e+001
      vertex  9.477591e+002  0.000000e+000  7.393715e+001
    endloop
  endfacet
  facet normal  1.322140e-001  6.019414e-003  9.912029e-001
    outer loop
      vertex  9.074070e+002  3.249615e+003  5.958522e+001
      vertex  9.477591e+002  0.000000e+000  7.393715e+001
      vertex  9.674161e+002  0.000000e+000  7.131515e+001
    endloop
  endfacet
  facet normal -9.965435e-001  6.041532e-002  5.701904e-002
    outer loop
      vertex  3.282587e+002  5.416025e+003  2.717723e+000
      vertex  3.281809e+002  5.416025e+003  1.357103e+000
      vertex  1.968848e+002  3.249615e+003  2.095030e+000
    endloop
  endfacet
  facet normal -9.937380e-001  6.023454e-002  9.410930e-002
    outer loop
      vertex  1.968848e+002  3.249615e+003  2.095030e+000
      vertex  1.970834e+002  3.249615e+003  4.192861e+000
      vertex  3.282587e+002  5.416025e+003  2.717723e+000
    endloop
  endfacet
  facet normal -9.857877e-001  5.979598e-002  1.569935e-001
    outer loop
      vertex  3.284751e+002  5.416025e+003  4.076535e+000
      vertex  3.282587e+002  5.416025e+003  2.717723e+000
      vertex  1.970834e+002  3.249615e+003  4.192861e+000
    endloop
  endfacet
  facet normal -9.756668e-001  5.918505e-002  2.111193e-001
    outer loop
      vertex  1.970834e+002  3.249615e+003  4.192861e+000
      vertex  1.975354e+002  3.249615e+003  6.281785e+000
      vertex  3.284751e+002  5.416025e+003  4.076535e+000
    endloop
  endfacet
  facet normal -9.663571e-001  5.866237e-002  2.504251e-001
    outer loop
      vertex  3.284751e+002  5.416025e+003  4.076535e+000
      vertex  1.975354e+002  3.249615e+003  6.281785e+000
      vertex  3.288254e+002  5.416025e+003  5.428339e+000
    endloop
  endfacet
  facet normal -9.466797e-001  5.749610e-002  3.170043e-001
    outer loop
      vertex  3.288254e+002  5.416025e+003  5.428339e+000
      vertex  1.975354e+002  3.249615e+003  6.281785e+000
      vertex  1.982282e+002  3.249615e+003  8.350517e+000
    endloop
  endfacet
  facet normal -7.769185e-001  4.760437e-002  6.277991e-001
    outer loop
      vertex  3.326182e+002  5.416025e+003  1.232306e+001
      vertex  2.022591e+002  3.249615e+003  1.527340e+001
      vertex  2.035050e+002  3.249615e+003  1.681517e+001
    endloop
  endfacet
  facet normal -7.658414e-001  4.697222e-002  6.413116e-001
    outer loop
      vertex  3.326182e+002  5.416025e+003  1.232306e+001
      vertex  2.035050e+002  3.249615e+003  1.681517e+001
      vertex  3.339531e+002  5.416025e+003  1.391717e+001
    endloop
  endfacet
  facet normal -4.304685e-001  2.786134e-002  9.021755e-001
    outer loop
      vertex  3.552568e+002  5.416025e+003  2.899333e+001
      vertex  2.337768e+002  3.249615e+003  3.793367e+001
      vertex  3.589841e+002  5.416025e+003  3.077176e+001
    endloop
  endfacet
  facet normal -4.172710e-001  2.711910e-002  9.083773e-001
    outer loop
      vertex  2.337768e+002  3.249615e+003  3.793367e+001
      vertex  2.376832e+002  3.249615e+003  3.972813e+001
      vertex  3.589841e+002  5.416025e+003  3.077176e+001
    endloop
  endfacet
  facet normal -3.507884e-001  2.348669e-002  9.361601e-001
    outer loop
      vertex  3.707461e+002  5.416025e+003  3.573277e+001
      vertex  2.493144e+002  3.249615e+003  4.458269e+001
      vertex  2.570844e+002  3.249615e+003  4.749418e+001
    endloop
  endfacet
  facet normal -3.526435e-001  2.358022e-002  9.354606e-001
    outer loop
      vertex  3.707461e+002  5.416025e+003  3.573277e+001
      vertex  2.570844e+002  3.249615e+003  4.749418e+001
      vertex  3.747715e+002  5.416025e+003  3.725021e+001
    endloop
  endfacet
  facet normal  1.160330e-001  5.827434e-003  9.932283e-001
    outer loop
      vertex  8.690511e+002  5.416025e+003  5.135543e+001
      vertex  9.074070e+002  3.249615e+003  5.958522e+001
      vertex  8.805057e+002  5.416025e+003  5.001726e+001
    endloop
  endfacet
  facet normal -6.770830e-001  4.182258e-002  7.347173e-001
    outer loop
      vertex  2.092125e+002  3.249615e+003  2.254524e+001
      vertex  3.374673e+002  5.416025e+003  1.741988e+001
      vertex  3.364144e+002  5.416025e+003  1.644953e+001
    endloop
  endfacet
  facet normal -6.989323e-001  4.304688e-002  7.138911e-001
    outer loop
      vertex  2.092125e+002  3.249615e+003  2.254524e+001
      vertex  3.364144e+002  5.416025e+003  1.644953e+001
      vertex  3.353875e+002  5.416025e+003  1.544413e+001
    endloop
  endfacet
  facet normal -6.813020e-001  4.207546e-002  7.307922e-001
    outer loop
      vertex  2.092125e+002  3.249615e+003  2.254524e+001
      vertex  3.353875e+002  5.416025e+003  1.544413e+001
      vertex  2.062627e+002  3.249615e+003  1.979518e+001
    endloop
  endfacet
  facet normal -6.813018e-001  4.208305e-002  7.307919e-001
    outer loop
      vertex  2.092125e+002  3.249615e+003  2.254524e+001
      vertex  2.062627e+002  3.249615e+003  1.979518e+001
      vertex  1.347173e+001 -9.094947e-013  2.719115e+001
    endloop
  endfacet
  facet normal -6.771758e-001  4.184001e-002  7.346307e-001
    outer loop
      vertex  2.092125e+002  3.249615e+003  2.254524e+001
      vertex  1.347173e+001 -9.094947e-013  2.719115e+001
      vertex  1.551825e+001 -9.094947e-013  2.907762e+001
    endloop
  endfacet
  facet normal -6.509162e-001  4.032193e-002  7.580780e-001
    outer loop
      vertex  2.092125e+002  3.249615e+003  2.254524e+001
      vertex  1.551825e+001 -9.094947e-013  2.907762e+001
      vertex  1.805333e+001 -9.094947e-013  3.125433e+001
    endloop
  endfacet
  facet normal -6.245945e-001  3.883226e-002  7.799832e-001
    outer loop
      vertex  2.092125e+002  3.249615e+003  2.254524e+001
      vertex  1.805333e+001 -9.094947e-013  3.125433e+001
      vertex  2.062699e+001  4.547474e-013  3.331527e+001
    endloop
  endfacet
  facet normal -6.369488e-001  3.951578e-002  7.698926e-001
    outer loop
      vertex  2.092125e+002  3.249615e+003  2.254524e+001
      vertex  2.062699e+001  4.547474e-013  3.331527e+001
      vertex  2.122705e+002  3.249615e+003  2.507518e+001
    endloop
  endfacet
  facet normal -6.369488e-001  3.951579e-002  7.698926e-001
    outer loop
      vertex  2.092125e+002  3.249615e+003  2.254524e+001
      vertex  2.122705e+002  3.249615e+003  2.507518e+001
      vertex  3.400328e+002  5.416025e+003  1.958179e+001
    endloop
  endfacet
  facet normal -6.325839e-001  3.925714e-002  7.734963e-001
    outer loop
      vertex  2.092125e+002  3.249615e+003  2.254524e+001
      vertex  3.400328e+002  5.416025e+003  1.958179e+001
      vertex  3.387420e+002  5.416025e+003  1.852616e+001
    endloop
  endfacet
  facet normal -6.549076e-001  4.055685e-002  7.546200e-001
    outer loop
      vertex  2.092125e+002  3.249615e+003  2.254524e+001
      vertex  3.387420e+002  5.416025e+003  1.852616e+001
      vertex  3.374673e+002  5.416025e+003  1.741988e+001
    endloop
  endfacet
  facet normal -5.916187e-001  3.692131e-002  8.053720e-001
    outer loop
      vertex  2.160173e+002  3.249615e+003  2.784989e+001
      vertex  3.426982e+002  5.416025e+003  2.159203e+001
      vertex  3.413643e+002  5.416025e+003  2.061221e+001
    endloop
  endfacet
  facet normal -6.115709e-001  3.802529e-002  7.902753e-001
    outer loop
      vertex  2.160173e+002  3.249615e+003  2.784989e+001
      vertex  3.413643e+002  5.416025e+003  2.061221e+001
      vertex  3.400328e+002  5.416025e+003  1.958179e+001
    endloop
  endfacet
  facet normal -5.947235e-001  3.710972e-002  8.030733e-001
    outer loop
      vertex  2.160173e+002  3.249615e+003  2.784989e+001
      vertex  3.400328e+002  5.416025e+003  1.958179e+001
      vertex  2.122705e+002  3.249615e+003  2.507518e+001
    endloop
  endfacet
  facet normal -5.947235e-001  3.710971e-002  8.030734e-001
    outer loop
      vertex  2.160173e+002  3.249615e+003  2.784989e+001
      vertex  2.122705e+002  3.249615e+003  2.507518e+001
      vertex  2.062699e+001  4.547474e-013  3.331527e+001
    endloop
  endfacet
  facet normal -5.923898e-001  3.697230e-002  8.048027e-001
    outer loop
      vertex  2.160173e+002  3.249615e+003  2.784989e+001
      vertex  2.062699e+001  4.547474e-013  3.331527e+001
      vertex  2.508670e+001  0.000000e+000  3.659792e+001
    endloop
  endfacet
  facet normal -5.552828e-001  3.486242e-002  8.309307e-001
    outer loop
      vertex  2.160173e+002  3.249615e+003  2.784989e+001
      vertex  2.508670e+001  0.000000e+000  3.659792e+001
      vertex  2.954035e+001  4.547474e-013  3.957415e+001
    endloop
  endfacet
  facet normal -5.536294e-001  3.477153e-002  8.320370e-001
    outer loop
      vertex  2.160173e+002  3.249615e+003  2.784989e+001
      vertex  2.954035e+001  4.547474e-013  3.957415e+001
      vertex  2.197579e+002  3.249615e+003  3.033886e+001
    endloop
  endfacet
  facet normal -5.536296e-001  3.476189e-002  8.320372e-001
    outer loop
      vertex  2.160173e+002  3.249615e+003  2.784989e+001
      vertex  2.197579e+002  3.249615e+003  3.033886e+001
      vertex  3.458290e+002  5.416025e+003  2.371441e+001
    endloop
  endfacet
  facet normal -5.501177e-001  3.455592e-002  8.343719e-001
    outer loop
      vertex  2.160173e+002  3.249615e+003  2.784989e+001
      vertex  3.458290e+002  5.416025e+003  2.371441e+001
      vertex  3.442650e+002  5.416025e+003  2.268325e+001
    endloop
  endfacet
  facet normal -5.711269e-001  3.576554e-002  8.200822e-001
    outer loop
      vertex  2.160173e+002  3.249615e+003  2.784989e+001
      vertex  3.442650e+002  5.416025e+003  2.268325e+001
      vertex  3.426982e+002  5.416025e+003  2.159203e+001
    endloop
  endfacet
  facet normal  7.823734e-002  6.148120e-003  9.969159e-001
    outer loop
      vertex  7.600306e+002  3.249615e+003  7.526096e+001
      vertex  7.655845e+002  5.416025e+003  6.146453e+001
      vertex  7.542202e+002  5.416025e+003  6.235640e+001
    endloop
  endfacet
  facet normal  7.406060e-002  6.138818e-003  9.972348e-001
    outer loop
      vertex  7.600306e+002  3.249615e+003  7.526096e+001
      vertex  7.542202e+002  5.416025e+003  6.235640e+001
      vertex  7.428525e+002  5.416025e+003  6.320063e+001
    endloop
  endfacet
  facet normal  8.281608e-002  6.204405e-003  9.965456e-001
    outer loop
      vertex  7.600306e+002  3.249615e+003  7.526096e+001
      vertex  7.428525e+002  5.416025e+003  6.320063e+001
      vertex  7.305416e+002  3.249615e+003  7.771159e+001
    endloop
  endfacet
  facet normal  8.281609e-002  6.181916e-003  9.965456e-001
    outer loop
      vertex  7.600306e+002  3.249615e+003  7.526096e+001
      vertex  7.305416e+002  3.249615e+003  7.771159e+001
      vertex  7.317287e+002  9.094947e-013  9.777142e+001
    endloop
  endfacet
  facet normal  9.071663e-002  6.108345e-003  9.958581e-001
    outer loop
      vertex  7.600306e+002  3.249615e+003  7.526096e+001
      vertex  7.317287e+002  9.094947e-013  9.777142e+001
      vertex  7.513755e+002  4.547474e-013  9.598171e+001
    endloop
  endfacet
  facet normal  9.471817e-002  6.095311e-003  9.954855e-001
    outer loop
      vertex  7.600306e+002  3.249615e+003  7.526096e+001
      vertex  7.513755e+002  4.547474e-013  9.598171e+001
      vertex  7.710151e+002  9.094947e-013  9.411304e+001
    endloop
  endfacet
  facet normal  9.855916e-002  6.106131e-003  9.951124e-001
    outer loop
      vertex  7.600306e+002  3.249615e+003  7.526096e+001
      vertex  7.710151e+002  9.094947e-013  9.411304e+001
      vertex  7.906474e+002  9.094947e-013  9.216860e+001
    endloop
  endfacet
  facet normal  9.084675e-002  6.037286e-003  9.958466e-001
    outer loop
      vertex  7.600306e+002  3.249615e+003  7.526096e+001
      vertex  7.906474e+002  9.094947e-013  9.216860e+001
      vertex  7.894997e+002  3.249615e+003  7.257262e+001
    endloop
  endfacet
  facet normal  9.084675e-002  6.037286e-003  9.958466e-001
    outer loop
      vertex  7.600306e+002  3.249615e+003  7.526096e+001
      vertex  7.894997e+002  3.249615e+003  7.257262e+001
      vertex  7.887346e+002  5.416025e+003  5.950863e+001
    endloop
  endfacet
  facet normal  8.612777e-002  6.102857e-003  9.962655e-001
    outer loop
      vertex  7.600306e+002  3.249615e+003  7.526096e+001
      vertex  7.887346e+002  5.416025e+003  5.950863e+001
      vertex  7.771614e+002  5.416025e+003  6.050913e+001
    endloop
  endfacet
  facet normal  8.224501e-002  6.135792e-003  9.965933e-001
    outer loop
      vertex  7.600306e+002  3.249615e+003  7.526096e+001
      vertex  7.771614e+002  5.416025e+003  6.050913e+001
      vertex  7.655845e+002  5.416025e+003  6.146453e+001
    endloop
  endfacet
  facet normal  2.206088e-001  8.241415e-003  9.753276e-001
    outer loop
      vertex  1.224323e+003  5.416025e+003 -7.783953e+000
      vertex  1.348953e+003  3.249615e+003 -1.766796e+001
      vertex  1.329162e+003  4.062019e+003 -2.005630e+001
    endloop
  endfacet
  facet normal  2.161835e-001  7.889763e-003  9.763209e-001
    outer loop
      vertex  1.224323e+003  5.416025e+003 -7.783953e+000
      vertex  1.329162e+003  4.062019e+003 -2.005630e+001
      vertex  1.304577e+003  4.468221e+003 -1.789491e+001
    endloop
  endfacet
  facet normal  2.161864e-001  7.890018e-003  9.763202e-001
    outer loop
      vertex  1.224323e+003  5.416025e+003 -7.783953e+000
      vertex  1.304577e+003  4.468221e+003 -1.789491e+001
      vertex  1.279991e+003  4.874423e+003 -1.573352e+001
    endloop
  endfacet
  facet normal  2.161847e-001  7.889835e-003  9.763206e-001
    outer loop
      vertex  1.224323e+003  5.416025e+003 -7.783953e+000
      vertex  1.279991e+003  4.874423e+003 -1.573352e+001
      vertex  1.255405e+003  5.280625e+003 -1.357213e+001
    endloop
  endfacet
  facet normal  2.161851e-001  7.889935e-003  9.763204e-001
    outer loop
      vertex  1.224323e+003  5.416025e+003 -7.783953e+000
      vertex  1.255405e+003  5.280625e+003 -1.357213e+001
      vertex  1.230819e+003  5.686827e+003 -1.141074e+001
    endloop
  endfacet
  facet normal  2.151033e-001  7.919081e-003  9.765592e-001
    outer loop
      vertex  1.224323e+003  5.416025e+003 -7.783953e+000
      vertex  1.230819e+003  5.686827e+003 -1.141074e+001
      vertex  1.162008e+003  6.499231e+003 -2.841952e+000
    endloop
  endfacet
  facet normal  2.283384e-001  8.640274e-003  9.735435e-001
    outer loop
      vertex  1.575021e+003 -4.547474e-013 -4.167019e+001
      vertex  1.329162e+003  4.062019e+003 -2.005630e+001
      vertex  1.535897e+003  4.547474e-013 -3.249396e+001
    endloop
  endfacet
  facet normal  2.206087e-001  8.241413e-003  9.753275e-001
    outer loop
      vertex  1.535897e+003  4.547474e-013 -3.249396e+001
      vertex  1.329162e+003  4.062019e+003 -2.005630e+001
      vertex  1.348953e+003  3.249615e+003 -1.766796e+001
    endloop
  endfacet
  facet normal  2.218878e-001  8.316322e-003  9.750368e-001
    outer loop
      vertex  1.535897e+003  4.547474e-013 -3.249396e+001
      vertex  1.348953e+003  3.249615e+003 -1.766796e+001
      vertex  1.496715e+003  0.000000e+000 -2.357717e+001
    endloop
  endfacet
  facet normal  2.162121e-001  8.055923e-003  9.763132e-001
    outer loop
      vertex  1.496715e+003  0.000000e+000 -2.357717e+001
      vertex  1.348953e+003  3.249615e+003 -1.766796e+001
      vertex  1.319528e+003  3.249615e+003 -1.115166e+001
    endloop
  endfacet
  facet normal  2.153309e-001  8.007131e-003  9.765083e-001
    outer loop
      vertex  1.496715e+003  0.000000e+000 -2.357717e+001
      vertex  1.319528e+003  3.249615e+003 -1.115166e+001
      vertex  1.457576e+003 -4.547474e-013 -1.494658e+001
    endloop
  endfacet
  facet normal  2.096471e-001  7.764230e-003  9.777463e-001
    outer loop
      vertex  1.457576e+003 -4.547474e-013 -1.494658e+001
      vertex  1.319528e+003  3.249615e+003 -1.115166e+001
      vertex  1.290138e+003  3.249615e+003 -4.849813e+000
    endloop
  endfacet
  facet normal  2.085766e-001  7.708358e-003  9.779756e-001
    outer loop
      vertex  1.457576e+003 -4.547474e-013 -1.494658e+001
      vertex  1.290138e+003  3.249615e+003 -4.849813e+000
      vertex  1.418377e+003  0.000000e+000 -6.586619e+000
    endloop
  endfacet
  facet normal  2.028835e-001  7.483052e-003  9.791742e-001
    outer loop
      vertex  1.418377e+003  0.000000e+000 -6.586619e+000
      vertex  1.290138e+003  3.249615e+003 -4.849813e+000
      vertex  1.260704e+003  3.249615e+003  1.248811e+000
    endloop
  endfacet
  facet normal  2.017163e-001  7.425837e-003  9.794158e-001
    outer loop
      vertex  1.418377e+003  0.000000e+000 -6.586619e+000
      vertex  1.260704e+003  3.249615e+003  1.248811e+000
      vertex  1.379263e+003  0.000000e+000  1.469287e+000
    endloop
  endfacet
  facet normal  1.960159e-001  7.217942e-003  9.805741e-001
    outer loop
      vertex  1.379263e+003  0.000000e+000  1.469287e+000
      vertex  1.260704e+003  3.249615e+003  1.248811e+000
      vertex  1.231334e+003  3.249615e+003  7.119772e+000
    endloop
  endfacet
  facet normal  1.950064e-001  7.171636e-003  9.807757e-001
    outer loop
      vertex  1.379263e+003  0.000000e+000  1.469287e+000
      vertex  1.231334e+003  3.249615e+003  7.119772e+000
      vertex  1.340093e+003  0.000000e+000  9.257246e+000
    endloop
  endfacet
  facet normal  1.892972e-001  6.981298e-003  9.818950e-001
    outer loop
      vertex  1.340093e+003  0.000000e+000  9.257246e+000
      vertex  1.231334e+003  3.249615e+003  7.119772e+000
      vertex  1.201925e+003  3.249615e+003  1.278955e+001
    endloop
  endfacet
  facet normal  1.886407e-001  6.953245e-003  9.820216e-001
    outer loop
      vertex  1.340093e+003  0.000000e+000  9.257246e+000
      vertex  1.201925e+003  3.249615e+003  1.278955e+001
      vertex  1.300875e+003  0.000000e+000  1.679096e+001
    endloop
  endfacet
  facet normal  1.829244e-001  6.780520e-003  9.831036e-001
    outer loop
      vertex  1.300875e+003  0.000000e+000  1.679096e+001
      vertex  1.201925e+003  3.249615e+003  1.278955e+001
      vertex  1.172479e+003  3.249615e+003  1.826843e+001
    endloop
  endfacet
  facet normal  1.826917e-001  6.771306e-003  9.831469e-001
    outer loop
      vertex  1.300875e+003  0.000000e+000  1.679096e+001
      vertex  1.172479e+003  3.249615e+003  1.826843e+001
      vertex  1.261611e+003  0.000000e+000  2.408705e+001
    endloop
  endfacet
  facet normal  1.769691e-001  6.616219e-003  9.841942e-001
    outer loop
      vertex  1.261611e+003  0.000000e+000  2.408705e+001
      vertex  1.172479e+003  3.249615e+003  1.826843e+001
      vertex  1.143001e+003  3.249615e+003  2.356891e+001
    endloop
  endfacet
  facet normal  1.780120e-001  6.654253e-003  9.840058e-001
    outer loop
      vertex  1.261611e+003  0.000000e+000  2.408705e+001
      vertex  1.143001e+003  3.249615e+003  2.356891e+001
      vertex  1.235508e+003  0.000000e+000  2.880930e+001
    endloop
  endfacet
  facet normal  1.713781e-001  6.467309e-003  9.851841e-001
    outer loop
      vertex  1.235508e+003  0.000000e+000  2.880930e+001
      vertex  1.143001e+003  3.249615e+003  2.356891e+001
      vertex  1.113601e+003  3.249615e+003  2.868324e+001
    endloop
  endfacet
  facet normal  1.743972e-001  6.580546e-003  9.846534e-001
    outer loop
      vertex  1.235508e+003  0.000000e+000  2.880930e+001
      vertex  1.113601e+003  3.249615e+003  2.868324e+001
      vertex  1.209387e+003 -4.547474e-013  3.343561e+001
    endloop
  endfacet
  facet normal -9.857889e-001  5.977580e-002  1.569937e-001
    outer loop
      vertex  3.284751e+002  5.416025e+003  4.076535e+000
      vertex  3.940293e+002  6.499231e+003  3.268026e+000
      vertex  3.282587e+002  5.416025e+003  2.717723e+000
    endloop
  endfacet
  facet normal -9.872181e-001  5.986730e-002  1.477029e-001
    outer loop
      vertex  3.282587e+002  5.416025e+003  2.717723e+000
      vertex  3.940293e+002  6.499231e+003  3.268026e+000
      vertex  3.939070e+002  6.499231e+003  2.450500e+000
    endloop
  endfacet
  facet normal -9.965438e-001  6.041011e-002  5.701905e-002
    outer loop
      vertex  3.282587e+002  5.416025e+003  2.717723e+000
      vertex  3.939070e+002  6.499231e+003  2.450500e+000
      vertex  3.281809e+002  5.416025e+003  1.357103e+000
    endloop
  endfacet
  facet normal -9.951382e-001  6.030377e-002  7.786880e-002
    outer loop
      vertex  3.281809e+002  5.416025e+003  1.357103e+000
      vertex  3.939070e+002  6.499231e+003  2.450500e+000
      vertex  3.938429e+002  6.499231e+003  1.632270e+000
    endloop
  endfacet
  facet normal -9.981503e-001  6.050464e-002  5.925544e-003
    outer loop
      vertex  3.281809e+002  5.416025e+003  1.357103e+000
      vertex  3.938429e+002  6.499231e+003  1.632270e+000
      vertex  3.938381e+002  6.499231e+003  8.149067e-001
    endloop
  endfacet
  facet normal -8.690361e-001  5.296806e-002  4.919050e-001
    outer loop
      vertex  3.961161e+002  6.499231e+003  8.461583e+000
      vertex  3.954542e+002  6.499231e+003  7.292229e+000
      vertex  3.308637e+002  5.416025e+003  9.820887e+000
    endloop
  endfacet
  facet normal -8.611023e-001  5.252720e-002  5.057111e-001
    outer loop
      vertex  3.308637e+002  5.416025e+003  9.820887e+000
      vertex  3.954542e+002  6.499231e+003  7.292229e+000
      vertex  3.303589e+002  5.416025e+003  8.961350e+000
    endloop
  endfacet
  facet normal -8.611031e-001  5.250993e-002  5.057115e-001
    outer loop
      vertex  3.308637e+002  5.416025e+003  9.820887e+000
      vertex  3.303589e+002  5.416025e+003  8.961350e+000
      vertex  2.002535e+002  3.249615e+003  1.237016e+001
    endloop
  endfacet
  facet normal -8.649148e-001  5.272851e-002  4.991414e-001
    outer loop
      vertex  2.002535e+002  3.249615e+003  1.237016e+001
      vertex  3.303589e+002  5.416025e+003  8.961350e+000
      vertex  1.994792e+002  3.249615e+003  1.102841e+001
    endloop
  endfacet
  facet normal -8.649144e-001  5.273525e-002  4.991412e-001
    outer loop
      vertex  2.002535e+002  3.249615e+003  1.237016e+001
      vertex  1.994792e+002  3.249615e+003  1.102841e+001
      vertex  4.061782e+000 -4.547474e-013  1.573637e+001
    endloop
  endfacet
  facet normal -8.711882e-001  5.309649e-002  4.880694e-001
    outer loop
      vertex  4.061782e+000 -4.547474e-013  1.573637e+001
      vertex  1.994792e+002  3.249615e+003  1.102841e+001
      vertex  3.210664e+000 -9.094947e-013  1.421715e+001
    endloop
  endfacet
  facet normal -8.467099e-001  5.166766e-002  5.295402e-001
    outer loop
      vertex  4.061782e+000 -4.547474e-013  1.573637e+001
      vertex  5.101867e+000 -9.094947e-013  1.739942e+001
      vertex  2.002535e+002  3.249615e+003  1.237016e+001
    endloop
  endfacet
  facet normal -8.378460e-001  5.115696e-002  5.435046e-001
    outer loop
      vertex  2.002535e+002  3.249615e+003  1.237016e+001
      vertex  5.101867e+000 -9.094947e-013  1.739942e+001
      vertex  2.011091e+002  3.249615e+003  1.368913e+001
    endloop
  endfacet
  facet normal -8.378461e-001  5.115227e-002  5.435047e-001
    outer loop
      vertex  2.002535e+002  3.249615e+003  1.237016e+001
      vertex  2.011091e+002  3.249615e+003  1.368913e+001
      vertex  3.308637e+002  5.416025e+003  9.820887e+000
    endloop
  endfacet
  facet normal -8.390633e-001  5.122181e-002  5.416170e-001
    outer loop
      vertex  3.308637e+002  5.416025e+003  9.820887e+000
      vertex  2.011091e+002  3.249615e+003  1.368913e+001
      vertex  3.314108e+002  5.416025e+003  1.066843e+001
    endloop
  endfacet
  facet normal -8.390633e-001  5.122488e-002  5.416169e-001
    outer loop
      vertex  3.308637e+002  5.416025e+003  9.820887e+000
      vertex  3.314108e+002  5.416025e+003  1.066843e+001
      vertex  3.961161e+002  6.499231e+003  8.461583e+000
    endloop
  endfacet
  facet normal -8.345941e-001  5.097194e-002  5.485020e-001
    outer loop
      vertex  3.961161e+002  6.499231e+003  8.461583e+000
      vertex  3.314108e+002  5.416025e+003  1.066843e+001
      vertex  3.968680e+002  6.499231e+003  9.605700e+000
    endloop
  endfacet
  facet normal -7.691728e-001  4.715547e-002  6.372987e-001
    outer loop
      vertex  3.976984e+002  6.499231e+003  1.072079e+001
      vertex  3.326182e+002  5.416025e+003  1.232306e+001
      vertex  3.985955e+002  6.499231e+003  1.180352e+001
    endloop
  endfacet
  facet normal -7.658420e-001  4.695452e-002  6.413121e-001
    outer loop
      vertex  3.985955e+002  6.499231e+003  1.180352e+001
      vertex  3.326182e+002  5.416025e+003  1.232306e+001
      vertex  3.339531e+002  5.416025e+003  1.391717e+001
    endloop
  endfacet
  facet normal -7.350309e-001  4.518452e-002  6.765264e-001
    outer loop
      vertex  3.985955e+002  6.499231e+003  1.180352e+001
      vertex  3.339531e+002  5.416025e+003  1.391717e+001
      vertex  3.998450e+002  6.499231e+003  1.316105e+001
    endloop
  endfacet
  facet normal -7.281315e-001  4.477002e-002  6.839738e-001
    outer loop
      vertex  3.998450e+002  6.499231e+003  1.316105e+001
      vertex  3.339531e+002  5.416025e+003  1.391717e+001
      vertex  3.353875e+002  5.416025e+003  1.544413e+001
    endloop
  endfacet
  facet normal -6.997448e-001  4.314220e-002  7.130890e-001
    outer loop
      vertex  3.998450e+002  6.499231e+003  1.316105e+001
      vertex  3.353875e+002  5.416025e+003  1.544413e+001
      vertex  4.011625e+002  6.499231e+003  1.445393e+001
    endloop
  endfacet
  facet normal -6.989310e-001  4.309352e-002  7.138897e-001
    outer loop
      vertex  4.011625e+002  6.499231e+003  1.445393e+001
      vertex  3.353875e+002  5.416025e+003  1.544413e+001
      vertex  3.364144e+002  5.416025e+003  1.644953e+001
    endloop
  endfacet
  facet normal -6.679696e-001  4.129652e-002  7.430418e-001
    outer loop
      vertex  4.011625e+002  6.499231e+003  1.445393e+001
      vertex  3.364144e+002  5.416025e+003  1.644953e+001
      vertex  4.025253e+002  6.499231e+003  1.567901e+001
    endloop
  endfacet
  facet normal -6.770823e-001  4.184677e-002  7.347165e-001
    outer loop
      vertex  4.025253e+002  6.499231e+003  1.567901e+001
      vertex  3.364144e+002  5.416025e+003  1.644953e+001
      vertex  3.374673e+002  5.416025e+003  1.741988e+001
    endloop
  endfacet
  facet normal -6.549079e-001  4.054695e-002  7.546202e-001
    outer loop
      vertex  4.025253e+002  6.499231e+003  1.567901e+001
      vertex  3.374673e+002  5.416025e+003  1.741988e+001
      vertex  3.387420e+002  5.416025e+003  1.852616e+001
    endloop
  endfacet
  facet normal -6.393061e-001  3.966324e-002  7.679288e-001
    outer loop
      vertex  4.025253e+002  6.499231e+003  1.567901e+001
      vertex  3.387420e+002  5.416025e+003  1.852616e+001
      vertex  4.039140e+002  6.499231e+003  1.683509e+001
    endloop
  endfacet
  facet normal -6.325836e-001  3.926747e-002  7.734959e-001
    outer loop
      vertex  4.039140e+002  6.499231e+003  1.683509e+001
      vertex  3.387420e+002  5.416025e+003  1.852616e+001
      vertex  3.400328e+002  5.416025e+003  1.958179e+001
    endloop
  endfacet
  facet normal -6.115698e-001  3.807074e-002  7.902740e-001
    outer loop
      vertex  4.039140e+002  6.499231e+003  1.683509e+001
      vertex  3.400328e+002  5.416025e+003  1.958179e+001
      vertex  3.413643e+002  5.416025e+003  2.061221e+001
    endloop
  endfacet
  facet normal -6.048832e-001  3.770257e-002  7.954212e-001
    outer loop
      vertex  4.039140e+002  6.499231e+003  1.683509e+001
      vertex  3.413643e+002  5.416025e+003  2.061221e+001
      vertex  4.062866e+002  6.499231e+003  1.863934e+001
    endloop
  endfacet
  facet normal -5.916187e-001  3.692568e-002  8.053719e-001
    outer loop
      vertex  4.062866e+002  6.499231e+003  1.863934e+001
      vertex  3.413643e+002  5.416025e+003  2.061221e+001
      vertex  3.426982e+002  5.416025e+003  2.159203e+001
    endloop
  endfacet
  facet normal -5.711269e-001  3.576283e-002  8.200823e-001
    outer loop
      vertex  4.062866e+002  6.499231e+003  1.863934e+001
      vertex  3.426982e+002  5.416025e+003  2.159203e+001
      vertex  3.442650e+002  5.416025e+003  2.268325e+001
    endloop
  endfacet
  facet normal -5.656644e-001  3.546420e-002  8.238727e-001
    outer loop
      vertex  4.062866e+002  6.499231e+003  1.863934e+001
      vertex  3.442650e+002  5.416025e+003  2.268325e+001
      vertex  4.086579e+002  6.499231e+003  2.026746e+001
    endloop
  endfacet
  facet normal -5.501176e-001  3.456342e-002  8.343716e-001
    outer loop
      vertex  4.086579e+002  6.499231e+003  2.026746e+001
      vertex  3.442650e+002  5.416025e+003  2.268325e+001
      vertex  3.458290e+002  5.416025e+003  2.371441e+001
    endloop
  endfacet
  facet normal -5.287599e-001  3.336835e-002  8.481153e-001
    outer loop
      vertex  4.086579e+002  6.499231e+003  2.026746e+001
      vertex  3.458290e+002  5.416025e+003  2.371441e+001
      vertex  4.112332e+002  6.499231e+003  2.187309e+001
    endloop
  endfacet
  facet normal -5.223106e-001  3.298575e-002  8.521171e-001
    outer loop
      vertex  4.112332e+002  6.499231e+003  2.187309e+001
      vertex  3.458290e+002  5.416025e+003  2.371441e+001
      vertex  3.487221e+002  5.416025e+003  2.548775e+001
    endloop
  endfacet
  facet normal -4.944825e-001  3.143487e-002  8.686190e-001
    outer loop
      vertex  4.112332e+002  6.499231e+003  2.187309e+001
      vertex  3.487221e+002  5.416025e+003  2.548775e+001
      vertex  4.138289e+002  6.499231e+003  2.335074e+001
    endloop
  endfacet
  facet normal -4.894859e-001  3.114014e-002  8.714550e-001
    outer loop
      vertex  4.138289e+002  6.499231e+003  2.335074e+001
      vertex  3.487221e+002  5.416025e+003  2.548775e+001
      vertex  3.516376e+002  5.416025e+003  2.712536e+001
    endloop
  endfacet
  facet normal -4.628634e-001  2.966209e-002  8.859332e-001
    outer loop
      vertex  4.138289e+002  6.499231e+003  2.335074e+001
      vertex  3.516376e+002  5.416025e+003  2.712536e+001
      vertex  4.169232e+002  6.499231e+003  2.496735e+001
    endloop
  endfacet
  facet normal -4.584425e-001  2.940022e-002  8.882377e-001
    outer loop
      vertex  4.169232e+002  6.499231e+003  2.496735e+001
      vertex  3.516376e+002  5.416025e+003  2.712536e+001
      vertex  3.552568e+002  5.416025e+003  2.899333e+001
    endloop
  endfacet
  facet normal -4.349594e-001  2.810710e-002  9.000113e-001
    outer loop
      vertex  4.169232e+002  6.499231e+003  2.496735e+001
      vertex  3.552568e+002  5.416025e+003  2.899333e+001
      vertex  4.201104e+002  6.499231e+003  2.650768e+001
    endloop
  endfacet
  facet normal -4.304687e-001  2.784321e-002  9.021760e-001
    outer loop
      vertex  4.201104e+002  6.499231e+003  2.650768e+001
      vertex  3.552568e+002  5.416025e+003  2.899333e+001
      vertex  3.589841e+002  5.416025e+003  3.077176e+001
    endloop
  endfacet
  facet normal -4.121719e-001  2.684430e-002  9.107106e-001
    outer loop
      vertex  4.201104e+002  6.499231e+003  2.650768e+001
      vertex  3.589841e+002  5.416025e+003  3.077176e+001
      vertex  4.233926e+002  6.499231e+003  2.799316e+001
    endloop
  endfacet
  facet normal -4.076286e-001  2.657941e-002  9.127609e-001
    outer loop
      vertex  4.233926e+002  6.499231e+003  2.799316e+001
      vertex  3.589841e+002  5.416025e+003  3.077176e+001
      vertex  3.628218e+002  5.416025e+003  3.248565e+001
    endloop
  endfacet
  facet normal -3.926367e-001  2.576834e-002  9.193326e-001
    outer loop
      vertex  4.233926e+002  6.499231e+003  2.799316e+001
      vertex  3.628218e+002  5.416025e+003  3.248565e+001
      vertex  4.267545e+002  6.499231e+003  2.942900e+001
    endloop
  endfacet
  facet normal -3.880500e-001  2.550314e-002  9.212855e-001
    outer loop
      vertex  4.267545e+002  6.499231e+003  2.942900e+001
      vertex  3.628218e+002  5.416025e+003  3.248565e+001
      vertex  3.667523e+002  5.416025e+003  3.414117e+001
    endloop
  endfacet
  facet normal -3.747071e-001  2.478807e-002  9.268118e-001
    outer loop
      vertex  4.267545e+002  6.499231e+003  2.942900e+001
      vertex  3.667523e+002  5.416025e+003  3.414117e+001
      vertex  4.301711e+002  6.499231e+003  3.081032e+001
    endloop
  endfacet
  facet normal -3.700849e-001  2.452318e-002  9.286743e-001
    outer loop
      vertex  4.301711e+002  6.499231e+003  3.081032e+001
      vertex  3.667523e+002  5.416025e+003  3.414117e+001
      vertex  3.707461e+002  5.416025e+003  3.573277e+001
    endloop
  endfacet
  facet normal -3.573024e-001  2.384470e-002  9.336843e-001
    outer loop
      vertex  4.301711e+002  6.499231e+003  3.081032e+001
      vertex  3.707461e+002  5.416025e+003  3.573277e+001
      vertex  4.336150e+002  6.499231e+003  3.212822e+001
    endloop
  endfacet
  facet normal -3.526435e-001  2.358020e-002  9.354606e-001
    outer loop
      vertex  4.336150e+002  6.499231e+003  3.212822e+001
      vertex  3.707461e+002  5.416025e+003  3.573277e+001
      vertex  3.747715e+002  5.416025e+003  3.725021e+001
    endloop
  endfacet
  facet normal -3.408277e-001  2.295906e-002  9.398453e-001
    outer loop
      vertex  4.336150e+002  6.499231e+003  3.212822e+001
      vertex  3.747715e+002  5.416025e+003  3.725021e+001
      vertex  4.367627e+002  6.499231e+003  3.326971e+001
    endloop
  endfacet
  facet normal -3.317264e-001  2.245019e-002  9.431084e-001
    outer loop
      vertex  4.367627e+002  6.499231e+003  3.326971e+001
      vertex  3.747715e+002  5.416025e+003  3.725021e+001
      vertex  3.805653e+002  5.416025e+003  3.928812e+001
    endloop
  endfacet
  facet normal -3.231972e-001  2.202418e-002  9.460754e-001
    outer loop
      vertex  4.367627e+002  6.499231e+003  3.326971e+001
      vertex  3.805653e+002  5.416025e+003  3.928812e+001
      vertex  4.409263e+002  6.499231e+003  3.469206e+001
    endloop
  endfacet
  facet normal -2.888471e-001  2.020537e-002  9.571620e-001
    outer loop
      vertex  4.450760e+002  6.499231e+003  3.602011e+001
      vertex  3.863374e+002  5.416025e+003  4.116040e+001
      vertex  4.492210e+002  6.499231e+003  3.727095e+001
    endloop
  endfacet
  facet normal -2.883348e-001  2.017619e-002  9.573170e-001
    outer loop
      vertex  4.492210e+002  6.499231e+003  3.727095e+001
      vertex  3.863374e+002  5.416025e+003  4.116040e+001
      vertex  3.920940e+002  5.416025e+003  4.289422e+001
    endloop
  endfacet
  facet normal -2.758697e-001  1.953789e-002  9.609965e-001
    outer loop
      vertex  4.492210e+002  6.499231e+003  3.727095e+001
      vertex  3.920940e+002  5.416025e+003  4.289422e+001
      vertex  4.533759e+002  6.499231e+003  3.846369e+001
    endloop
  endfacet
  facet normal -2.722269e-001  1.933607e-002  9.620388e-001
    outer loop
      vertex  4.533759e+002  6.499231e+003  3.846369e+001
      vertex  3.920940e+002  5.416025e+003  4.289422e+001
      vertex  3.978617e+002  5.416025e+003  4.452631e+001
    endloop
  endfacet
  facet normal -2.645827e-001  1.895626e-002  9.641767e-001
    outer loop
      vertex  4.533759e+002  6.499231e+003  3.846369e+001
      vertex  3.978617e+002  5.416025e+003  4.452631e+001
      vertex  4.582580e+002  6.499231e+003  3.980339e+001
    endloop
  endfacet
  facet normal -2.597723e-001  1.869377e-002  9.654890e-001
    outer loop
      vertex  4.582580e+002  6.499231e+003  3.980339e+001
      vertex  3.978617e+002  5.416025e+003  4.452631e+001
      vertex  4.035650e+002  5.416025e+003  4.606083e+001
    endloop
  endfacet
  facet normal -2.540925e-001  1.841575e-002  9.670045e-001
    outer loop
      vertex  4.582580e+002  6.499231e+003  3.980339e+001
      vertex  4.035650e+002  5.416025e+003  4.606083e+001
      vertex  4.631800e+002  6.499231e+003  4.109670e+001
    endloop
  endfacet
  facet normal -2.492682e-001  1.815601e-002  9.682643e-001
    outer loop
      vertex  4.631800e+002  6.499231e+003  4.109670e+001
      vertex  4.035650e+002  5.416025e+003  4.606083e+001
      vertex  4.093146e+002  5.416025e+003  4.754099e+001
    endloop
  endfacet
  facet normal -2.438838e-001  1.789644e-002  9.696393e-001
    outer loop
      vertex  4.631800e+002  6.499231e+003  4.109670e+001
      vertex  4.093146e+002  5.416025e+003  4.754099e+001
      vertex  4.681385e+002  6.499231e+003  4.234389e+001
    endloop
  endfacet
  facet normal -2.390468e-001  1.763956e-002  9.708477e-001
    outer loop
      vertex  4.681385e+002  6.499231e+003  4.234389e+001
      vertex  4.093146e+002  5.416025e+003  4.754099e+001
      vertex  4.151066e+002  5.416025e+003  4.896713e+001
    endloop
  endfacet
  facet normal -2.330443e-001  1.735464e-002  9.723113e-001
    outer loop
      vertex  4.681385e+002  6.499231e+003  4.234389e+001
      vertex  4.151066e+002  5.416025e+003  4.896713e+001
      vertex  4.731239e+002  6.499231e+003  4.353877e+001
    endloop
  endfacet
  facet normal -2.281951e-001  1.710070e-002  9.734652e-001
    outer loop
      vertex  4.731239e+002  6.499231e+003  4.353877e+001
      vertex  4.151066e+002  5.416025e+003  4.896713e+001
      vertex  4.209295e+002  5.416025e+003  5.033210e+001
    endloop
  endfacet
  facet normal -2.176827e-001  1.660929e-002  9.758783e-001
    outer loop
      vertex  4.731239e+002  6.499231e+003  4.353877e+001
      vertex  4.209295e+002  5.416025e+003  5.033210e+001
      vertex  4.811554e+002  6.499231e+003  4.533032e+001
    endloop
  endfacet
  facet normal -2.145985e-001  1.644097e-002  9.765640e-001
    outer loop
      vertex  4.811554e+002  6.499231e+003  4.533032e+001
      vertex  4.209295e+002  5.416025e+003  5.033210e+001
      vertex  4.285967e+002  5.416025e+003  5.201696e+001
    endloop
  endfacet
  facet normal -1.985543e-001  1.568347e-002  9.799644e-001
    outer loop
      vertex  4.811554e+002  6.499231e+003  4.533032e+001
      vertex  4.285967e+002  5.416025e+003  5.201696e+001
      vertex  4.362745e+002  5.416025e+003  5.357258e+001
    endloop
  endfacet
  facet normal -1.684911e-001  1.429191e-002  9.855995e-001
    outer loop
      vertex  4.948947e+002  6.499231e+003  4.801035e+001
      vertex  4.496327e+002  5.416025e+003  5.597993e+001
      vertex  5.017670e+002  6.499231e+003  4.918518e+001
    endloop
  endfacet
  facet normal -1.599345e-001  1.388905e-002  9.870299e-001
    outer loop
      vertex  5.017670e+002  6.499231e+003  4.918518e+001
      vertex  4.496327e+002  5.416025e+003  5.597993e+001
      vertex  4.553137e+002  5.416025e+003  5.690046e+001
    endloop
  endfacet
  facet normal -1.555228e-001  1.370490e-002  9.877372e-001
    outer loop
      vertex  5.017670e+002  6.499231e+003  4.918518e+001
      vertex  4.553137e+002  5.416025e+003  5.690046e+001
      vertex  5.086467e+002  6.499231e+003  5.026841e+001
    endloop
  endfacet
  facet normal -1.507928e-001  1.347652e-002  9.884735e-001
    outer loop
      vertex  5.086467e+002  6.499231e+003  5.026841e+001
      vertex  4.553137e+002  5.416025e+003  5.690046e+001
      vertex  4.611602e+002  5.416025e+003  5.779236e+001
    endloop
  endfacet
  facet normal -1.466276e-001  1.329829e-002  9.891024e-001
    outer loop
      vertex  5.086467e+002  6.499231e+003  5.026841e+001
      vertex  4.611602e+002  5.416025e+003  5.779236e+001
      vertex  5.125905e+002  6.499231e+003  5.085306e+001
    endloop
  endfacet
  facet normal -1.425323e-001  1.310770e-002  9.897033e-001
    outer loop
      vertex  5.125905e+002  6.499231e+003  5.085306e+001
      vertex  4.611602e+002  5.416025e+003  5.779236e+001
      vertex  4.670145e+002  5.416025e+003  5.863547e+001
    endloop
  endfacet
  facet normal -1.390654e-001  1.296538e-002  9.901983e-001
    outer loop
      vertex  5.125905e+002  6.499231e+003  5.085306e+001
      vertex  4.670145e+002  5.416025e+003  5.863547e+001
      vertex  5.191290e+002  6.499231e+003  5.177134e+001
    endloop
  endfacet
  facet normal -1.319520e-001  1.262934e-002  9.911756e-001
    outer loop
      vertex  5.191290e+002  6.499231e+003  5.177134e+001
      vertex  4.670145e+002  5.416025e+003  5.863547e+001
      vertex  4.784716e+002  5.416025e+003  6.016071e+001
    endloop
  endfacet
  facet normal -1.304963e-001  1.257620e-002  9.913690e-001
    outer loop
      vertex  5.191290e+002  6.499231e+003  5.177134e+001
      vertex  4.784716e+002  5.416025e+003  6.016071e+001
      vertex  5.256841e+002  6.499231e+003  5.263420e+001
    endloop
  endfacet
  facet normal -1.224789e-001  1.223389e-002  9.923957e-001
    outer loop
      vertex  5.256841e+002  6.499231e+003  5.263420e+001
      vertex  4.784716e+002  5.416025e+003  6.016071e+001
      vertex  5.322548e+002  6.499231e+003  5.344514e+001
    endloop
  endfacet
  facet normal -1.195179e-001  1.208911e-002  9.927585e-001
    outer loop
      vertex  5.322548e+002  6.499231e+003  5.344514e+001
      vertex  4.784716e+002  5.416025e+003  6.016071e+001
      vertex  4.899703e+002  5.416025e+003  6.154503e+001
    endloop
  endfacet
  facet normal -1.146451e-001  1.190321e-002  9.933352e-001
    outer loop
      vertex  5.322548e+002  6.499231e+003  5.344514e+001
      vertex  4.899703e+002  5.416025e+003  6.154503e+001
      vertex  5.388386e+002  6.499231e+003  5.420501e+001
    endloop
  endfacet
  facet normal -1.077255e-001  1.159631e-002  9.941130e-001
    outer loop
      vertex  5.388386e+002  6.499231e+003  5.420501e+001
      vertex  4.899703e+002  5.416025e+003  6.154503e+001
      vertex  5.015023e+002  5.416025e+003  6.279468e+001
    endloop
  endfacet
  facet normal -1.067649e-001  1.156402e-002  9.942170e-001
    outer loop
      vertex  5.388386e+002  6.499231e+003  5.420501e+001
      vertex  5.015023e+002  5.416025e+003  6.279468e+001
      vertex  5.454317e+002  6.499231e+003  5.491301e+001
    endloop
  endfacet
  facet normal -9.873684e-002  1.124450e-002  9.950500e-001
    outer loop
      vertex  5.454317e+002  6.499231e+003  5.491301e+001
      vertex  5.015023e+002  5.416025e+003  6.279468e+001
      vertex  5.520305e+002  6.499231e+003  5.556779e+001
    endloop
  endfacet
  facet normal -9.578896e-002  1.110893e-002  9.953397e-001
    outer loop
      vertex  5.520305e+002  6.499231e+003  5.556779e+001
      vertex  5.015023e+002  5.416025e+003  6.279468e+001
      vertex  5.130532e+002  5.416025e+003  6.390631e+001
    endloop
  endfacet
  facet normal -8.782951e-002  1.082819e-002  9.960766e-001
    outer loop
      vertex  5.520305e+002  6.499231e+003  5.556779e+001
      vertex  5.130532e+002  5.416025e+003  6.390631e+001
      vertex  5.631754e+002  6.499231e+003  5.655050e+001
    endloop
  endfacet
  facet normal -8.365080e-002  1.063729e-002  9.964383e-001
    outer loop
      vertex  5.631754e+002  6.499231e+003  5.655050e+001
      vertex  5.130532e+002  5.416025e+003  6.390631e+001
      vertex  5.245525e+002  5.416025e+003  6.487167e+001
    endloop
  endfacet
  facet normal -7.544735e-002  1.034984e-002  9.970961e-001
    outer loop
      vertex  5.631754e+002  6.499231e+003  5.655050e+001
      vertex  5.245525e+002  5.416025e+003  6.487167e+001
      vertex  5.725984e+002  6.499231e+003  5.726351e+001
    endloop
  endfacet
  facet normal -7.174518e-002  1.018756e-002  9.973710e-001
    outer loop
      vertex  5.725984e+002  6.499231e+003  5.726351e+001
      vertex  5.245525e+002  5.416025e+003  6.487167e+001
      vertex  5.360524e+002  5.416025e+003  6.569891e+001
    endloop
  endfacet
  facet normal -6.472826e-002  9.954574e-003  9.978532e-001
    outer loop
      vertex  5.725984e+002  6.499231e+003  5.726351e+001
      vertex  5.360524e+002  5.416025e+003  6.569891e+001
      vertex  5.820227e+002  6.499231e+003  5.787484e+001
    endloop
  endfacet
  facet normal -6.046676e-002  9.775663e-003  9.981223e-001
    outer loop
      vertex  5.820227e+002  6.499231e+003  5.787484e+001
      vertex  5.360524e+002  5.416025e+003  6.569891e+001
      vertex  5.475532e+002  5.416025e+003  6.639564e+001
    endloop
  endfacet
  facet normal -5.476088e-002  9.596697e-003  9.984534e-001
    outer loop
      vertex  5.820227e+002  6.499231e+003  5.787484e+001
      vertex  5.475532e+002  5.416025e+003  6.639564e+001
      vertex  5.914509e+002  6.499231e+003  5.839194e+001
    endloop
  endfacet
  facet normal -5.000451e-002  9.405798e-003  9.987047e-001
    outer loop
      vertex  5.914509e+002  6.499231e+003  5.839194e+001
      vertex  5.475532e+002  5.416025e+003  6.639564e+001
      vertex  5.590581e+002  5.416025e+003  6.697168e+001
    endloop
  endfacet
  facet normal -4.527901e-002  9.266280e-003  9.989314e-001
    outer loop
      vertex  5.914509e+002  6.499231e+003  5.839194e+001
      vertex  5.590581e+002  5.416025e+003  6.697168e+001
      vertex  6.012924e+002  6.499231e+003  5.883803e+001
    endloop
  endfacet
  facet normal -4.029688e-002  9.073641e-003  9.991466e-001
    outer loop
      vertex  6.012924e+002  6.499231e+003  5.883803e+001
      vertex  5.590581e+002  5.416025e+003  6.697168e+001
      vertex  5.705419e+002  5.416025e+003  6.743484e+001
    endloop
  endfacet
  facet normal -3.606915e-002  8.954913e-003  9.993092e-001
    outer loop
      vertex  6.012924e+002  6.499231e+003  5.883803e+001
      vertex  5.705419e+002  5.416025e+003  6.743484e+001
      vertex  6.111412e+002  6.499231e+003  5.919351e+001
    endloop
  endfacet
  facet normal -3.108605e-002  8.769429e-003  9.994782e-001
    outer loop
      vertex  6.111412e+002  6.499231e+003  5.919351e+001
      vertex  5.705419e+002  5.416025e+003  6.743484e+001
      vertex  5.820338e+002  5.416025e+003  6.779226e+001
    endloop
  endfacet
  facet normal -2.710111e-002  8.663277e-003  9.995952e-001
    outer loop
      vertex  6.111412e+002  6.499231e+003  5.919351e+001
      vertex  5.820338e+002  5.416025e+003  6.779226e+001
      vertex  6.209962e+002  6.499231e+003  5.946070e+001
    endloop
  endfacet
  facet normal -2.211588e-002  8.484917e-003  9.997194e-001
    outer loop
      vertex  6.209962e+002  6.499231e+003  5.946070e+001
      vertex  5.820338e+002  5.416025e+003  6.779226e+001
      vertex  5.935323e+002  5.416025e+003  6.804663e+001
    endloop
  endfacet
  facet normal -1.824343e-002  8.387360e-003  9.997984e-001
    outer loop
      vertex  6.209962e+002  6.499231e+003  5.946070e+001
      vertex  5.935323e+002  5.416025e+003  6.804663e+001
      vertex  6.308551e+002  6.499231e+003  5.964060e+001
    endloop
  endfacet
  facet normal -1.325783e-002  8.216197e-003  9.998784e-001
    outer loop
      vertex  6.308551e+002  6.499231e+003  5.964060e+001
      vertex  5.935323e+002  5.416025e+003  6.804663e+001
      vertex  6.050350e+002  5.416025e+003  6.819915e+001
    endloop
  endfacet
  facet normal -1.101217e-002  8.162886e-003  9.999061e-001
    outer loop
      vertex  6.308551e+002  6.499231e+003  5.964060e+001
      vertex  6.050350e+002  5.416025e+003  6.819915e+001
      vertex  6.372391e+002  6.499231e+003  5.971091e+001
    endloop
  endfacet
  facet normal -5.944594e-003  8.012571e-003  9.999503e-001
    outer loop
      vertex  6.372391e+002  6.499231e+003  5.971091e+001
      vertex  6.050350e+002  5.416025e+003  6.819915e+001
      vertex  6.126979e+002  5.416025e+003  6.824471e+001
    endloop
  endfacet
  facet normal -4.675107e-003  7.983864e-003  9.999572e-001
    outer loop
      vertex  6.372391e+002  6.499231e+003  5.971091e+001
      vertex  6.126979e+002  5.416025e+003  6.824471e+001
      vertex  6.452874e+002  6.499231e+003  5.974854e+001
    endloop
  endfacet
  facet normal -1.712440e-004  7.848455e-003  9.999692e-001
    outer loop
      vertex  6.452874e+002  6.499231e+003  5.974854e+001
      vertex  6.126979e+002  5.416025e+003  6.824471e+001
      vertex  6.203607e+002  5.416025e+003  6.824602e+001
    endloop
  endfacet
  facet normal  2.257157e-003  7.792555e-003  9.999671e-001
    outer loop
      vertex  6.452874e+002  6.499231e+003  5.974854e+001
      vertex  6.203607e+002  5.416025e+003  6.824602e+001
      vertex  6.533351e+002  6.499231e+003  5.973037e+001
    endloop
  endfacet
  facet normal  8.288861e-003  7.608702e-003  9.999367e-001
    outer loop
      vertex  6.533351e+002  6.499231e+003  5.973037e+001
      vertex  6.203607e+002  5.416025e+003  6.824602e+001
      vertex  6.356841e+002  5.416025e+003  6.811900e+001
    endloop
  endfacet
  facet normal  9.000820e-003  7.597053e-003  9.999306e-001
    outer loop
      vertex  6.533351e+002  6.499231e+003  5.973037e+001
      vertex  6.356841e+002  5.416025e+003  6.811900e+001
      vertex  6.613816e+002  6.499231e+003  5.965794e+001
    endloop
  endfacet
  facet normal  1.551886e-002  7.441808e-003  9.998518e-001
    outer loop
      vertex  6.613816e+002  6.499231e+003  5.965794e+001
      vertex  6.356841e+002  5.416025e+003  6.811900e+001
      vertex  6.694265e+002  6.499231e+003  5.953307e+001
    endloop
  endfacet
  facet normal  1.912140e-002  7.329099e-003  9.997903e-001
    outer loop
      vertex  6.694265e+002  6.499231e+003  5.953307e+001
      vertex  6.356841e+002  5.416025e+003  6.811900e+001
      vertex  6.510024e+002  5.416025e+003  6.782603e+001
    endloop
  endfacet
  facet normal  2.178248e-002  7.283422e-003  9.997362e-001
    outer loop
      vertex  6.694265e+002  6.499231e+003  5.953307e+001
      vertex  6.510024e+002  5.416025e+003  6.782603e+001
      vertex  6.774695e+002  6.499231e+003  5.935783e+001
    endloop
  endfacet
  facet normal  2.929332e-002  7.098413e-003  9.995457e-001
    outer loop
      vertex  6.774695e+002  6.499231e+003  5.935783e+001
      vertex  6.510024e+002  5.416025e+003  6.782603e+001
      vertex  6.663143e+002  5.416025e+003  6.737729e+001
    endloop
  endfacet
  facet normal  2.776836e-002  7.114438e-003  9.995890e-001
    outer loop
      vertex  6.774695e+002  6.499231e+003  5.935783e+001
      vertex  6.663143e+002  5.416025e+003  6.737729e+001
      vertex  6.855107e+002  6.499231e+003  5.913445e+001
    endloop
  endfacet
  facet normal  3.482327e-002  6.987739e-003  9.993691e-001
    outer loop
      vertex  6.855107e+002  6.499231e+003  5.913445e+001
      vertex  6.663143e+002  5.416025e+003  6.737729e+001
      vertex  6.975688e+002  6.499231e+003  5.871428e+001
    endloop
  endfacet
  facet normal  3.871062e-002  6.874437e-003  9.992269e-001
    outer loop
      vertex  6.975688e+002  6.499231e+003  5.871428e+001
      vertex  6.663143e+002  5.416025e+003  6.737729e+001
      vertex  6.816195e+002  5.416025e+003  6.678436e+001
    endloop
  endfacet
  facet normal  4.269034e-002  6.814633e-003  9.990651e-001
    outer loop
      vertex  6.975688e+002  6.499231e+003  5.871428e+001
      vertex  6.816195e+002  5.416025e+003  6.678436e+001
      vertex  7.096230e+002  6.499231e+003  5.819920e+001
    endloop
  endfacet
  facet normal  4.733410e-002  6.692929e-003  9.988567e-001
    outer loop
      vertex  7.096230e+002  6.499231e+003  5.819920e+001
      vertex  6.816195e+002  5.416025e+003  6.678436e+001
      vertex  6.969185e+002  5.416025e+003  6.605936e+001
    endloop
  endfacet
  facet normal  4.913159e-002  6.671217e-003  9.987700e-001
    outer loop
      vertex  7.096230e+002  6.499231e+003  5.819920e+001
      vertex  6.969185e+002  5.416025e+003  6.605936e+001
      vertex  7.189626e+002  6.499231e+003  5.773977e+001
    endloop
  endfacet
  facet normal  5.518506e-002  6.545602e-003  9.984546e-001
    outer loop
      vertex  7.189626e+002  6.499231e+003  5.773977e+001
      vertex  6.969185e+002  5.416025e+003  6.605936e+001
      vertex  7.122352e+002  5.416025e+003  6.521280e+001
    endloop
  endfacet
  facet normal  5.434984e-002  6.551106e-003  9.985005e-001
    outer loop
      vertex  7.189626e+002  6.499231e+003  5.773977e+001
      vertex  7.122352e+002  5.416025e+003  6.521280e+001
      vertex  7.283002e+002  6.499231e+003  5.723151e+001
    endloop
  endfacet
  facet normal  6.232449e-002  6.429406e-003  9.980353e-001
    outer loop
      vertex  7.283002e+002  6.499231e+003  5.723151e+001
      vertex  7.122352e+002  5.416025e+003  6.521280e+001
      vertex  7.275466e+002  5.416025e+003  6.425665e+001
    endloop
  endfacet
  facet normal  5.922736e-002  6.432783e-003  9.982238e-001
    outer loop
      vertex  7.283002e+002  6.499231e+003  5.723151e+001
      vertex  7.275466e+002  5.416025e+003  6.425665e+001
      vertex  7.376356e+002  6.499231e+003  5.667761e+001
    endloop
  endfacet
  facet normal  6.379612e-002  6.388261e-003  9.979425e-001
    outer loop
      vertex  7.376356e+002  6.499231e+003  5.667761e+001
      vertex  7.275466e+002  5.416025e+003  6.425665e+001
      vertex  7.469689e+002  6.499231e+003  5.608096e+001
    endloop
  endfacet
  facet normal  6.882920e-002  6.295496e-003  9.976085e-001
    outer loop
      vertex  7.469689e+002  6.499231e+003  5.608096e+001
      vertex  7.275466e+002  5.416025e+003  6.425665e+001
      vertex  7.428525e+002  5.416025e+003  6.320063e+001
    endloop
  endfacet
  facet normal  6.831557e-002  6.297680e-003  9.976439e-001
    outer loop
      vertex  7.469689e+002  6.499231e+003  5.608096e+001
      vertex  7.428525e+002  5.416025e+003  6.320063e+001
      vertex  7.573193e+002  6.499231e+003  5.537220e+001
    endloop
  endfacet
  facet normal  7.406056e-002  6.217993e-003  9.972343e-001
    outer loop
      vertex  7.573193e+002  6.499231e+003  5.537220e+001
      vertex  7.428525e+002  5.416025e+003  6.320063e+001
      vertex  7.542202e+002  5.416025e+003  6.235640e+001
    endloop
  endfacet
  facet normal  7.278894e-002  6.222236e-003  9.973280e-001
    outer loop
      vertex  7.573193e+002  6.499231e+003  5.537220e+001
      vertex  7.542202e+002  5.416025e+003  6.235640e+001
      vertex  7.676667e+002  6.499231e+003  5.461700e+001
    endloop
  endfacet
  facet normal  7.823734e-002  6.151655e-003  9.969158e-001
    outer loop
      vertex  7.676667e+002  6.499231e+003  5.461700e+001
      vertex  7.542202e+002  5.416025e+003  6.235640e+001
      vertex  7.655845e+002  5.416025e+003  6.146453e+001
    endloop
  endfacet
  facet normal  7.702436e-002  6.154584e-003  9.970102e-001
    outer loop
      vertex  7.676667e+002  6.499231e+003  5.461700e+001
      vertex  7.655845e+002  5.416025e+003  6.146453e+001
      vertex  7.780110e+002  6.499231e+003  5.381784e+001
    endloop
  endfacet
  facet normal  8.224503e-002  6.091751e-003  9.965935e-001
    outer loop
      vertex  7.780110e+002  6.499231e+003  5.381784e+001
      vertex  7.655845e+002  5.416025e+003  6.146453e+001
      vertex  7.771614e+002  5.416025e+003  6.050913e+001
    endloop
  endfacet
  facet normal  8.107849e-002  6.093256e-003  9.966891e-001
    outer loop
      vertex  7.780110e+002  6.499231e+003  5.381784e+001
      vertex  7.771614e+002  5.416025e+003  6.050913e+001
      vertex  7.883520e+002  6.499231e+003  5.297663e+001
    endloop
  endfacet
  facet normal  8.612780e-002  6.038148e-003  9.962658e-001
    outer loop
      vertex  7.883520e+002  6.499231e+003  5.297663e+001
      vertex  7.771614e+002  5.416025e+003  6.050913e+001
      vertex  7.887346e+002  5.416025e+003  5.950863e+001
    endloop
  endfacet
  facet normal  8.546893e-002  6.038258e-003  9.963226e-001
    outer loop
      vertex  7.883520e+002  6.499231e+003  5.297663e+001
      vertex  7.887346e+002  5.416025e+003  5.950863e+001
      vertex  8.011296e+002  6.499231e+003  5.188051e+001
    endloop
  endfacet
  facet normal  9.173107e-002  5.962681e-003  9.957660e-001
    outer loop
      vertex  8.011296e+002  6.499231e+003  5.188051e+001
      vertex  7.887346e+002  5.416025e+003  5.950863e+001
      vertex  8.117050e+002  5.416025e+003  5.739257e+001
    endloop
  endfacet
  facet normal  9.024621e-002  5.948875e-003  9.959018e-001
    outer loop
      vertex  8.011296e+002  6.499231e+003  5.188051e+001
      vertex  8.117050e+002  5.416025e+003  5.739257e+001
      vertex  8.139014e+002  6.499231e+003  5.072316e+001
    endloop
  endfacet
  facet normal  9.502136e-002  5.936457e-003  9.954575e-001
    outer loop
      vertex  8.139014e+002  6.499231e+003  5.072316e+001
      vertex  8.117050e+002  5.416025e+003  5.739257e+001
      vertex  8.266670e+002  6.499231e+003  4.950462e+001
    endloop
  endfacet
  facet normal  9.909023e-002  5.877368e-003  9.950611e-001
    outer loop
      vertex  8.266670e+002  6.499231e+003  4.950462e+001
      vertex  8.117050e+002  5.416025e+003  5.739257e+001
      vertex  8.346577e+002  5.416025e+003  5.510689e+001
    endloop
  endfacet
  facet normal  9.984630e-002  5.882555e-003  9.949855e-001
    outer loop
      vertex  8.266670e+002  6.499231e+003  4.950462e+001
      vertex  8.346577e+002  5.416025e+003  5.510689e+001
      vertex  8.394261e+002  6.499231e+003  4.822425e+001
    endloop
  endfacet
  facet normal  1.046553e-001  5.858245e-003  9.944913e-001
    outer loop
      vertex  8.394261e+002  6.499231e+003  4.822425e+001
      vertex  8.346577e+002  5.416025e+003  5.510689e+001
      vertex  8.461271e+002  5.416025e+003  5.389991e+001
    endloop
  endfacet
  facet normal  1.047381e-001  5.858712e-003  9.944825e-001
    outer loop
      vertex  8.394261e+002  6.499231e+003  4.822425e+001
      vertex  8.461271e+002  5.416025e+003  5.389991e+001
      vertex  8.521785e+002  6.499231e+003  4.688118e+001
    endloop
  endfacet
  facet normal  1.084174e-001  5.835603e-003  9.940883e-001
    outer loop
      vertex  8.521785e+002  6.499231e+003  4.688118e+001
      vertex  8.461271e+002  5.416025e+003  5.389991e+001
      vertex  8.575916e+002  5.416025e+003  5.264956e+001
    endloop
  endfacet
  facet normal  1.096823e-001  5.841185e-003  9.939495e-001
    outer loop
      vertex  8.521785e+002  6.499231e+003  4.688118e+001
      vertex  8.575916e+002  5.416025e+003  5.264956e+001
      vertex  8.649240e+002  6.499231e+003  4.547472e+001
    endloop
  endfacet
  facet normal  1.122157e-001  5.822164e-003  9.936668e-001
    outer loop
      vertex  8.649240e+002  6.499231e+003  4.547472e+001
      vertex  8.575916e+002  5.416025e+003  5.264956e+001
      vertex  8.690511e+002  5.416025e+003  5.135543e+001
    endloop
  endfacet
  facet normal  1.160330e-001  5.834327e-003  9.932282e-001
    outer loop
      vertex  8.649240e+002  6.499231e+003  4.547472e+001
      vertex  8.690511e+002  5.416025e+003  5.135543e+001
      vertex  8.805057e+002  5.416025e+003  5.001726e+001
    endloop
  endfacet
  facet normal  1.151153e-001  5.770682e-003  9.933354e-001
    outer loop
      vertex  8.801872e+002  6.499231e+003  4.370590e+001
      vertex  8.649240e+002  6.499231e+003  4.547472e+001
      vertex  8.919901e+002  5.416025e+003  4.863087e+001
    endloop
  endfacet
  facet normal  1.198478e-001  5.887301e-003  9.927748e-001
    outer loop
      vertex  8.919901e+002  5.416025e+003  4.863087e+001
      vertex  8.649240e+002  6.499231e+003  4.547472e+001
      vertex  8.805057e+002  5.416025e+003  5.001726e+001
    endloop
  endfacet
  facet normal  1.198479e-001  5.755416e-003  9.927756e-001
    outer loop
      vertex  8.919901e+002  5.416025e+003  4.863087e+001
      vertex  8.805057e+002  5.416025e+003  5.001726e+001
      vertex  9.369069e+002  3.249615e+003  5.576782e+001
    endloop
  endfacet
  facet normal  1.283314e-001  5.973458e-003  9.917134e-001
    outer loop
      vertex  9.369069e+002  3.249615e+003  5.576782e+001
      vertex  8.805057e+002  5.416025e+003  5.001726e+001
      vertex  9.074070e+002  3.249615e+003  5.958522e+001
    endloop
  endfacet
  facet normal  1.283315e-001  5.902454e-003  9.917138e-001
    outer loop
      vertex  9.369069e+002  3.249615e+003  5.576782e+001
      vertex  9.074070e+002  3.249615e+003  5.958522e+001
      vertex  9.870633e+002  0.000000e+000  6.861837e+001
    endloop
  endfacet
  facet normal  1.359829e-001  6.087171e-003  9.906925e-001
    outer loop
      vertex  9.870633e+002  0.000000e+000  6.861837e+001
      vertex  9.074070e+002  3.249615e+003  5.958522e+001
      vertex  9.674161e+002  0.000000e+000  7.131515e+001
    endloop
  endfacet
  facet normal  1.205305e-001  5.826764e-003  9.926926e-001
    outer loop
      vertex  8.801872e+002  6.499231e+003  4.370590e+001
      vertex  8.919901e+002  5.416025e+003  4.863087e+001
      vertex  8.933118e+002  6.499231e+003  4.211234e+001
    endloop
  endfacet
  facet normal  1.236216e-001  5.820704e-003  9.923123e-001
    outer loop
      vertex  8.933118e+002  6.499231e+003  4.211234e+001
      vertex  8.919901e+002  5.416025e+003  4.863087e+001
      vertex  9.034693e+002  5.416025e+003  4.720079e+001
    endloop
  endfacet
  facet normal  1.253717e-001  5.836084e-003  9.920927e-001
    outer loop
      vertex  8.933118e+002  6.499231e+003  4.211234e+001
      vertex  9.034693e+002  5.416025e+003  4.720079e+001
      vertex  9.064288e+002  6.499231e+003  4.045473e+001
    endloop
  endfacet
  facet normal  1.291161e-001  5.822862e-003  9.916124e-001
    outer loop
      vertex  9.064288e+002  6.499231e+003  4.045473e+001
      vertex  9.034693e+002  5.416025e+003  4.720079e+001
      vertex  9.264120e+002  5.416025e+003  4.421346e+001
    endloop
  endfacet
  facet normal  1.300046e-001  5.838849e-003  9.914961e-001
    outer loop
      vertex  9.064288e+002  6.499231e+003  4.045473e+001
      vertex  9.264120e+002  5.416025e+003  4.421346e+001
      vertex  9.195381e+002  6.499231e+003  3.873585e+001
    endloop
  endfacet
  facet normal  1.360556e-001  5.873140e-003  9.906839e-001
    outer loop
      vertex  9.195381e+002  6.499231e+003  3.873585e+001
      vertex  9.264120e+002  5.416025e+003  4.421346e+001
      vertex  9.493337e+002  5.416025e+003  4.106550e+001
    endloop
  endfacet
  facet normal  1.344032e-001  5.828172e-003  9.909096e-001
    outer loop
      vertex  9.195381e+002  6.499231e+003  3.873585e+001
      vertex  9.493337e+002  5.416025e+003  4.106550e+001
      vertex  9.326396e+002  6.499231e+003  3.695880e+001
    endloop
  endfacet
  facet normal  1.385666e-001  5.890161e-003  9.903356e-001
    outer loop
      vertex  9.326396e+002  6.499231e+003  3.695880e+001
      vertex  9.493337e+002  5.416025e+003  4.106550e+001
      vertex  9.457336e+002  6.499231e+003  3.512671e+001
    endloop
  endfacet
  facet normal  1.424732e-001  5.900105e-003  9.897811e-001
    outer loop
      vertex  9.457336e+002  6.499231e+003  3.512671e+001
      vertex  9.493337e+002  5.416025e+003  4.106550e+001
      vertex  9.722346e+002  5.416025e+003  3.776905e+001
    endloop
  endfacet
  facet normal  1.424940e-001  5.900607e-003  9.897780e-001
    outer loop
      vertex  9.457336e+002  6.499231e+003  3.512671e+001
      vertex  9.722346e+002  5.416025e+003  3.776905e+001
      vertex  9.586392e+002  6.499231e+003  3.326875e+001
    endloop
  endfacet
  facet normal  1.484143e-001  5.971294e-003  9.889073e-001
    outer loop
      vertex  9.586392e+002  6.499231e+003  3.326875e+001
      vertex  9.722346e+002  5.416025e+003  3.776905e+001
      vertex  9.951885e+002  5.416025e+003  3.432416e+001
    endloop
  endfacet
  facet normal  1.462272e-001  5.897818e-003  9.892334e-001
    outer loop
      vertex  9.586392e+002  6.499231e+003  3.326875e+001
      vertex  9.951885e+002  5.416025e+003  3.432416e+001
      vertex  9.715375e+002  6.499231e+003  3.136213e+001
    endloop
  endfacet
  facet normal  1.498875e-001  5.976236e-003  9.886850e-001
    outer loop
      vertex  9.715375e+002  6.499231e+003  3.136213e+001
      vertex  9.951885e+002  5.416025e+003  3.432416e+001
      vertex  9.847626e+002  6.499231e+003  2.935718e+001
    endloop
  endfacet
  facet normal  1.540103e-001  6.013012e-003  9.880509e-001
    outer loop
      vertex  9.847626e+002  6.499231e+003  2.935718e+001
      vertex  9.951885e+002  5.416025e+003  3.432416e+001
      vertex  1.018122e+003  5.416025e+003  3.074944e+001
    endloop
  endfacet
  facet normal  1.535234e-001  5.998115e-003  9.881268e-001
    outer loop
      vertex  9.847626e+002  6.499231e+003  2.935718e+001
      vertex  1.018122e+003  5.416025e+003  3.074944e+001
      vertex  9.979800e+002  6.499231e+003  2.730361e+001
    endloop
  endfacet
  facet normal  1.594202e-001  6.104790e-003  9.871919e-001
    outer loop
      vertex  9.979800e+002  6.499231e+003  2.730361e+001
      vertex  1.018122e+003  5.416025e+003  3.074944e+001
      vertex  1.041036e+003  5.416025e+003  2.704918e+001
    endloop
  endfacet
  facet normal  1.571404e-001  6.014085e-003  9.875579e-001
    outer loop
      vertex  9.979800e+002  6.499231e+003  2.730361e+001
      vertex  1.041036e+003  5.416025e+003  2.704918e+001
      vertex  1.011190e+003  6.499231e+003  2.520164e+001
    endloop
  endfacet
  facet normal  1.607973e-001  6.113839e-003  9.869685e-001
    outer loop
      vertex  1.011190e+003  6.499231e+003  2.520164e+001
      vertex  1.041036e+003  5.416025e+003  2.704918e+001
      vertex  1.024392e+003  6.499231e+003  2.305077e+001
    endloop
  endfacet
  facet normal  1.648237e-001  6.173251e-003  9.863037e-001
    outer loop
      vertex  1.024392e+003  6.499231e+003  2.305077e+001
      vertex  1.041036e+003  5.416025e+003  2.704918e+001
      vertex  1.063928e+003  5.416025e+003  2.322348e+001
    endloop
  endfacet
  facet normal  1.647811e-001  6.171698e-003  9.863108e-001
    outer loop
      vertex  1.024392e+003  6.499231e+003  2.305077e+001
      vertex  1.063928e+003  5.416025e+003  2.322348e+001
      vertex  1.039163e+003  6.499231e+003  2.058304e+001
    endloop
  endfacet
  facet normal  1.704215e-001  6.298316e-003  9.853511e-001
    outer loop
      vertex  1.039163e+003  6.499231e+003  2.058304e+001
      vertex  1.063928e+003  5.416025e+003  2.322348e+001
      vertex  1.086883e+003  5.416025e+003  1.925341e+001
    endloop
  endfacet
  facet normal  1.691792e-001  6.243327e-003  9.855656e-001
    outer loop
      vertex  1.039163e+003  6.499231e+003  2.058304e+001
      vertex  1.086883e+003  5.416025e+003  1.925341e+001
      vertex  1.053922e+003  6.499231e+003  1.804945e+001
    endloop
  endfacet
  facet normal  2.097162e-001  7.603817e-003  9.777327e-001
    outer loop
      vertex  1.224323e+003  5.416025e+003 -7.783953e+000
      vertex  1.162008e+003  6.499231e+003 -2.841952e+000
      vertex  1.201404e+003  5.416025e+003 -2.867988e+000
    endloop
  endfacet
  facet normal  2.048387e-001  7.426398e-003  9.787676e-001
    outer loop
      vertex  1.201404e+003  5.416025e+003 -2.867988e+000
      vertex  1.162008e+003  6.499231e+003 -2.841952e+000
      vertex  1.142342e+003  6.499231e+003  1.273848e+000
    endloop
  endfacet
  facet normal  2.031419e-001  7.332525e-003  9.791219e-001
    outer loop
      vertex  1.201404e+003  5.416025e+003 -2.867988e+000
      vertex  1.142342e+003  6.499231e+003  1.273848e+000
      vertex  1.178513e+003  5.416025e+003  1.881363e+000
    endloop
  endfacet
  facet normal  1.982570e-001  7.169968e-003  9.801239e-001
    outer loop
      vertex  1.178513e+003  5.416025e+003  1.881363e+000
      vertex  1.142342e+003  6.499231e+003  1.273848e+000
      vertex  1.122700e+003  6.499231e+003  5.246951e+000
    endloop
  endfacet
  facet normal  1.963694e-001  7.071527e-003  9.805045e-001
    outer loop
      vertex  1.178513e+003  5.416025e+003  1.881363e+000
      vertex  1.122700e+003  6.499231e+003  5.246951e+000
      vertex  1.155589e+003  5.416025e+003  6.472431e+000
    endloop
  endfacet
  facet normal  1.914781e-001  6.924110e-003  9.814724e-001
    outer loop
      vertex  1.155589e+003  5.416025e+003  6.472431e+000
      vertex  1.122700e+003  6.499231e+003  5.246951e+000
      vertex  1.103031e+003  6.499231e+003  9.084241e+000
    endloop
  endfacet
  facet normal  1.894916e-001  6.826794e-003  9.818587e-001
    outer loop
      vertex  1.155589e+003  5.416025e+003  6.472431e+000
      vertex  1.103031e+003  6.499231e+003  9.084241e+000
      vertex  1.132716e+003  5.416025e+003  1.088676e+001
    endloop
  endfacet
  facet normal  1.845929e-001  6.694102e-003  9.827923e-001
    outer loop
      vertex  1.132716e+003  5.416025e+003  1.088676e+001
      vertex  1.103031e+003  6.499231e+003  9.084241e+000
      vertex  1.083404e+003  6.499231e+003  1.277058e+001
    endloop
  endfacet
  facet normal  1.827652e-001  6.610305e-003  9.831343e-001
    outer loop
      vertex  1.132716e+003  5.416025e+003  1.088676e+001
      vertex  1.083404e+003  6.499231e+003  1.277058e+001
      vertex  1.109813e+003  5.416025e+003  1.514441e+001
    endloop
  endfacet
  facet normal  1.786797e-001  6.512345e-003  9.838857e-001
    outer loop
      vertex  1.109813e+003  5.416025e+003  1.514441e+001
      vertex  1.083404e+003  6.499231e+003  1.277058e+001
      vertex  1.068670e+003  6.499231e+003  1.544646e+001
    endloop
  endfacet
  facet normal  1.738130e-001  6.327257e-003  9.847584e-001
    outer loop
      vertex  1.109813e+003  5.416025e+003  1.514441e+001
      vertex  1.068670e+003  6.499231e+003  1.544646e+001
      vertex  1.053922e+003  6.499231e+003  1.804945e+001
    endloop
  endfacet
  facet normal -8.941683e-001  5.444158e-002  4.444089e-001
    outer loop
      vertex  3.210664e+000 -9.094947e-013  1.421715e+001
      vertex  1.994792e+002  3.249615e+003  1.102841e+001
      vertex  2.446176e+000 -9.094947e-013  1.267899e+001
    endloop
  endfacet
  facet normal -8.915645e-001  5.428636e-002  4.496286e-001
    outer loop
      vertex  2.446176e+000 -9.094947e-013  1.267899e+001
      vertex  1.994792e+002  3.249615e+003  1.102841e+001
      vertex  1.988081e+002  3.249615e+003  9.697642e+000
    endloop
  endfacet
  facet normal -9.164284e-001  5.573987e-002  3.962978e-001
    outer loop
      vertex  2.446176e+000 -9.094947e-013  1.267899e+001
      vertex  1.988081e+002  3.249615e+003  9.697642e+000
      vertex  1.773866e+000 -9.094947e-013  1.112427e+001
    endloop
  endfacet
  facet normal -9.170792e-001  5.577866e-002  3.947842e-001
    outer loop
      vertex  1.773866e+000 -9.094947e-013  1.112427e+001
      vertex  1.988081e+002  3.249615e+003  9.697642e+000
      vertex  1.982282e+002  3.249615e+003  8.350517e+000
    endloop
  endfacet
  facet normal -9.373848e-001  5.696255e-002  3.436062e-001
    outer loop
      vertex  1.773866e+000 -9.094947e-013  1.112427e+001
      vertex  1.982282e+002  3.249615e+003  8.350517e+000
      vertex  1.198829e+000 -9.094947e-013  9.555507e+000
    endloop
  endfacet
  facet normal -9.466786e-001  5.751618e-002  3.170039e-001
    outer loop
      vertex  1.198829e+000 -9.094947e-013  9.555507e+000
      vertex  1.982282e+002  3.249615e+003  8.350517e+000
      vertex  1.975354e+002  3.249615e+003  6.281785e+000
    endloop
  endfacet
  facet normal -9.607251e-001  5.831881e-002  2.713046e-001
    outer loop
      vertex  1.198829e+000 -9.094947e-013  9.555507e+000
      vertex  1.975354e+002  3.249615e+003  6.281785e+000
      vertex  5.284841e-001 -9.094947e-013  7.181767e+000
    endloop
  endfacet
  facet normal -8.211571e-001  5.017887e-002  5.684921e-001
    outer loop
      vertex  5.101867e+000 -9.094947e-013  1.739942e+001
      vertex  6.233055e+000 -9.094947e-013  1.903336e+001
      vertex  2.011091e+002  3.249615e+003  1.368913e+001
    endloop
  endfacet
  facet normal -8.082798e-001  4.943661e-002  5.867196e-001
    outer loop
      vertex  2.011091e+002  3.249615e+003  1.368913e+001
      vertex  6.233055e+000 -9.094947e-013  1.903336e+001
      vertex  2.022591e+002  3.249615e+003  1.527340e+001
    endloop
  endfacet
  facet normal -8.082799e-001  4.943318e-002  5.867196e-001
    outer loop
      vertex  2.011091e+002  3.249615e+003  1.368913e+001
      vertex  2.022591e+002  3.249615e+003  1.527340e+001
      vertex  3.314108e+002  5.416025e+003  1.066843e+001
    endloop
  endfacet
  facet normal -8.068227e-001  4.935059e-002  5.887288e-001
    outer loop
      vertex  3.314108e+002  5.416025e+003  1.066843e+001
      vertex  2.022591e+002  3.249615e+003  1.527340e+001
      vertex  3.326182e+002  5.416025e+003  1.232306e+001
    endloop
  endfacet
  facet normal -8.068234e-001  4.933324e-002  5.887293e-001
    outer loop
      vertex  3.314108e+002  5.416025e+003  1.066843e+001
      vertex  3.326182e+002  5.416025e+003  1.232306e+001
      vertex  3.968680e+002  6.499231e+003  9.605700e+000
    endloop
  endfacet
  facet normal -7.031101e-001  4.332901e-002  7.097597e-001
    outer loop
      vertex  1.347173e+001 -9.094947e-013  2.719115e+001
      vertex  2.062627e+002  3.249615e+003  1.979518e+001
      vertex  1.149003e+001 -9.094947e-013  2.522803e+001
    endloop
  endfacet
  facet normal -7.190636e-001  4.425810e-002  6.935335e-001
    outer loop
      vertex  1.149003e+001 -9.094947e-013  2.522803e+001
      vertex  2.062627e+002  3.249615e+003  1.979518e+001
      vertex  2.048500e+002  3.249615e+003  1.833053e+001
    endloop
  endfacet
  facet normal -7.383016e-001  4.535909e-002  6.729437e-001
    outer loop
      vertex  1.149003e+001 -9.094947e-013  2.522803e+001
      vertex  2.048500e+002  3.249615e+003  1.833053e+001
      vertex  8.733175e+000 -9.094947e-013  2.220341e+001
    endloop
  endfacet
  facet normal -7.471019e-001  4.587850e-002  6.631243e-001
    outer loop
      vertex  8.733175e+000 -9.094947e-013  2.220341e+001
      vertex  2.048500e+002  3.249615e+003  1.833053e+001
      vertex  2.035050e+002  3.249615e+003  1.681517e+001
    endloop
  endfacet
  facet normal -7.721630e-001  4.733172e-002  6.336592e-001
    outer loop
      vertex  8.733175e+000 -9.094947e-013  2.220341e+001
      vertex  2.035050e+002  3.249615e+003  1.681517e+001
      vertex  7.446499e+000 -9.094947e-013  2.063550e+001
    endloop
  endfacet
  facet normal -7.769181e-001  4.761172e-002  6.277988e-001
    outer loop
      vertex  7.446499e+000 -9.094947e-013  2.063550e+001
      vertex  2.035050e+002  3.249615e+003  1.681517e+001
      vertex  2.022591e+002  3.249615e+003  1.527340e+001
    endloop
  endfacet
  facet normal -7.962147e-001  4.872771e-002  6.030486e-001
    outer loop
      vertex  7.446499e+000 -9.094947e-013  2.063550e+001
      vertex  2.022591e+002  3.249615e+003  1.527340e+001
      vertex  6.233055e+000 -9.094947e-013  1.903336e+001
    endloop
  endfacet
  facet normal -4.836846e-001  3.083216e-002  8.746991e-001
    outer loop
      vertex  2.234926e+002  3.249615e+003  3.259409e+001
      vertex  3.731932e+001  4.547474e-013  4.419066e+001
      vertex  2.272551e+002  3.249615e+003  3.467462e+001
    endloop
  endfacet
  facet normal -4.733867e-001  3.024677e-002  8.803353e-001
    outer loop
      vertex  2.272551e+002  3.249615e+003  3.467462e+001
      vertex  3.731932e+001  4.547474e-013  4.419066e+001
      vertex  4.068127e+001  0.000000e+000  4.599850e+001
    endloop
  endfacet
  facet normal -4.572254e-001  2.934861e-002  8.888665e-001
    outer loop
      vertex  2.272551e+002  3.249615e+003  3.467462e+001
      vertex  4.068127e+001  0.000000e+000  4.599850e+001
      vertex  2.304841e+002  3.249615e+003  3.633561e+001
    endloop
  endfacet
  facet normal -4.520503e-001  2.905424e-002  8.915191e-001
    outer loop
      vertex  2.304841e+002  3.249615e+003  3.633561e+001
      vertex  4.068127e+001  0.000000e+000  4.599850e+001
      vertex  4.499969e+001  0.000000e+000  4.818818e+001
    endloop
  endfacet
  facet normal -4.364594e-001  2.819264e-002  8.992822e-001
    outer loop
      vertex  2.304841e+002  3.249615e+003  3.633561e+001
      vertex  4.499969e+001  0.000000e+000  4.818818e+001
      vertex  2.337768e+002  3.249615e+003  3.793367e+001
    endloop
  endfacet
  facet normal -4.312229e-001  2.789643e-002  9.018140e-001
    outer loop
      vertex  2.337768e+002  3.249615e+003  3.793367e+001
      vertex  4.499969e+001  0.000000e+000  4.818818e+001
      vertex  4.940246e+001  4.547474e-013  5.029346e+001
    endloop
  endfacet
  facet normal -4.172709e-001  2.712979e-002  9.083772e-001
    outer loop
      vertex  2.337768e+002  3.249615e+003  3.793367e+001
      vertex  4.940246e+001  4.547474e-013  5.029346e+001
      vertex  2.376832e+002  3.249615e+003  3.972813e+001
    endloop
  endfacet
  facet normal -4.119831e-001  2.683129e-002  9.107963e-001
    outer loop
      vertex  2.376832e+002  3.249615e+003  3.972813e+001
      vertex  4.940246e+001  4.547474e-013  5.029346e+001
      vertex  5.462499e+001  0.000000e+000  5.265578e+001
    endloop
  endfacet
  facet normal -3.994944e-001  2.614992e-002  9.163626e-001
    outer loop
      vertex  2.376832e+002  3.249615e+003  3.972813e+001
      vertex  5.462499e+001  0.000000e+000  5.265578e+001
      vertex  2.416802e+002  3.249615e+003  4.147063e+001
    endloop
  endfacet
  facet normal -3.941582e-001  2.585072e-002  9.186790e-001
    outer loop
      vertex  2.416802e+002  3.249615e+003  4.147063e+001
      vertex  5.462499e+001  0.000000e+000  5.265578e+001
      vertex  5.996778e+001  0.000000e+000  5.494810e+001
    endloop
  endfacet
  facet normal -3.788562e-001  2.502176e-002  9.251173e-001
    outer loop
      vertex  2.416802e+002  3.249615e+003  4.147063e+001
      vertex  5.996778e+001  0.000000e+000  5.494810e+001
      vertex  6.503529e+001  0.000000e+000  5.702336e+001
    endloop
  endfacet
  facet normal -3.247621e-001  2.211147e-002  9.455372e-001
    outer loop
      vertex  8.657663e+001  0.000000e+000  6.492881e+001
      vertex  2.645508e+002  3.249615e+003  5.006477e+001
      vertex  8.055376e+001  0.000000e+000  6.286015e+001
    endloop
  endfacet
  facet normal -3.254514e-001  2.214957e-002  9.452993e-001
    outer loop
      vertex  8.055376e+001  0.000000e+000  6.286015e+001
      vertex  2.645508e+002  3.249615e+003  5.006477e+001
      vertex  2.570844e+002  3.249615e+003  4.749418e+001
    endloop
  endfacet
  facet normal -3.387736e-001  2.285101e-002  9.405904e-001
    outer loop
      vertex  8.055376e+001  0.000000e+000  6.286015e+001
      vertex  2.570844e+002  3.249615e+003  4.749418e+001
      vertex  7.535142e+001  0.000000e+000  6.098641e+001
    endloop
  endfacet
  facet normal -3.021422e-001  2.092325e-002  9.530333e-001
    outer loop
      vertex  2.645508e+002  3.249615e+003  5.006477e+001
      vertex  9.258790e+001  4.547474e-013  6.689025e+001
      vertex  2.719880e+002  3.249615e+003  5.242258e+001
    endloop
  endfacet
  facet normal -2.949444e-001  2.053594e-002  9.552937e-001
    outer loop
      vertex  2.719880e+002  3.249615e+003  5.242258e+001
      vertex  9.258790e+001  4.547474e-013  6.689025e+001
      vertex  9.983673e+001  4.547474e-013  6.912831e+001
    endloop
  endfacet
  facet normal -2.819656e-001  1.986856e-002  9.592189e-001
    outer loop
      vertex  2.719880e+002  3.249615e+003  5.242258e+001
      vertex  9.983673e+001  4.547474e-013  6.912831e+001
      vertex  2.794039e+002  3.249615e+003  5.460251e+001
    endloop
  endfacet
  facet normal -2.799913e-001  1.976206e-002  9.597991e-001
    outer loop
      vertex  2.794039e+002  3.249615e+003  5.460251e+001
      vertex  9.983673e+001  4.547474e-013  6.912831e+001
      vertex  1.070679e+002  0.000000e+000  7.123777e+001
    endloop
  endfacet
  facet normal -2.676835e-001  1.912735e-002  9.633170e-001
    outer loop
      vertex  2.794039e+002  3.249615e+003  5.460251e+001
      vertex  1.070679e+002  0.000000e+000  7.123777e+001
      vertex  1.136716e+002  4.547474e-013  7.307280e+001
    endloop
  endfacet
  facet normal -2.658260e-001  1.903555e-002  9.638331e-001
    outer loop
      vertex  2.794039e+002  3.249615e+003  5.460251e+001
      vertex  1.136716e+002  4.547474e-013  7.307280e+001
      vertex  2.868333e+002  3.249615e+003  5.665155e+001
    endloop
  endfacet
  facet normal -2.578252e-001  1.862023e-002  9.660122e-001
    outer loop
      vertex  2.868333e+002  3.249615e+003  5.665155e+001
      vertex  1.136716e+002  4.547474e-013  7.307280e+001
      vertex  1.202907e+002 -4.547474e-013  7.483942e+001
    endloop
  endfacet
  facet normal -2.533488e-001  1.839746e-002  9.672000e-001
    outer loop
      vertex  2.868333e+002  3.249615e+003  5.665155e+001
      vertex  1.202907e+002 -4.547474e-013  7.483942e+001
      vertex  2.941791e+002  3.249615e+003  5.857570e+001
    endloop
  endfacet
  facet normal -2.459289e-001  1.801003e-002  9.691206e-001
    outer loop
      vertex  2.941791e+002  3.249615e+003  5.857570e+001
      vertex  1.202907e+002 -4.547474e-013  7.483942e+001
      vertex  1.333873e+002 -4.547474e-013  7.816286e+001
    endloop
  endfacet
  facet normal -2.428256e-001  1.786121e-002  9.699054e-001
    outer loop
      vertex  2.941791e+002  3.249615e+003  5.857570e+001
      vertex  1.333873e+002 -4.547474e-013  7.816286e+001
      vertex  3.015839e+002  3.249615e+003  6.042957e+001
    endloop
  endfacet
  facet normal -2.325878e-001  1.734504e-002  9.724208e-001
    outer loop
      vertex  3.015839e+002  3.249615e+003  6.042957e+001
      vertex  1.333873e+002 -4.547474e-013  7.816286e+001
      vertex  3.090428e+002  3.249615e+003  6.221362e+001
    endloop
  endfacet
  facet normal -2.320793e-001  1.731815e-002  9.725427e-001
    outer loop
      vertex  3.090428e+002  3.249615e+003  6.221362e+001
      vertex  1.333873e+002 -4.547474e-013  7.816286e+001
      vertex  1.466203e+002 -4.547474e-013  8.132069e+001
    endloop
  endfacet
  facet normal -2.217176e-001  1.681450e-002  9.749659e-001
    outer loop
      vertex  3.090428e+002  3.249615e+003  6.221362e+001
      vertex  1.466203e+002 -4.547474e-013  8.132069e+001
      vertex  3.165408e+002  3.249615e+003  6.391875e+001
    endloop
  endfacet
  facet normal -2.178890e-001  1.661894e-002  9.758320e-001
    outer loop
      vertex  3.165408e+002  3.249615e+003  6.391875e+001
      vertex  1.466203e+002 -4.547474e-013  8.132069e+001
      vertex  1.599577e+002 -9.094947e-013  8.429874e+001
    endloop
  endfacet
  facet normal -2.081017e-001  1.616077e-002  9.779737e-001
    outer loop
      vertex  3.165408e+002  3.249615e+003  6.391875e+001
      vertex  1.599577e+002 -9.094947e-013  8.429874e+001
      vertex  3.264128e+002  3.249615e+003  6.601941e+001
    endloop
  endfacet
  facet normal -2.024094e-001  1.587594e-002  9.791722e-001
    outer loop
      vertex  3.264128e+002  3.249615e+003  6.601941e+001
      vertex  1.599577e+002 -9.094947e-013  8.429874e+001
      vertex  1.731370e+002 -4.547474e-013  8.702308e+001
    endloop
  endfacet
  facet normal -1.920352e-001  1.540015e-002  9.812673e-001
    outer loop
      vertex  3.264128e+002  3.249615e+003  6.601941e+001
      vertex  1.731370e+002 -4.547474e-013  8.702308e+001
      vertex  3.362973e+002  3.249615e+003  6.795380e+001
    endloop
  endfacet
  facet normal -1.863238e-001  1.511987e-002  9.823720e-001
    outer loop
      vertex  3.362973e+002  3.249615e+003  6.795380e+001
      vertex  1.731370e+002 -4.547474e-013  8.702308e+001
      vertex  1.863314e+002 -9.094947e-013  8.952563e+001
    endloop
  endfacet
  facet normal -1.762595e-001  1.466778e-002  9.842345e-001
    outer loop
      vertex  3.362973e+002  3.249615e+003  6.795380e+001
      vertex  1.863314e+002 -9.094947e-013  8.952563e+001
      vertex  3.461823e+002  3.249615e+003  6.972404e+001
    endloop
  endfacet
  facet normal -1.705319e-001  1.439220e-002  9.852471e-001
    outer loop
      vertex  3.461823e+002  3.249615e+003  6.972404e+001
      vertex  1.863314e+002 -9.094947e-013  8.952563e+001
      vertex  1.995255e+002 -4.547474e-013  9.180933e+001
    endloop
  endfacet
  facet normal -1.633030e-001  1.407431e-002  9.864756e-001
    outer loop
      vertex  3.461823e+002  3.249615e+003  6.972404e+001
      vertex  1.995255e+002 -4.547474e-013  9.180933e+001
      vertex  3.535957e+002  3.249615e+003  7.095127e+001
    endloop
  endfacet
  facet normal -1.575615e-001  1.380811e-002  9.874126e-001
    outer loop
      vertex  3.535957e+002  3.249615e+003  7.095127e+001
      vertex  1.995255e+002 -4.547474e-013  9.180933e+001
      vertex  2.094197e+002 -9.094947e-013  9.338815e+001
    endloop
  endfacet
  facet normal -1.531695e-001  1.361804e-002  9.881061e-001
    outer loop
      vertex  3.535957e+002  3.249615e+003  7.095127e+001
      vertex  2.094197e+002 -9.094947e-013  9.338815e+001
      vertex  3.610111e+002  3.249615e+003  7.210076e+001
    endloop
  endfacet
  facet normal -1.474179e-001  1.335548e-002  9.889840e-001
    outer loop
      vertex  3.610111e+002  3.249615e+003  7.210076e+001
      vertex  2.094197e+002 -9.094947e-013  9.338815e+001
      vertex  2.193160e+002 -4.547474e-013  9.486330e+001
    endloop
  endfacet
  facet normal -1.382760e-001  1.296614e-002  9.903089e-001
    outer loop
      vertex  3.610111e+002  3.249615e+003  7.210076e+001
      vertex  2.193160e+002 -4.547474e-013  9.486330e+001
      vertex  2.292193e+002 -4.547474e-013  9.624608e+001
    endloop
  endfacet
  facet normal -1.399651e-001  1.303288e-002  9.900707e-001
    outer loop
      vertex  3.610111e+002  3.249615e+003  7.210076e+001
      vertex  2.292193e+002 -4.547474e-013  9.624608e+001
      vertex  3.758625e+002  3.249615e+003  7.420028e+001
    endloop
  endfacet
  facet normal -1.301296e-001  1.259817e-002  9.914170e-001
    outer loop
      vertex  3.758625e+002  3.249615e+003  7.420028e+001
      vertex  2.292193e+002 -4.547474e-013  9.624608e+001
      vertex  2.391344e+002 -4.547474e-013  9.754750e+001
    endloop
  endfacet
  facet normal -1.253600e-001  1.240192e-002  9.920338e-001
    outer loop
      vertex  3.758625e+002  3.249615e+003  7.420028e+001
      vertex  2.391344e+002 -4.547474e-013  9.754750e+001
      vertex  3.906056e+002  3.249615e+003  7.606332e+001
    endloop
  endfacet
  facet normal -1.195867e-001  1.213755e-002  9.927496e-001
    outer loop
      vertex  3.906056e+002  3.249615e+003  7.606332e+001
      vertex  2.391344e+002 -4.547474e-013  9.754750e+001
      vertex  2.588067e+002  4.547474e-013  9.991723e+001
    endloop
  endfacet
  facet normal -1.129141e-001  1.187267e-002  9.935338e-001
    outer loop
      vertex  3.906056e+002  3.249615e+003  7.606332e+001
      vertex  2.588067e+002  4.547474e-013  9.991723e+001
      vertex  4.054012e+002  3.249615e+003  7.774482e+001
    endloop
  endfacet
  facet normal -1.071328e-001  1.161626e-002  9.941768e-001
    outer loop
      vertex  4.054012e+002  3.249615e+003  7.774482e+001
      vertex  2.588067e+002  4.547474e-013  9.991723e+001
      vertex  2.785475e+002  0.000000e+000  1.020445e+002
    endloop
  endfacet
  facet normal -1.011137e-001  1.138603e-002  9.948097e-001
    outer loop
      vertex  4.054012e+002  3.249615e+003  7.774482e+001
      vertex  2.785475e+002  0.000000e+000  1.020445e+002
      vertex  4.202383e+002  3.249615e+003  7.925288e+001
    endloop
  endfacet
  facet normal -9.532423e-002  1.113762e-002  9.953840e-001
    outer loop
      vertex  4.202383e+002  3.249615e+003  7.925288e+001
      vertex  2.785475e+002  0.000000e+000  1.020445e+002
      vertex  2.983424e+002  4.547474e-013  1.039402e+002
    endloop
  endfacet
  facet normal -8.916902e-002  1.091108e-002  9.959568e-001
    outer loop
      vertex  4.202383e+002  3.249615e+003  7.925288e+001
      vertex  2.983424e+002  4.547474e-013  1.039402e+002
      vertex  4.350986e+002  3.249615e+003  8.058334e+001
    endloop
  endfacet
  facet normal -8.337386e-002  1.067083e-002  9.964613e-001
    outer loop
      vertex  4.350986e+002  3.249615e+003  8.058334e+001
      vertex  2.983424e+002  4.547474e-013  1.039402e+002
      vertex  3.181668e+002  9.094947e-013  1.055989e+002
    endloop
  endfacet
  facet normal -7.702367e-002  1.044628e-002  9.969746e-001
    outer loop
      vertex  4.350986e+002  3.249615e+003  8.058334e+001
      vertex  3.181668e+002  9.094947e-013  1.055989e+002
      vertex  4.498913e+002  3.249615e+003  8.172619e+001
    endloop
  endfacet
  facet normal -7.335623e-002  1.029966e-002  9.972526e-001
    outer loop
      vertex  4.498913e+002  3.249615e+003  8.172619e+001
      vertex  3.181668e+002  9.094947e-013  1.055989e+002
      vertex  3.309412e+002  4.547474e-013  1.065386e+002
    endloop
  endfacet
  facet normal -6.554148e-002  1.001778e-002  9.977996e-001
    outer loop
      vertex  4.498913e+002  3.249615e+003  8.172619e+001
      vertex  3.309412e+002  4.547474e-013  1.065386e+002
      vertex  3.437155e+002  4.547474e-013  1.073776e+002
    endloop
  endfacet
  facet normal -6.511272e-002  1.000400e-002  9.978278e-001
    outer loop
      vertex  4.498913e+002  3.249615e+003  8.172619e+001
      vertex  3.437155e+002  4.547474e-013  1.073776e+002
      vertex  4.646836e+002  3.249615e+003  8.269145e+001
    endloop
  endfacet
  facet normal -5.769166e-002  9.731233e-003  9.982871e-001
    outer loop
      vertex  4.646836e+002  3.249615e+003  8.269145e+001
      vertex  3.437155e+002  4.547474e-013  1.073776e+002
      vertex  3.572498e+002  4.547474e-013  1.081598e+002
    endloop
  endfacet
  facet normal -5.382875e-002  9.605222e-003  9.985039e-001
    outer loop
      vertex  4.646836e+002  3.249615e+003  8.269145e+001
      vertex  3.572498e+002  4.547474e-013  1.081598e+002
      vertex  4.794760e+002  3.249615e+003  8.348890e+001
    endloop
  endfacet
  facet normal -4.993314e-002  9.460246e-003  9.987077e-001
    outer loop
      vertex  4.794760e+002  3.249615e+003  8.348890e+001
      vertex  3.572498e+002  4.547474e-013  1.081598e+002
      vertex  3.707834e+002  4.547474e-013  1.088365e+002
    endloop
  endfacet
  facet normal -4.266071e-002  9.219646e-003  9.990470e-001
    outer loop
      vertex  4.794760e+002  3.249615e+003  8.348890e+001
      vertex  3.707834e+002  4.547474e-013  1.088365e+002
      vertex  3.839373e+002  0.000000e+000  1.093981e+002
    endloop
  endfacet
  facet normal -4.336256e-002  9.240039e-003  9.990167e-001
    outer loop
      vertex  4.794760e+002  3.249615e+003  8.348890e+001
      vertex  3.839373e+002  0.000000e+000  1.093981e+002
      vertex  4.942726e+002  3.249615e+003  8.413115e+001
    endloop
  endfacet
  facet normal -3.586636e-002  8.987846e-003  9.993162e-001
    outer loop
      vertex  4.942726e+002  3.249615e+003  8.413115e+001
      vertex  3.839373e+002  0.000000e+000  1.093981e+002
      vertex  3.970943e+002  4.547474e-013  1.098704e+002
    endloop
  endfacet
  facet normal -3.365367e-002  8.922290e-003  9.993937e-001
    outer loop
      vertex  4.942726e+002  3.249615e+003  8.413115e+001
      vertex  3.970943e+002  4.547474e-013  1.098704e+002
      vertex  5.090410e+002  3.249615e+003  8.462846e+001
    endloop
  endfacet
  facet normal -2.940195e-002  8.776873e-003  9.995291e-001
    outer loop
      vertex  5.090410e+002  3.249615e+003  8.462846e+001
      vertex  3.970943e+002  4.547474e-013  1.098704e+002
      vertex  4.102233e+002  0.000000e+000  1.102566e+002
    endloop
  endfacet
  facet normal -2.317988e-002  8.588970e-003  9.996944e-001
    outer loop
      vertex  5.090410e+002  3.249615e+003  8.462846e+001
      vertex  4.102233e+002  0.000000e+000  1.102566e+002
      vertex  4.233575e+002  0.000000e+000  1.105611e+002
    endloop
  endfacet
  facet normal -2.443933e-002  8.621937e-003  9.996642e-001
    outer loop
      vertex  5.090410e+002  3.249615e+003  8.462846e+001
      vertex  4.233575e+002  0.000000e+000  1.105611e+002
      vertex  5.238189e+002  3.249615e+003  8.498975e+001
    endloop
  endfacet
  facet normal -1.711179e-002  8.396620e-003  9.998183e-001
    outer loop
      vertex  5.238189e+002  3.249615e+003  8.498975e+001
      vertex  4.233575e+002  0.000000e+000  1.105611e+002
      vertex  4.364967e+002  4.547474e-013  1.107860e+002
    endloop
  endfacet
  facet normal -1.546832e-002  8.352673e-003  9.998454e-001
    outer loop
      vertex  5.238189e+002  3.249615e+003  8.498975e+001
      vertex  4.364967e+002  4.547474e-013  1.107860e+002
      vertex  5.386046e+002  3.249615e+003  8.521849e+001
    endloop
  endfacet
  facet normal -1.113413e-002  8.216949e-003  9.999043e-001
    outer loop
      vertex  5.386046e+002  3.249615e+003  8.521849e+001
      vertex  4.364967e+002  4.547474e-013  1.107860e+002
      vertex  4.496401e+002  4.547474e-013  1.109323e+002
    endloop
  endfacet
  facet normal -5.210089e-003  8.055161e-003  9.999540e-001
    outer loop
      vertex  5.386046e+002  3.249615e+003  8.521849e+001
      vertex  4.496401e+002  4.547474e-013  1.109323e+002
      vertex  4.627865e+002  4.547474e-013  1.110008e+002
    endloop
  endfacet
  facet normal -6.609646e-003  8.087747e-003  9.999455e-001
    outer loop
      vertex  5.386046e+002  3.249615e+003  8.521849e+001
      vertex  4.627865e+002  4.547474e-013  1.110008e+002
      vertex  5.533947e+002  3.249615e+003  8.531625e+001
    endloop
  endfacet
  facet normal  6.789039e-004  7.884705e-003  9.999687e-001
    outer loop
      vertex  5.533947e+002  3.249615e+003  8.531625e+001
      vertex  4.627865e+002  4.547474e-013  1.110008e+002
      vertex  4.759343e+002  1.364242e-012  1.109919e+002
    endloop
  endfacet
  facet normal  3.591076e-003  7.815243e-003  9.999630e-001
    outer loop
      vertex  5.533947e+002  3.249615e+003  8.531625e+001
      vertex  4.759343e+002  1.364242e-012  1.109919e+002
      vertex  5.730991e+002  3.249615e+003  8.524549e+001
    endloop
  endfacet
  facet normal  8.257065e-003  7.675518e-003  9.999364e-001
    outer loop
      vertex  5.730991e+002  3.249615e+003  8.524549e+001
      vertex  4.759343e+002  1.364242e-012  1.109919e+002
      vertex  4.969527e+002  9.094947e-013  1.108183e+002
    endloop
  endfacet
  facet normal  1.740334e-002  7.460288e-003  9.998208e-001
    outer loop
      vertex  5.730991e+002  3.249615e+003  8.524549e+001
      vertex  4.969527e+002  9.094947e-013  1.108183e+002
      vertex  5.179669e+002  9.094947e-013  1.104526e+002
    endloop
  endfacet
  facet normal  2.576850e-002  7.248162e-003  9.996417e-001
    outer loop
      vertex  5.927991e+002  3.249615e+003  8.495119e+001
      vertex  5.389742e+002  1.364242e-012  1.099009e+002
      vertex  6.124911e+002  3.249615e+003  8.444357e+001
    endloop
  endfacet
  facet normal  3.369216e-002  7.067067e-003  9.994072e-001
    outer loop
      vertex  6.124911e+002  3.249615e+003  8.444357e+001
      vertex  5.389742e+002  1.364242e-012  1.099009e+002
      vertex  5.547240e+002  1.364242e-012  1.093699e+002
    endloop
  endfacet
  facet normal  3.593836e-002  7.026539e-003  9.993293e-001
    outer loop
      vertex  6.124911e+002  3.249615e+003  8.444357e+001
      vertex  5.547240e+002  1.364242e-012  1.093699e+002
      vertex  6.321734e+002  3.249615e+003  8.373575e+001
    endloop
  endfacet
  facet normal  3.979649e-002  6.933438e-003  9.991837e-001
    outer loop
      vertex  6.321734e+002  3.249615e+003  8.373575e+001
      vertex  5.547240e+002  1.364242e-012  1.093699e+002
      vertex  5.704686e+002  1.364242e-012  1.087428e+002
    endloop
  endfacet
  facet normal  4.563178e-002  6.820722e-003  9.989350e-001
    outer loop
      vertex  6.321734e+002  3.249615e+003  8.373575e+001
      vertex  5.704686e+002  1.364242e-012  1.087428e+002
      vertex  5.862079e+002  1.364242e-012  1.080238e+002
    endloop
  endfacet
  facet normal  4.535385e-002  6.824748e-003  9.989476e-001
    outer loop
      vertex  6.321734e+002  3.249615e+003  8.373575e+001
      vertex  5.862079e+002  1.364242e-012  1.080238e+002
      vertex  6.518459e+002  3.249615e+003  8.284258e+001
    endloop
  endfacet
  facet normal  5.118550e-002  6.704778e-003  9.986666e-001
    outer loop
      vertex  6.518459e+002  3.249615e+003  8.284258e+001
      vertex  5.862079e+002  1.364242e-012  1.080238e+002
      vertex  6.019420e+002  1.364242e-012  1.072174e+002
    endloop
  endfacet
  facet normal  5.645245e-002  6.621770e-003  9.983833e-001
    outer loop
      vertex  6.518459e+002  3.249615e+003  8.284258e+001
      vertex  6.019420e+002  1.364242e-012  1.072174e+002
      vertex  6.176712e+002  9.094947e-013  1.063280e+002
    endloop
  endfacet
  facet normal  5.397444e-002  6.648818e-003  9.985202e-001
    outer loop
      vertex  6.518459e+002  3.249615e+003  8.284258e+001
      vertex  6.176712e+002  9.094947e-013  1.063280e+002
      vertex  6.715094e+002  3.249615e+003  8.177969e+001
    endloop
  endfacet
  facet normal  6.143171e-002  6.522020e-003  9.980900e-001
    outer loop
      vertex  6.715094e+002  3.249615e+003  8.177969e+001
      vertex  6.176712e+002  9.094947e-013  1.063280e+002
      vertex  6.333958e+002  4.547474e-013  1.053602e+002
    endloop
  endfacet
  facet normal  6.071474e-002  6.530747e-003  9.981338e-001
    outer loop
      vertex  6.715094e+002  3.249615e+003  8.177969e+001
      vertex  6.333958e+002  4.547474e-013  1.053602e+002
      vertex  6.853284e+002  3.249615e+003  8.093910e+001
    endloop
  endfacet
  facet normal  6.652073e-002  6.435184e-003  9.977643e-001
    outer loop
      vertex  6.853284e+002  3.249615e+003  8.093910e+001
      vertex  6.333958e+002  4.547474e-013  1.053602e+002
      vertex  6.518152e+002  9.094947e-013  1.041321e+002
    endloop
  endfacet
  facet normal  6.586679e-002  6.442237e-003  9.978076e-001
    outer loop
      vertex  6.853284e+002  3.249615e+003  8.093910e+001
      vertex  6.518152e+002  9.094947e-013  1.041321e+002
      vertex  6.991434e+002  3.249615e+003  8.002715e+001
    endloop
  endfacet
  facet normal  7.167045e-002  6.354747e-003  9.974081e-001
    outer loop
      vertex  6.991434e+002  3.249615e+003  8.002715e+001
      vertex  6.518152e+002  9.094947e-013  1.041321e+002
      vertex  6.702288e+002  4.547474e-013  1.028090e+002
    endloop
  endfacet
  facet normal  7.100071e-002  6.361042e-003  9.974560e-001
    outer loop
      vertex  6.991434e+002  3.249615e+003  8.002715e+001
      vertex  6.702288e+002  4.547474e-013  1.028090e+002
      vertex  7.148450e+002  3.249615e+003  7.890948e+001
    endloop
  endfacet
  facet normal  7.680237e-002  6.278229e-003  9.970266e-001
    outer loop
      vertex  7.148450e+002  3.249615e+003  7.890948e+001
      vertex  6.702288e+002  4.547474e-013  1.028090e+002
      vertex  6.911556e+002  9.094947e-013  1.011970e+002
    endloop
  endfacet
  facet normal  7.609308e-002  6.283773e-003  9.970809e-001
    outer loop
      vertex  7.148450e+002  3.249615e+003  7.890948e+001
      vertex  6.911556e+002  9.094947e-013  1.011970e+002
      vertex  7.305416e+002  3.249615e+003  7.771159e+001
    endloop
  endfacet
  facet normal  8.189283e-002  6.210160e-003  9.966218e-001
    outer loop
      vertex  7.305416e+002  3.249615e+003  7.771159e+001
      vertex  6.911556e+002  9.094947e-013  1.011970e+002
      vertex  7.120751e+002  4.547474e-013  9.947802e+001
    endloop
  endfacet
  facet normal  8.650714e-002  6.181329e-003  9.962322e-001
    outer loop
      vertex  7.305416e+002  3.249615e+003  7.771159e+001
      vertex  7.120751e+002  4.547474e-013  9.947802e+001
      vertex  7.317287e+002  9.094947e-013  9.777142e+001
    endloop
  endfacet
  facet normal  9.834967e-002  6.035637e-003  9.951336e-001
    outer loop
      vertex  7.894997e+002  3.249615e+003  7.257262e+001
      vertex  7.906474e+002  9.094947e-013  9.216860e+001
      vertex  8.190142e+002  3.249615e+003  6.965568e+001
    endloop
  endfacet
  facet normal  1.041375e-001  5.981035e-003  9.945449e-001
    outer loop
      vertex  8.190142e+002  3.249615e+003  6.965568e+001
      vertex  7.906474e+002  9.094947e-013  9.216860e+001
      vertex  8.299781e+002  9.094947e-013  8.805033e+001
    endloop
  endfacet
  facet normal  1.057042e-001  5.985385e-003  9.943796e-001
    outer loop
      vertex  8.190142e+002  3.249615e+003  6.965568e+001
      vertex  8.299781e+002  9.094947e-013  8.805033e+001
      vertex  8.485046e+002  3.249615e+003  6.652080e+001
    endloop
  endfacet
  facet normal  1.114872e-001  5.948232e-003  9.937481e-001
    outer loop
      vertex  8.485046e+002  3.249615e+003  6.652080e+001
      vertex  8.299781e+002  9.094947e-013  8.805033e+001
      vertex  8.692751e+002  9.094947e-013  8.364166e+001
    endloop
  endfacet
  facet normal  1.131450e-001  5.957840e-003  9.935606e-001
    outer loop
      vertex  8.485046e+002  3.249615e+003  6.652080e+001
      vertex  8.692751e+002  9.094947e-013  8.364166e+001
      vertex  8.779694e+002  3.249615e+003  6.316541e+001
    endloop
  endfacet
  facet normal  1.170449e-001  5.944559e-003  9.931089e-001
    outer loop
      vertex  8.779694e+002  3.249615e+003  6.316541e+001
      vertex  8.692751e+002  9.094947e-013  8.364166e+001
      vertex  8.889102e+002  9.094947e-013  8.132753e+001
    endloop
  endfacet
  facet normal  1.208015e-001  5.954691e-003  9.926587e-001
    outer loop
      vertex  8.779694e+002  3.249615e+003  6.316541e+001
      vertex  8.889102e+002  9.094947e-013  8.132753e+001
      vertex  9.085359e+002  4.547474e-013  7.893917e+001
    endloop
  endfacet
  facet normal  1.357062e-001  6.012393e-003  9.907309e-001
    outer loop
      vertex  9.369069e+002  3.249615e+003  5.576782e+001
      vertex  9.870633e+002  0.000000e+000  6.861837e+001
      vertex  9.663784e+002  3.249615e+003  5.173094e+001
    endloop
  endfacet
  facet normal  1.414675e-001  6.044875e-003  9.899245e-001
    outer loop
      vertex  9.663784e+002  3.249615e+003  5.173094e+001
      vertex  9.870633e+002  0.000000e+000  6.861837e+001
      vertex  1.026328e+003 -4.547474e-013  6.300715e+001
    endloop
  endfacet
  facet normal  1.426397e-001  6.065915e-003  9.897560e-001
    outer loop
      vertex  9.663784e+002  3.249615e+003  5.173094e+001
      vertex  1.026328e+003 -4.547474e-013  6.300715e+001
      vertex  9.958215e+002  3.249615e+003  4.748771e+001
    endloop
  endfacet
  facet normal  1.483950e-001  6.115901e-003  9.889092e-001
    outer loop
      vertex  9.958215e+002  3.249615e+003  4.748771e+001
      vertex  1.026328e+003 -4.547474e-013  6.300715e+001
      vertex  1.065553e+003 -4.547474e-013  5.712103e+001
    endloop
  endfacet
  facet normal  1.490504e-001  6.129672e-003  9.888105e-001
    outer loop
      vertex  9.958215e+002  3.249615e+003  4.748771e+001
      vertex  1.065553e+003 -4.547474e-013  5.712103e+001
      vertex  1.025237e+003  3.249615e+003  4.305376e+001
    endloop
  endfacet
  facet normal  1.548007e-001  6.197185e-003  9.879263e-001
    outer loop
      vertex  1.025237e+003  3.249615e+003  4.305376e+001
      vertex  1.065553e+003 -4.547474e-013  5.712103e+001
      vertex  1.104740e+003 -4.547474e-013  5.098081e+001
    endloop
  endfacet
  facet normal  1.549859e-001  6.201647e-003  9.878972e-001
    outer loop
      vertex  1.025237e+003  3.249615e+003  4.305376e+001
      vertex  1.104740e+003 -4.547474e-013  5.098081e+001
      vertex  1.054719e+003  3.249615e+003  3.842849e+001
    endloop
  endfacet
  facet normal  1.597410e-001  6.271912e-003  9.871390e-001
    outer loop
      vertex  1.054719e+003  3.249615e+003  3.842849e+001
      vertex  1.104740e+003 -4.547474e-013  5.098081e+001
      vertex  1.130415e+003 -4.547474e-013  4.682602e+001
    endloop
  endfacet
  facet normal  1.634546e-001  6.356844e-003  9.865304e-001
    outer loop
      vertex  1.054719e+003  3.249615e+003  3.842849e+001
      vertex  1.130415e+003 -4.547474e-013  4.682602e+001
      vertex  1.156074e+003 -4.547474e-013  4.257468e+001
    endloop
  endfacet
  facet normal  1.605764e-001  6.267677e-003  9.870035e-001
    outer loop
      vertex  1.054719e+003  3.249615e+003  3.842849e+001
      vertex  1.156074e+003 -4.547474e-013  4.257468e+001
      vertex  1.084173e+003  3.249615e+003  3.363648e+001
    endloop
  endfacet
  facet normal  1.671208e-001  6.409485e-003  9.859156e-001
    outer loop
      vertex  1.084173e+003  3.249615e+003  3.363648e+001
      vertex  1.156074e+003 -4.547474e-013  4.257468e+001
      vertex  1.182739e+003 -4.547474e-013  3.805470e+001
    endloop
  endfacet
  facet normal  1.659798e-001  6.375139e-003  9.861086e-001
    outer loop
      vertex  1.084173e+003  3.249615e+003  3.363648e+001
      vertex  1.182739e+003 -4.547474e-013  3.805470e+001
      vertex  1.113601e+003  3.249615e+003  2.868324e+001
    endloop
  endfacet
  facet normal  1.707854e-001  6.475011e-003  9.852870e-001
    outer loop
      vertex  1.113601e+003  3.249615e+003  2.868324e+001
      vertex  1.182739e+003 -4.547474e-013  3.805470e+001
      vertex  1.209387e+003 -4.547474e-013  3.343561e+001
    endloop
  endfacet
  facet normal -8.915642e-001  5.429125e-002  4.496284e-001
    outer loop
      vertex  1.994792e+002  3.249615e+003  1.102841e+001
      vertex  3.303589e+002  5.416025e+003  8.961350e+000
      vertex  1.988081e+002  3.249615e+003  9.697642e+000
    endloop
  endfacet
  facet normal -8.868275e-001  5.400678e-002  4.589339e-001
    outer loop
      vertex  1.988081e+002  3.249615e+003  9.697642e+000
      vertex  3.303589e+002  5.416025e+003  8.961350e+000
      vertex  3.297573e+002  5.416025e+003  7.798736e+000
    endloop
  endfacet
  facet normal -9.170792e-001  5.577912e-002  3.947842e-001
    outer loop
      vertex  1.988081e+002  3.249615e+003  9.697642e+000
      vertex  3.297573e+002  5.416025e+003  7.798736e+000
      vertex  1.982282e+002  3.249615e+003  8.350517e+000
    endloop
  endfacet
  facet normal -9.154094e-001  5.567873e-002  3.986546e-001
    outer loop
      vertex  1.982282e+002  3.249615e+003  8.350517e+000
      vertex  3.297573e+002  5.416025e+003  7.798736e+000
      vertex  3.292440e+002  5.416025e+003  6.619989e+000
    endloop
  endfacet
  facet normal -9.419558e-001  5.722997e-002  3.308232e-001
    outer loop
      vertex  1.982282e+002  3.249615e+003  8.350517e+000
      vertex  3.292440e+002  5.416025e+003  6.619989e+000
      vertex  3.288254e+002  5.416025e+003  5.428339e+000
    endloop
  endfacet
  facet normal -7.190639e-001  4.425136e-002  6.935337e-001
    outer loop
      vertex  2.062627e+002  3.249615e+003  1.979518e+001
      vertex  3.353875e+002  5.416025e+003  1.544413e+001
      vertex  2.048500e+002  3.249615e+003  1.833053e+001
    endloop
  endfacet
  facet normal -7.281310e-001  4.478495e-002  6.839734e-001
    outer loop
      vertex  2.048500e+002  3.249615e+003  1.833053e+001
      vertex  3.353875e+002  5.416025e+003  1.544413e+001
      vertex  3.339531e+002  5.416025e+003  1.391717e+001
    endloop
  endfacet
  facet normal -7.471021e-001  4.587303e-002  6.631245e-001
    outer loop
      vertex  2.048500e+002  3.249615e+003  1.833053e+001
      vertex  3.339531e+002  5.416025e+003  1.391717e+001
      vertex  2.035050e+002  3.249615e+003  1.681517e+001
    endloop
  endfacet
  facet normal -5.223104e-001  3.300072e-002  8.521168e-001
    outer loop
      vertex  3.458290e+002  5.416025e+003  2.371441e+001
      vertex  2.197579e+002  3.249615e+003  3.033886e+001
      vertex  3.487221e+002  5.416025e+003  2.548775e+001
    endloop
  endfacet
  facet normal -5.166381e-001  3.267080e-002  8.555803e-001
    outer loop
      vertex  3.487221e+002  5.416025e+003  2.548775e+001
      vertex  2.197579e+002  3.249615e+003  3.033886e+001
      vertex  2.234926e+002  3.249615e+003  3.259409e+001
    endloop
  endfacet
  facet normal -4.894857e-001  3.115333e-002  8.714547e-001
    outer loop
      vertex  3.487221e+002  5.416025e+003  2.548775e+001
      vertex  2.234926e+002  3.249615e+003  3.259409e+001
      vertex  3.516376e+002  5.416025e+003  2.712536e+001
    endloop
  endfacet
  facet normal -4.836848e-001  3.081839e-002  8.746995e-001
    outer loop
      vertex  3.516376e+002  5.416025e+003  2.712536e+001
      vertex  2.234926e+002  3.249615e+003  3.259409e+001
      vertex  2.272551e+002  3.249615e+003  3.467462e+001
    endloop
  endfacet
  facet normal -4.584422e-001  2.941629e-002  8.882372e-001
    outer loop
      vertex  3.516376e+002  5.416025e+003  2.712536e+001
      vertex  2.272551e+002  3.249615e+003  3.467462e+001
      vertex  3.552568e+002  5.416025e+003  2.899333e+001
    endloop
  endfacet
  facet normal -4.572254e-001  2.934605e-002  8.888666e-001
    outer loop
      vertex  3.552568e+002  5.416025e+003  2.899333e+001
      vertex  2.272551e+002  3.249615e+003  3.467462e+001
      vertex  2.304841e+002  3.249615e+003  3.633561e+001
    endloop
  endfacet
  facet normal -4.364595e-001  2.818534e-002  8.992822e-001
    outer loop
      vertex  3.552568e+002  5.416025e+003  2.899333e+001
      vertex  2.304841e+002  3.249615e+003  3.633561e+001
      vertex  2.337768e+002  3.249615e+003  3.793367e+001
    endloop
  endfacet
  facet normal -4.076284e-001  2.659732e-002  9.127605e-001
    outer loop
      vertex  3.589841e+002  5.416025e+003  3.077176e+001
      vertex  2.376832e+002  3.249615e+003  3.972813e+001
      vertex  3.628218e+002  5.416025e+003  3.248565e+001
    endloop
  endfacet
  facet normal -3.994945e-001  2.613952e-002  9.163628e-001
    outer loop
      vertex  3.628218e+002  5.416025e+003  3.248565e+001
      vertex  2.376832e+002  3.249615e+003  3.972813e+001
      vertex  2.416802e+002  3.249615e+003  4.147063e+001
    endloop
  endfacet
  facet normal -3.880498e-001  2.551997e-002  9.212850e-001
    outer loop
      vertex  3.628218e+002  5.416025e+003  3.248565e+001
      vertex  2.416802e+002  3.249615e+003  4.147063e+001
      vertex  3.667523e+002  5.416025e+003  3.414117e+001
    endloop
  endfacet
  facet normal -3.773701e-001  2.491843e-002  9.257272e-001
    outer loop
      vertex  3.667523e+002  5.416025e+003  3.414117e+001
      vertex  2.416802e+002  3.249615e+003  4.147063e+001
      vertex  2.493144e+002  3.249615e+003  4.458269e+001
    endloop
  endfacet
  facet normal -3.700848e-001  2.453771e-002  9.286739e-001
    outer loop
      vertex  3.667523e+002  5.416025e+003  3.414117e+001
      vertex  2.493144e+002  3.249615e+003  4.458269e+001
      vertex  3.707461e+002  5.416025e+003  3.573277e+001
    endloop
  endfacet
  facet normal -3.317262e-001  2.248007e-002  9.431078e-001
    outer loop
      vertex  3.747715e+002  5.416025e+003  3.725021e+001
      vertex  2.570844e+002  3.249615e+003  4.749418e+001
      vertex  3.805653e+002  5.416025e+003  3.928812e+001
    endloop
  endfacet
  facet normal -3.254516e-001  2.213074e-002  9.452997e-001
    outer loop
      vertex  3.805653e+002  5.416025e+003  3.928812e+001
      vertex  2.570844e+002  3.249615e+003  4.749418e+001
      vertex  2.645508e+002  3.249615e+003  5.006477e+001
    endloop
  endfacet
  facet normal -3.084708e-001  2.124973e-002  9.509965e-001
    outer loop
      vertex  3.805653e+002  5.416025e+003  3.928812e+001
      vertex  2.645508e+002  3.249615e+003  5.006477e+001
      vertex  3.863374e+002  5.416025e+003  4.116040e+001
    endloop
  endfacet
  facet normal -3.021423e-001  2.090234e-002  9.530336e-001
    outer loop
      vertex  3.863374e+002  5.416025e+003  4.116040e+001
      vertex  2.645508e+002  3.249615e+003  5.006477e+001
      vertex  2.719880e+002  3.249615e+003  5.242258e+001
    endloop
  endfacet
  facet normal -2.883347e-001  2.019580e-002  9.573166e-001
    outer loop
      vertex  3.863374e+002  5.416025e+003  4.116040e+001
      vertex  2.719880e+002  3.249615e+003  5.242258e+001
      vertex  3.920940e+002  5.416025e+003  4.289422e+001
    endloop
  endfacet
  facet normal -2.819656e-001  1.985107e-002  9.592192e-001
    outer loop
      vertex  3.920940e+002  5.416025e+003  4.289422e+001
      vertex  2.719880e+002  3.249615e+003  5.242258e+001
      vertex  2.794039e+002  3.249615e+003  5.460251e+001
    endloop
  endfacet
  facet normal -2.722268e-001  1.935972e-002  9.620383e-001
    outer loop
      vertex  3.920940e+002  5.416025e+003  4.289422e+001
      vertex  2.794039e+002  3.249615e+003  5.460251e+001
      vertex  3.978617e+002  5.416025e+003  4.452631e+001
    endloop
  endfacet
  facet normal -2.658260e-001  1.901808e-002  9.638334e-001
    outer loop
      vertex  3.978617e+002  5.416025e+003  4.452631e+001
      vertex  2.794039e+002  3.249615e+003  5.460251e+001
      vertex  2.868333e+002  3.249615e+003  5.665155e+001
    endloop
  endfacet
  facet normal -2.597722e-001  1.871708e-002  9.654885e-001
    outer loop
      vertex  3.978617e+002  5.416025e+003  4.452631e+001
      vertex  2.868333e+002  3.249615e+003  5.665155e+001
      vertex  4.035650e+002  5.416025e+003  4.606083e+001
    endloop
  endfacet
  facet normal -2.533489e-001  1.837935e-002  9.672003e-001
    outer loop
      vertex  4.035650e+002  5.416025e+003  4.606083e+001
      vertex  2.868333e+002  3.249615e+003  5.665155e+001
      vertex  2.941791e+002  3.249615e+003  5.857570e+001
    endloop
  endfacet
  facet normal -2.492681e-001  1.817944e-002  9.682639e-001
    outer loop
      vertex  4.035650e+002  5.416025e+003  4.606083e+001
      vertex  2.941791e+002  3.249615e+003  5.857570e+001
      vertex  4.093146e+002  5.416025e+003  4.754099e+001
    endloop
  endfacet
  facet normal -2.428257e-001  1.784542e-002  9.699057e-001
    outer loop
      vertex  4.093146e+002  5.416025e+003  4.754099e+001
      vertex  2.941791e+002  3.249615e+003  5.857570e+001
      vertex  3.015839e+002  3.249615e+003  6.042957e+001
    endloop
  endfacet
  facet normal -2.390467e-001  1.766310e-002  9.708474e-001
    outer loop
      vertex  4.093146e+002  5.416025e+003  4.754099e+001
      vertex  3.015839e+002  3.249615e+003  6.042957e+001
      vertex  4.151066e+002  5.416025e+003  4.896713e+001
    endloop
  endfacet
  facet normal -2.325878e-001  1.733297e-002  9.724210e-001
    outer loop
      vertex  4.151066e+002  5.416025e+003  4.896713e+001
      vertex  3.015839e+002  3.249615e+003  6.042957e+001
      vertex  3.090428e+002  3.249615e+003  6.221362e+001
    endloop
  endfacet
  facet normal -2.281951e-001  1.712430e-002  9.734649e-001
    outer loop
      vertex  4.151066e+002  5.416025e+003  4.896713e+001
      vertex  3.090428e+002  3.249615e+003  6.221362e+001
      vertex  4.209295e+002  5.416025e+003  5.033210e+001
    endloop
  endfacet
  facet normal -2.217176e-001  1.679799e-002  9.749662e-001
    outer loop
      vertex  4.209295e+002  5.416025e+003  5.033210e+001
      vertex  3.090428e+002  3.249615e+003  6.221362e+001
      vertex  3.165408e+002  3.249615e+003  6.391875e+001
    endloop
  endfacet
  facet normal -2.145984e-001  1.646497e-002  9.765636e-001
    outer loop
      vertex  4.209295e+002  5.416025e+003  5.033210e+001
      vertex  3.165408e+002  3.249615e+003  6.391875e+001
      vertex  4.285967e+002  5.416025e+003  5.201696e+001
    endloop
  endfacet
  facet normal -2.081018e-001  1.613669e-002  9.779740e-001
    outer loop
      vertex  4.285967e+002  5.416025e+003  5.201696e+001
      vertex  3.165408e+002  3.249615e+003  6.391875e+001
      vertex  3.264128e+002  3.249615e+003  6.601941e+001
    endloop
  endfacet
  facet normal -1.985542e-001  1.569922e-002  9.799641e-001
    outer loop
      vertex  4.285967e+002  5.416025e+003  5.201696e+001
      vertex  3.264128e+002  3.249615e+003  6.601941e+001
      vertex  4.362745e+002  5.416025e+003  5.357258e+001
    endloop
  endfacet
  facet normal -1.920353e-001  1.537612e-002  9.812676e-001
    outer loop
      vertex  4.362745e+002  5.416025e+003  5.357258e+001
      vertex  3.264128e+002  3.249615e+003  6.601941e+001
      vertex  3.362973e+002  3.249615e+003  6.795380e+001
    endloop
  endfacet
  facet normal -1.827991e-001  1.496163e-002  9.830365e-001
    outer loop
      vertex  4.362745e+002  5.416025e+003  5.357258e+001
      vertex  3.362973e+002  3.249615e+003  6.795380e+001
      vertex  4.439536e+002  5.416025e+003  5.500053e+001
    endloop
  endfacet
  facet normal -1.762595e-001  1.464382e-002  9.842348e-001
    outer loop
      vertex  4.439536e+002  5.416025e+003  5.500053e+001
      vertex  3.362973e+002  3.249615e+003  6.795380e+001
      vertex  3.461823e+002  3.249615e+003  6.972404e+001
    endloop
  endfacet
  facet normal -1.699305e-001  1.436577e-002  9.853513e-001
    outer loop
      vertex  4.439536e+002  5.416025e+003  5.500053e+001
      vertex  3.461823e+002  3.249615e+003  6.972404e+001
      vertex  4.496327e+002  5.416025e+003  5.597993e+001
    endloop
  endfacet
  facet normal -1.633030e-001  1.405643e-002  9.864758e-001
    outer loop
      vertex  4.496327e+002  5.416025e+003  5.597993e+001
      vertex  3.461823e+002  3.249615e+003  6.972404e+001
      vertex  3.535957e+002  3.249615e+003  7.095127e+001
    endloop
  endfacet
  facet normal -1.599345e-001  1.391093e-002  9.870297e-001
    outer loop
      vertex  4.496327e+002  5.416025e+003  5.597993e+001
      vertex  3.535957e+002  3.249615e+003  7.095127e+001
      vertex  4.553137e+002  5.416025e+003  5.690046e+001
    endloop
  endfacet
  facet normal -1.531695e-001  1.360028e-002  9.881063e-001
    outer loop
      vertex  4.553137e+002  5.416025e+003  5.690046e+001
      vertex  3.535957e+002  3.249615e+003  7.095127e+001
      vertex  3.610111e+002  3.249615e+003  7.210076e+001
    endloop
  endfacet
  facet normal -1.507927e-001  1.349940e-002  9.884732e-001
    outer loop
      vertex  4.553137e+002  5.416025e+003  5.690046e+001
      vertex  3.610111e+002  3.249615e+003  7.210076e+001
      vertex  4.611602e+002  5.416025e+003  5.779236e+001
    endloop
  endfacet
  facet normal -1.425323e-001  1.312566e-002  9.897031e-001
    outer loop
      vertex  4.611602e+002  5.416025e+003  5.779236e+001
      vertex  3.610111e+002  3.249615e+003  7.210076e+001
      vertex  4.670145e+002  5.416025e+003  5.863547e+001
    endloop
  endfacet
  facet normal -1.399652e-001  1.300233e-002  9.900711e-001
    outer loop
      vertex  4.670145e+002  5.416025e+003  5.863547e+001
      vertex  3.610111e+002  3.249615e+003  7.210076e+001
      vertex  3.758625e+002  3.249615e+003  7.420028e+001
    endloop
  endfacet
  facet normal -1.319520e-001  1.267311e-002  9.911751e-001
    outer loop
      vertex  4.670145e+002  5.416025e+003  5.863547e+001
      vertex  3.758625e+002  3.249615e+003  7.420028e+001
      vertex  4.784716e+002  5.416025e+003  6.016071e+001
    endloop
  endfacet
  facet normal -1.253601e-001  1.236646e-002  9.920342e-001
    outer loop
      vertex  4.784716e+002  5.416025e+003  6.016071e+001
      vertex  3.758625e+002  3.249615e+003  7.420028e+001
      vertex  3.906056e+002  3.249615e+003  7.606332e+001
    endloop
  endfacet
  facet normal -1.195178e-001  1.213482e-002  9.927579e-001
    outer loop
      vertex  4.784716e+002  5.416025e+003  6.016071e+001
      vertex  3.906056e+002  3.249615e+003  7.606332e+001
      vertex  4.899703e+002  5.416025e+003  6.154503e+001
    endloop
  endfacet
  facet normal -1.129141e-001  1.183713e-002  9.935342e-001
    outer loop
      vertex  4.899703e+002  5.416025e+003  6.154503e+001
      vertex  3.906056e+002  3.249615e+003  7.606332e+001
      vertex  4.054012e+002  3.249615e+003  7.774482e+001
    endloop
  endfacet
  facet normal -1.077254e-001  1.163891e-002  9.941126e-001
    outer loop
      vertex  4.899703e+002  5.416025e+003  6.154503e+001
      vertex  4.054012e+002  3.249615e+003  7.774482e+001
      vertex  5.015023e+002  5.416025e+003  6.279468e+001
    endloop
  endfacet
  facet normal -1.011138e-001  1.135043e-002  9.948101e-001
    outer loop
      vertex  5.015023e+002  5.416025e+003  6.279468e+001
      vertex  4.054012e+002  3.249615e+003  7.774482e+001
      vertex  4.202383e+002  3.249615e+003  7.925288e+001
    endloop
  endfacet
  facet normal -9.578890e-002  1.115471e-002  9.953392e-001
    outer loop
      vertex  5.015023e+002  5.416025e+003  6.279468e+001
      vertex  4.202383e+002  3.249615e+003  7.925288e+001
      vertex  5.130532e+002  5.416025e+003  6.390631e+001
    endloop
  endfacet
  facet normal -8.916905e-002  1.087548e-002  9.959571e-001
    outer loop
      vertex  5.130532e+002  5.416025e+003  6.390631e+001
      vertex  4.202383e+002  3.249615e+003  7.925288e+001
      vertex  4.350986e+002  3.249615e+003  8.058334e+001
    endloop
  endfacet
  facet normal -8.365076e-002  1.068061e-002  9.964379e-001
    outer loop
      vertex  5.130532e+002  5.416025e+003  6.390631e+001
      vertex  4.350986e+002  3.249615e+003  8.058334e+001
      vertex  5.245525e+002  5.416025e+003  6.487167e+001
    endloop
  endfacet
  facet normal -7.702369e-002  1.041087e-002  9.969749e-001
    outer loop
      vertex  5.245525e+002  5.416025e+003  6.487167e+001
      vertex  4.350986e+002  3.249615e+003  8.058334e+001
      vertex  4.498913e+002  3.249615e+003  8.172619e+001
    endloop
  endfacet
  facet normal -7.174514e-002  1.023203e-002  9.973706e-001
    outer loop
      vertex  5.245525e+002  5.416025e+003  6.487167e+001
      vertex  4.498913e+002  3.249615e+003  8.172619e+001
      vertex  5.360524e+002  5.416025e+003  6.569891e+001
    endloop
  endfacet
  facet normal -6.511272e-002  9.971635e-003  9.978280e-001
    outer loop
      vertex  5.360524e+002  5.416025e+003  6.569891e+001
      vertex  4.498913e+002  3.249615e+003  8.172619e+001
      vertex  4.646836e+002  3.249615e+003  8.269145e+001
    endloop
  endfacet
  facet normal -6.046674e-002  9.820886e-003  9.981220e-001
    outer loop
      vertex  5.360524e+002  5.416025e+003  6.569891e+001
      vertex  4.646836e+002  3.249615e+003  8.269145e+001
      vertex  5.475532e+002  5.416025e+003  6.639564e+001
    endloop
  endfacet
  facet normal -5.382878e-002  9.569847e-003  9.985044e-001
    outer loop
      vertex  5.475532e+002  5.416025e+003  6.639564e+001
      vertex  4.646836e+002  3.249615e+003  8.269145e+001
      vertex  4.794760e+002  3.249615e+003  8.348890e+001
    endloop
  endfacet
  facet normal -5.000448e-002  9.451249e-003  9.987042e-001
    outer loop
      vertex  5.475532e+002  5.416025e+003  6.639564e+001
      vertex  4.794760e+002  3.249615e+003  8.348890e+001
      vertex  5.590581e+002  5.416025e+003  6.697168e+001
    endloop
  endfacet
  facet normal -4.336258e-002  9.209646e-003  9.990169e-001
    outer loop
      vertex  5.590581e+002  5.416025e+003  6.697168e+001
      vertex  4.794760e+002  3.249615e+003  8.348890e+001
      vertex  4.942726e+002  3.249615e+003  8.413115e+001
    endloop
  endfacet
  facet normal -4.029686e-002  9.118990e-003  9.991461e-001
    outer loop
      vertex  5.590581e+002  5.416025e+003  6.697168e+001
      vertex  4.942726e+002  3.249615e+003  8.413115e+001
      vertex  5.705419e+002  5.416025e+003  6.743484e+001
    endloop
  endfacet
  facet normal -3.365368e-002  8.887026e-003  9.993940e-001
    outer loop
      vertex  5.705419e+002  5.416025e+003  6.743484e+001
      vertex  4.942726e+002  3.249615e+003  8.413115e+001
      vertex  5.090410e+002  3.249615e+003  8.462846e+001
    endloop
  endfacet
  facet normal -3.108604e-002  8.814798e-003  9.994778e-001
    outer loop
      vertex  5.705419e+002  5.416025e+003  6.743484e+001
      vertex  5.090410e+002  3.249615e+003  8.462846e+001
      vertex  5.820338e+002  5.416025e+003  6.779226e+001
    endloop
  endfacet
  facet normal -2.443933e-002  8.592302e-003  9.996644e-001
    outer loop
      vertex  5.820338e+002  5.416025e+003  6.779226e+001
      vertex  5.090410e+002  3.249615e+003  8.462846e+001
      vertex  5.238189e+002  3.249615e+003  8.498975e+001
    endloop
  endfacet
  facet normal -2.211587e-002  8.530299e-003  9.997190e-001
    outer loop
      vertex  5.820338e+002  5.416025e+003  6.779226e+001
      vertex  5.238189e+002  3.249615e+003  8.498975e+001
      vertex  5.935323e+002  5.416025e+003  6.804663e+001
    endloop
  endfacet
  facet normal -1.546833e-002  8.317378e-003  9.998457e-001
    outer loop
      vertex  5.935323e+002  5.416025e+003  6.804663e+001
      vertex  5.238189e+002  3.249615e+003  8.498975e+001
      vertex  5.386046e+002  3.249615e+003  8.521849e+001
    endloop
  endfacet
  facet normal -1.325783e-002  8.261588e-003  9.998780e-001
    outer loop
      vertex  5.935323e+002  5.416025e+003  6.804663e+001
      vertex  5.386046e+002  3.249615e+003  8.521849e+001
      vertex  6.050350e+002  5.416025e+003  6.819915e+001
    endloop
  endfacet
  facet normal -6.609647e-003  8.058261e-003  9.999456e-001
    outer loop
      vertex  6.050350e+002  5.416025e+003  6.819915e+001
      vertex  5.386046e+002  3.249615e+003  8.521849e+001
      vertex  5.533947e+002  3.249615e+003  8.531625e+001
    endloop
  endfacet
  facet normal -5.944593e-003  8.042443e-003  9.999500e-001
    outer loop
      vertex  6.050350e+002  5.416025e+003  6.819915e+001
      vertex  5.533947e+002  3.249615e+003  8.531625e+001
      vertex  6.126979e+002  5.416025e+003  6.824471e+001
    endloop
  endfacet
  facet normal  3.591077e-003  7.781519e-003  9.999633e-001
    outer loop
      vertex  6.126979e+002  5.416025e+003  6.824471e+001
      vertex  5.533947e+002  3.249615e+003  8.531625e+001
      vertex  5.730991e+002  3.249615e+003  8.524549e+001
    endloop
  endfacet
  facet normal -1.712440e-004  7.850335e-003  9.999691e-001
    outer loop
      vertex  6.126979e+002  5.416025e+003  6.824471e+001
      vertex  5.730991e+002  3.249615e+003  8.524549e+001
      vertex  6.203607e+002  5.416025e+003  6.824602e+001
    endloop
  endfacet
  facet normal  8.288858e-003  7.665514e-003  9.999362e-001
    outer loop
      vertex  6.203607e+002  5.416025e+003  6.824602e+001
      vertex  5.730991e+002  3.249615e+003  8.524549e+001
      vertex  6.356841e+002  5.416025e+003  6.811900e+001
    endloop
  endfacet
  facet normal  1.493719e-002  7.472853e-003  9.998605e-001
    outer loop
      vertex  6.356841e+002  5.416025e+003  6.811900e+001
      vertex  5.730991e+002  3.249615e+003  8.524549e+001
      vertex  5.927991e+002  3.249615e+003  8.495119e+001
    endloop
  endfacet
  facet normal  1.912139e-002  7.389476e-003  9.997900e-001
    outer loop
      vertex  6.356841e+002  5.416025e+003  6.811900e+001
      vertex  5.927991e+002  3.249615e+003  8.495119e+001
      vertex  6.510024e+002  5.416025e+003  6.782603e+001
    endloop
  endfacet
  facet normal  2.576851e-002  7.209723e-003  9.996419e-001
    outer loop
      vertex  6.510024e+002  5.416025e+003  6.782603e+001
      vertex  5.927991e+002  3.249615e+003  8.495119e+001
      vertex  6.124911e+002  3.249615e+003  8.444357e+001
    endloop
  endfacet
  facet normal  2.929330e-002  7.146323e-003  9.995453e-001
    outer loop
      vertex  6.510024e+002  5.416025e+003  6.782603e+001
      vertex  6.124911e+002  3.249615e+003  8.444357e+001
      vertex  6.663143e+002  5.416025e+003  6.737729e+001
    endloop
  endfacet
  facet normal  3.593837e-002  6.979531e-003  9.993296e-001
    outer loop
      vertex  6.663143e+002  5.416025e+003  6.737729e+001
      vertex  6.124911e+002  3.249615e+003  8.444357e+001
      vertex  6.321734e+002  3.249615e+003  8.373575e+001
    endloop
  endfacet
  facet normal  3.871061e-002  6.935064e-003  9.992265e-001
    outer loop
      vertex  6.663143e+002  5.416025e+003  6.737729e+001
      vertex  6.321734e+002  3.249615e+003  8.373575e+001
      vertex  6.816195e+002  5.416025e+003  6.678436e+001
    endloop
  endfacet
  facet normal  4.535386e-002  6.781260e-003  9.989480e-001
    outer loop
      vertex  6.816195e+002  5.416025e+003  6.678436e+001
      vertex  6.321734e+002  3.249615e+003  8.373575e+001
      vertex  6.518459e+002  3.249615e+003  8.284258e+001
    endloop
  endfacet
  facet normal  4.733407e-002  6.753366e-003  9.988563e-001
    outer loop
      vertex  6.816195e+002  5.416025e+003  6.678436e+001
      vertex  6.518459e+002  3.249615e+003  8.284258e+001
      vertex  6.969185e+002  5.416025e+003  6.605936e+001
    endloop
  endfacet
  facet normal  5.397445e-002  6.612609e-003  9.985204e-001
    outer loop
      vertex  6.969185e+002  5.416025e+003  6.605936e+001
      vertex  6.518459e+002  3.249615e+003  8.284258e+001
      vertex  6.715094e+002  3.249615e+003  8.177969e+001
    endloop
  endfacet
  facet normal  5.518505e-002  6.597931e-003  9.984543e-001
    outer loop
      vertex  6.969185e+002  5.416025e+003  6.605936e+001
      vertex  6.715094e+002  3.249615e+003  8.177969e+001
      vertex  7.122352e+002  5.416025e+003  6.521280e+001
    endloop
  endfacet
  facet normal  6.071476e-002  6.491531e-003  9.981341e-001
    outer loop
      vertex  7.122352e+002  5.416025e+003  6.521280e+001
      vertex  6.715094e+002  3.249615e+003  8.177969e+001
      vertex  6.853284e+002  3.249615e+003  8.093910e+001
    endloop
  endfacet
  facet normal  6.232446e-002  6.470817e-003  9.980349e-001
    outer loop
      vertex  7.122352e+002  5.416025e+003  6.521280e+001
      vertex  6.853284e+002  3.249615e+003  8.093910e+001
      vertex  7.275466e+002  5.416025e+003  6.425665e+001
    endloop
  endfacet
  facet normal  6.586681e-002  6.400038e-003  9.978079e-001
    outer loop
      vertex  7.275466e+002  5.416025e+003  6.425665e+001
      vertex  6.853284e+002  3.249615e+003  8.093910e+001
      vertex  6.991434e+002  3.249615e+003  8.002715e+001
    endloop
  endfacet
  facet normal  7.100073e-002  6.330167e-003  9.974562e-001
    outer loop
      vertex  7.275466e+002  5.416025e+003  6.425665e+001
      vertex  6.991434e+002  3.249615e+003  8.002715e+001
      vertex  7.148450e+002  3.249615e+003  7.890948e+001
    endloop
  endfacet
  facet normal  7.609306e-002  6.297773e-003  9.970808e-001
    outer loop
      vertex  7.148450e+002  3.249615e+003  7.890948e+001
      vertex  7.305416e+002  3.249615e+003  7.771159e+001
      vertex  7.275466e+002  5.416025e+003  6.425665e+001
    endloop
  endfacet
  facet normal  6.882921e-002  6.291009e-003  9.976087e-001
    outer loop
      vertex  7.275466e+002  5.416025e+003  6.425665e+001
      vertex  7.305416e+002  3.249615e+003  7.771159e+001
      vertex  7.428525e+002  5.416025e+003  6.320063e+001
    endloop
  endfacet
  facet normal  9.173103e-002  6.037110e-003  9.957656e-001
    outer loop
      vertex  7.887346e+002  5.416025e+003  5.950863e+001
      vertex  7.894997e+002  3.249615e+003  7.257262e+001
      vertex  8.117050e+002  5.416025e+003  5.739257e+001
    endloop
  endfacet
  facet normal  9.834971e-002  5.964844e-003  9.951340e-001
    outer loop
      vertex  8.117050e+002  5.416025e+003  5.739257e+001
      vertex  7.894997e+002  3.249615e+003  7.257262e+001
      vertex  8.190142e+002  3.249615e+003  6.965568e+001
    endloop
  endfacet
  facet normal  9.909017e-002  5.966927e-003  9.950606e-001
    outer loop
      vertex  8.117050e+002  5.416025e+003  5.739257e+001
      vertex  8.190142e+002  3.249615e+003  6.965568e+001
      vertex  8.346577e+002  5.416025e+003  5.510689e+001
    endloop
  endfacet
  facet normal  1.057042e-001  5.914597e-003  9.943800e-001
    outer loop
      vertex  8.346577e+002  5.416025e+003  5.510689e+001
      vertex  8.190142e+002  3.249615e+003  6.965568e+001
      vertex  8.485046e+002  3.249615e+003  6.652080e+001
    endloop
  endfacet
  facet normal  1.046552e-001  5.908477e-003  9.944910e-001
    outer loop
      vertex  8.346577e+002  5.416025e+003  5.510689e+001
      vertex  8.485046e+002  3.249615e+003  6.652080e+001
      vertex  8.461271e+002  5.416025e+003  5.389991e+001
    endloop
  endfacet
  facet normal  1.131450e-001  5.912376e-003  9.935609e-001
    outer loop
      vertex  8.461271e+002  5.416025e+003  5.389991e+001
      vertex  8.485046e+002  3.249615e+003  6.652080e+001
      vertex  8.779694e+002  3.249615e+003  6.316541e+001
    endloop
  endfacet
  facet normal  1.084174e-001  5.845144e-003  9.940882e-001
    outer loop
      vertex  8.461271e+002  5.416025e+003  5.389991e+001
      vertex  8.779694e+002  3.249615e+003  6.316541e+001
      vertex  8.575916e+002  5.416025e+003  5.264956e+001
    endloop
  endfacet
  facet normal  1.122158e-001  5.761518e-003  9.936672e-001
    outer loop
      vertex  8.690511e+002  5.416025e+003  5.135543e+001
      vertex  8.575916e+002  5.416025e+003  5.264956e+001
      vertex  9.074070e+002  3.249615e+003  5.958522e+001
    endloop
  endfacet
  facet normal  1.207275e-001  5.954041e-003  9.926678e-001
    outer loop
      vertex  9.074070e+002  3.249615e+003  5.958522e+001
      vertex  8.575916e+002  5.416025e+003  5.264956e+001
      vertex  8.779694e+002  3.249615e+003  6.316541e+001
    endloop
  endfacet
  facet normal  1.207275e-001  5.930335e-003  9.926680e-001
    outer loop
      vertex  9.074070e+002  3.249615e+003  5.958522e+001
      vertex  8.779694e+002  3.249615e+003  6.316541e+001
      vertex  9.281523e+002  9.094947e-013  7.647584e+001
    endloop
  endfacet
  facet normal  2.162122e-001  7.983986e-003  9.763138e-001
    outer loop
      vertex  1.348953e+003  3.249615e+003 -1.766796e+001
      vertex  1.224323e+003  5.416025e+003 -7.783953e+000
      vertex  1.319528e+003  3.249615e+003 -1.115166e+001
    endloop
  endfacet
  facet normal  2.097161e-001  7.696302e-003  9.777320e-001
    outer loop
      vertex  1.319528e+003  3.249615e+003 -1.115166e+001
      vertex  1.224323e+003  5.416025e+003 -7.783953e+000
      vertex  1.201404e+003  5.416025e+003 -2.867988e+000
    endloop
  endfacet
  facet normal  2.096472e-001  7.692491e-003  9.777468e-001
    outer loop
      vertex  1.319528e+003  3.249615e+003 -1.115166e+001
      vertex  1.201404e+003  5.416025e+003 -2.867988e+000
      vertex  1.290138e+003  3.249615e+003 -4.849813e+000
    endloop
  endfacet
  facet normal  2.031417e-001  7.424776e-003  9.791211e-001
    outer loop
      vertex  1.290138e+003  3.249615e+003 -4.849813e+000
      vertex  1.201404e+003  5.416025e+003 -2.867988e+000
      vertex  1.178513e+003  5.416025e+003  1.881363e+000
    endloop
  endfacet
  facet normal  2.028836e-001  7.411310e-003  9.791747e-001
    outer loop
      vertex  1.290138e+003  3.249615e+003 -4.849813e+000
      vertex  1.178513e+003  5.416025e+003  1.881363e+000
      vertex  1.260704e+003  3.249615e+003  1.248811e+000
    endloop
  endfacet
  facet normal  1.963693e-001  7.163775e-003  9.805039e-001
    outer loop
      vertex  1.260704e+003  3.249615e+003  1.248811e+000
      vertex  1.178513e+003  5.416025e+003  1.881363e+000
      vertex  1.155589e+003  5.416025e+003  6.472431e+000
    endloop
  endfacet
  facet normal  1.960160e-001  7.146461e-003  9.805747e-001
    outer loop
      vertex  1.260704e+003  3.249615e+003  1.248811e+000
      vertex  1.155589e+003  5.416025e+003  6.472431e+000
      vertex  1.231334e+003  3.249615e+003  7.119772e+000
    endloop
  endfacet
  facet normal  1.894915e-001  6.918723e-003  9.818580e-001
    outer loop
      vertex  1.231334e+003  3.249615e+003  7.119772e+000
      vertex  1.155589e+003  5.416025e+003  6.472431e+000
      vertex  1.132716e+003  5.416025e+003  1.088676e+001
    endloop
  endfacet
  facet normal  1.892973e-001  6.909820e-003  9.818954e-001
    outer loop
      vertex  1.231334e+003  3.249615e+003  7.119772e+000
      vertex  1.132716e+003  5.416025e+003  1.088676e+001
      vertex  1.201925e+003  3.249615e+003  1.278955e+001
    endloop
  endfacet
  facet normal  1.827651e-001  6.702227e-003  9.831338e-001
    outer loop
      vertex  1.201925e+003  3.249615e+003  1.278955e+001
      vertex  1.132716e+003  5.416025e+003  1.088676e+001
      vertex  1.109813e+003  5.416025e+003  1.514441e+001
    endloop
  endfacet
  facet normal  1.829245e-001  6.709035e-003  9.831041e-001
    outer loop
      vertex  1.201925e+003  3.249615e+003  1.278955e+001
      vertex  1.109813e+003  5.416025e+003  1.514441e+001
      vertex  1.172479e+003  3.249615e+003  1.826843e+001
    endloop
  endfacet
  facet normal  1.763845e-001  6.521580e-003  9.842997e-001
    outer loop
      vertex  1.172479e+003  3.249615e+003  1.826843e+001
      vertex  1.109813e+003  5.416025e+003  1.514441e+001
      vertex  1.086883e+003  5.416025e+003  1.925341e+001
    endloop
  endfacet
  facet normal  1.769692e-001  6.544727e-003  9.841947e-001
    outer loop
      vertex  1.172479e+003  3.249615e+003  1.826843e+001
      vertex  1.086883e+003  5.416025e+003  1.925341e+001
      vertex  1.143001e+003  3.249615e+003  2.356891e+001
    endloop
  endfacet
  facet normal  1.704214e-001  6.377415e-003  9.853507e-001
    outer loop
      vertex  1.143001e+003  3.249615e+003  2.356891e+001
      vertex  1.086883e+003  5.416025e+003  1.925341e+001
      vertex  1.063928e+003  5.416025e+003  2.322348e+001
    endloop
  endfacet
  facet normal  1.713782e-001  6.412313e-003  9.851846e-001
    outer loop
      vertex  1.143001e+003  3.249615e+003  2.356891e+001
      vertex  1.063928e+003  5.416025e+003  2.322348e+001
      vertex  1.113601e+003  3.249615e+003  2.868324e+001
    endloop
  endfacet
  facet normal  1.648236e-001  6.264844e-003  9.863032e-001
    outer loop
      vertex  1.113601e+003  3.249615e+003  2.868324e+001
      vertex  1.063928e+003  5.416025e+003  2.322348e+001
      vertex  1.041036e+003  5.416025e+003  2.704918e+001
    endloop
  endfacet
  facet normal  1.659799e-001  6.303429e-003  9.861090e-001
    outer loop
      vertex  1.113601e+003  3.249615e+003  2.868324e+001
      vertex  1.041036e+003  5.416025e+003  2.704918e+001
      vertex  1.084173e+003  3.249615e+003  3.363648e+001
    endloop
  endfacet
  facet normal  1.594201e-001  6.176102e-003  9.871914e-001
    outer loop
      vertex  1.084173e+003  3.249615e+003  3.363648e+001
      vertex  1.041036e+003  5.416025e+003  2.704918e+001
      vertex  1.018122e+003  5.416025e+003  3.074944e+001
    endloop
  endfacet
  facet normal  1.605765e-001  6.211107e-003  9.870039e-001
    outer loop
      vertex  1.084173e+003  3.249615e+003  3.363648e+001
      vertex  1.018122e+003  5.416025e+003  3.074944e+001
      vertex  1.054719e+003  3.249615e+003  3.842849e+001
    endloop
  endfacet
  facet normal  1.540102e-001  6.103895e-003  9.880504e-001
    outer loop
      vertex  1.054719e+003  3.249615e+003  3.842849e+001
      vertex  1.018122e+003  5.416025e+003  3.074944e+001
      vertex  9.951885e+002  5.416025e+003  3.432416e+001
    endloop
  endfacet
  facet normal  1.549860e-001  6.130419e-003  9.878977e-001
    outer loop
      vertex  1.054719e+003  3.249615e+003  3.842849e+001
      vertex  9.951885e+002  5.416025e+003  3.432416e+001
      vertex  1.025237e+003  3.249615e+003  4.305376e+001
    endloop
  endfacet
  facet normal  1.484142e-001  6.043334e-003  9.889067e-001
    outer loop
      vertex  1.025237e+003  3.249615e+003  4.305376e+001
      vertex  9.951885e+002  5.416025e+003  3.432416e+001
      vertex  9.722346e+002  5.416025e+003  3.776905e+001
    endloop
  endfacet
  facet normal  1.490505e-001  6.058668e-003  9.888111e-001
    outer loop
      vertex  1.025237e+003  3.249615e+003  4.305376e+001
      vertex  9.722346e+002  5.416025e+003  3.776905e+001
      vertex  9.958215e+002  3.249615e+003  4.748771e+001
    endloop
  endfacet
  facet normal  1.424731e-001  5.991405e-003  9.897805e-001
    outer loop
      vertex  9.958215e+002  3.249615e+003  4.748771e+001
      vertex  9.722346e+002  5.416025e+003  3.776905e+001
      vertex  9.493337e+002  5.416025e+003  4.106550e+001
    endloop
  endfacet
  facet normal  1.426398e-001  5.994911e-003  9.897565e-001
    outer loop
      vertex  9.958215e+002  3.249615e+003  4.748771e+001
      vertex  9.493337e+002  5.416025e+003  4.106550e+001
      vertex  9.663784e+002  3.249615e+003  5.173094e+001
    endloop
  endfacet
  facet normal  1.360556e-001  5.947671e-003  9.906834e-001
    outer loop
      vertex  9.663784e+002  3.249615e+003  5.173094e+001
      vertex  9.493337e+002  5.416025e+003  4.106550e+001
      vertex  9.264120e+002  5.416025e+003  4.421346e+001
    endloop
  endfacet
  facet normal  1.357063e-001  5.941394e-003  9.907313e-001
    outer loop
      vertex  9.663784e+002  3.249615e+003  5.173094e+001
      vertex  9.264120e+002  5.416025e+003  4.421346e+001
      vertex  9.369069e+002  3.249615e+003  5.576782e+001
    endloop
  endfacet
  facet normal  1.291161e-001  5.914165e-003  9.916118e-001
    outer loop
      vertex  9.369069e+002  3.249615e+003  5.576782e+001
      vertex  9.264120e+002  5.416025e+003  4.421346e+001
      vertex  9.034693e+002  5.416025e+003  4.720079e+001
    endloop
  endfacet
  facet normal  1.236216e-001  5.832129e-003  9.923124e-001
    outer loop
      vertex  9.369069e+002  3.249615e+003  5.576782e+001
      vertex  9.034693e+002  5.416025e+003  4.720079e+001
      vertex  8.919901e+002  5.416025e+003  4.863087e+001
    endloop
  endfacet
endsolid CATIA STL
